Student ID,Student Name,Degree Program,Batch,Course Section Code
"21I-0412","Syed Umar Javed","BS Computer Science","2021","AI4015 BCS-7B"
"21I-0412","Syed Umar Javed","BS Computer Science","2021","CS4001 BCS-7B"
"21I-0412","Syed Umar Javed","BS Computer Science","2021","CS4075 BCS-7A"
"21I-0412","Syed Umar Javed","BS Computer Science","2021","CS3001 BAI-5A"
"20I-0830","Salar Shoaib Abbasi","BS Computer Science","2020","AI4015 BCS-7B"
"20I-0830","Salar Shoaib Abbasi","BS Computer Science","2020","CS3001 BAI-5A"
"20I-0830","Salar Shoaib Abbasi","BS Computer Science","2020","SE3002 BSE-5A"
"21I-1149","Hamza Tariq","BS Computer Science","2021","AI4015 BCS-7B"
"21I-1149","Hamza Tariq","BS Computer Science","2021","CS4001 BCS-7B"
"21I-1149","Hamza Tariq","BS Computer Science","2021","CS4075 BCS-7A"
"21I-0592","Fatima Noor","BS Computer Science","2021","AI4015 BCS-7B"
"21I-0592","Fatima Noor","BS Computer Science","2021","CS4001 BCS-7B"
"21I-0592","Fatima Noor","BS Computer Science","2021","SE3002 BSE-5A"
"20I-0671","Bilal Ahmed Khan","BS Artificial Intelligence","2020","AI4015 BCS-7B"
"20I-0671","Bilal Ahmed Khan","BS Artificial Intelligence","2020","AI4015 BAI-7A"
"20I-0671","Bilal Ahmed Khan","BS Artificial Intelligence","2020","CS3001 BAI-5A"
"21I-0331","Ayesha Siddiqua","BS Artificial Intelligence","2021","AI4015 BAI-7A"
"21I-0331","Ayesha Siddiqua","BS Artificial Intelligence","2021","CS3001 BAI-5A"
"22I-1082","Daniyal Malik","BS Computer Science","2022","CS2001 BCS-3A"
"22I-1082","Daniyal Malik","BS Computer Science","2022","MT1004 BCS-3A"
"22I-1082","Daniyal Malik","BS Computer Science","2022","EE1005 BCS-3A"
"22I-0914","Zainab Rauf","BS Computer Science","2022","CS2001 BCS-3A"
"22I-0914","Zainab Rauf","BS Computer Science","2022","MT1004 BCS-3A"
"22I-0914","Zainab Rauf","BS Computer Science","2022","CS3004 BCS-3A"
"21I-1203","Abdullah Shah","BS Computer Science","2021","AI4015 BCS-7B"
"21I-1203","Abdullah Shah","BS Computer Science","2021","CS4001 BCS-7B"
"21I-0455","Mahnoor Akhtar","BS Software Engineering","2021","SE3002 BSE-5A"
"21I-0455","Mahnoor Akhtar","BS Software Engineering","2021","CS3001 BAI-5A"
"21I-0782","Muhammad Haris","BS Computer Science","2021","AI4015 BCS-7B"
"21I-0782","Muhammad Haris","BS Computer Science","2021","CS4075 BCS-7A"
"21I-0899","Eman Fatima","BS Artificial Intelligence","2021","AI4015 BAI-7A"
"21I-0899","Eman Fatima","BS Artificial Intelligence","2021","CS3001 BAI-5A"
"21I-0899","Eman Fatima","BS Artificial Intelligence","2021","AI4015 BCS-7B"
"20I-1432","Hassan Raza","BS Software Engineering","2020","SE3002 BSE-5A"
"20I-1432","Hassan Raza","BS Software Engineering","2020","CS3001 BAI-5A"
"21I-0128","Maryam Naveed","BS Computer Science","2021","AI4015 BCS-7B"
"21I-0128","Maryam Naveed","BS Computer Science","2021","CS4001 BCS-7B"
"21I-0664","Waleed Bin Khalid","BS Computer Science","2021","AI4015 BCS-7B"
"21I-0664","Waleed Bin Khalid","BS Computer Science","2021","CS4001 BCS-7B"
"21I-0941","Sarah Jane Khan","BS Artificial Intelligence","2021","AI4015 BAI-7A"
"21I-0941","Sarah Jane Khan","BS Artificial Intelligence","2021","CS3001 BAI-5A"
"22I-0419","Mustafa Kamal","BS Computer Science","2022","CS2001 BCS-3A"
"22I-0419","Mustafa Kamal","BS Computer Science","2022","MT1004 BCS-3A"
"22I-0555","Khadija Bano","BS Computer Science","2022","CS2001 BCS-3A"
"22I-0555","Khadija Bano","BS Computer Science","2022","MT1004 BCS-3A"
"22I-0731","Shahmeer Ali","BS Computer Science","2022","CS2001 BCS-3A"
"22I-0731","Shahmeer Ali","BS Computer Science","2022","MT1004 BCS-3A"
"22I-0812","Nimra Qureshi","BS Computer Science","2022","CS-1002 CS-A"
"22I-0812","Nimra Qureshi","BS Computer Science","2022","MT1003 BCS-1A"
"22I-0100","Talha Bhatti","Computer Science","2022","CS-1002 CS-A"
"22I-0101","Noor Tariq","Computer Science","2022","CS-1002 CS-A"
"22I-0102","Ahmed Chaudhry","Computer Science","2022","CS-1002 CS-A"
"22I-0103","Omar Qureshi","Computer Science","2022","CS-1002 CS-A"
"22I-0104","Sara Shah","Computer Science","2022","CS-1002 CS-A"
"22I-0105","Ali Akhtar","Computer Science","2022","CS-1002 CS-A"
"25I-0106","Saad Farooq","BS Computer Science","2025","MT1003 BCS-1A"
"25I-0106","Saad Farooq","BS Computer Science","2025","SS1013 BCS-1A"
"25I-0106","Saad Farooq","BS Computer Science","2025","CL1002 BCS-1A"
"25I-0106","Saad Farooq","BS Computer Science","2025","CS1002 BCS-1A"
"25I-0106","Saad Farooq","BS Computer Science","2025","SS1007 BCS-1A"
"25I-0107","Khadija Raza","BS Computer Science","2025","MT1003 BCS-1A"
"25I-0107","Khadija Raza","BS Computer Science","2025","SS1013 BCS-1A"
"25I-0107","Khadija Raza","BS Computer Science","2025","CL1002 BCS-1A"
"25I-0107","Khadija Raza","BS Computer Science","2025","CS1002 BCS-1A"
"25I-0107","Khadija Raza","BS Computer Science","2025","SS1007 BCS-1A"
"25I-0108","Usman Naveed","BS Computer Science","2025","MT1003 BCS-1A"
"25I-0108","Usman Naveed","BS Computer Science","2025","SS1013 BCS-1A"
"25I-0108","Usman Naveed","BS Computer Science","2025","CL1002 BCS-1A"
"25I-0108","Usman Naveed","BS Computer Science","2025","CS1002 BCS-1A"
"25I-0108","Usman Naveed","BS Computer Science","2025","SS1007 BCS-1A"
"25I-0109","Fatima Sheikh","BS Computer Science","2025","MT1003 BCS-1A"
"25I-0109","Fatima Sheikh","BS Computer Science","2025","SS1013 BCS-1A"
"25I-0109","Fatima Sheikh","BS Computer Science","2025","CL1002 BCS-1A"
"25I-0109","Fatima Sheikh","BS Computer Science","2025","CS1002 BCS-1A"
"25I-0109","Fatima Sheikh","BS Computer Science","2025","SS1007 BCS-1A"
"25I-0110","Hira Malik","BS Computer Science","2025","MT1003 BCS-1A"
"25I-0110","Hira Malik","BS Computer Science","2025","SS1013 BCS-1A"
"25I-0110","Hira Malik","BS Computer Science","2025","CL1002 BCS-1A"
"25I-0110","Hira Malik","BS Computer Science","2025","CS1002 BCS-1A"
"25I-0110","Hira Malik","BS Computer Science","2025","SS1007 BCS-1A"
"25I-0111","Hamza Abbasi","BS Computer Science","2025","MT1003 BCS-1A"
"25I-0111","Hamza Abbasi","BS Computer Science","2025","SS1013 BCS-1A"
"25I-0111","Hamza Abbasi","BS Computer Science","2025","CL1002 BCS-1A"
"25I-0111","Hamza Abbasi","BS Computer Science","2025","CS1002 BCS-1A"
"25I-0111","Hamza Abbasi","BS Computer Science","2025","SS1007 BCS-1A"
"25I-0112","Ayesha Hassan","Computer Science","2025","CS6062 PCS-1A"
"25I-0112","Ayesha Hassan","Computer Science","2025","CS6018 PCS-1A"
"25I-0112","Ayesha Hassan","Computer Science","2025","CS6006 PCS-1A"
"25I-0112","Ayesha Hassan","Computer Science","2025","CS6039 PCS-1A"
"25I-0112","Ayesha Hassan","Computer Science","2025","CS6035 PCS-1A"
"25I-0113","Sana Ali","Computer Science","2025","CS6062 PCS-1A"
"25I-0113","Sana Ali","Computer Science","2025","CS6018 PCS-1A"
"25I-0113","Sana Ali","Computer Science","2025","CS6006 PCS-1A"
"25I-0113","Sana Ali","Computer Science","2025","CS6039 PCS-1A"
"25I-0113","Sana Ali","Computer Science","2025","CS6035 PCS-1A"
"25I-0114","Bilal Javed","Computer Science","2025","CS6062 PCS-1A"
"25I-0114","Bilal Javed","Computer Science","2025","CS6018 PCS-1A"
"25I-0114","Bilal Javed","Computer Science","2025","CS6006 PCS-1A"
"25I-0114","Bilal Javed","Computer Science","2025","CS6039 PCS-1A"
"25I-0114","Bilal Javed","Computer Science","2025","CS6035 PCS-1A"
"25I-0115","Zainab Iqbal","Computer Science","2025","CS6062 PCS-1A"
"25I-0115","Zainab Iqbal","Computer Science","2025","CS6018 PCS-1A"
"25I-0115","Zainab Iqbal","Computer Science","2025","CS6006 PCS-1A"
"25I-0115","Zainab Iqbal","Computer Science","2025","CS6039 PCS-1A"
"25I-0115","Zainab Iqbal","Computer Science","2025","CS6035 PCS-1A"
"25I-0116","Iqra Ahmed","Computer Science","2025","CS6062 PCS-1A"
"25I-0116","Iqra Ahmed","Computer Science","2025","CS6018 PCS-1A"
"25I-0116","Iqra Ahmed","Computer Science","2025","CS6006 PCS-1A"
"25I-0116","Iqra Ahmed","Computer Science","2025","CS6039 PCS-1A"
"25I-0116","Iqra Ahmed","Computer Science","2025","CS6035 PCS-1A"
"25I-0117","Zain Mirza","Computer Science","2025","CS6062 PCS-1A"
"25I-0117","Zain Mirza","Computer Science","2025","CS6018 PCS-1A"
"25I-0117","Zain Mirza","Computer Science","2025","CS6006 PCS-1A"
"25I-0117","Zain Mirza","Computer Science","2025","CS6039 PCS-1A"
"25I-0117","Zain Mirza","Computer Science","2025","CS6035 PCS-1A"
"25I-0118","Maryam Siddiqui","BS Computer Science","2025","MT1003 BCS-1B"
"25I-0118","Maryam Siddiqui","BS Computer Science","2025","SS1007 BCS-1B"
"25I-0118","Maryam Siddiqui","BS Computer Science","2025","SS1019 BCS-1B"
"25I-0118","Maryam Siddiqui","BS Computer Science","2025","SS1012 BCS-1B"
"25I-0118","Maryam Siddiqui","BS Computer Science","2025","CL1002 BCS-1B"
"25I-0119","Muhammad Khan","BS Computer Science","2025","MT1003 BCS-1B"
"25I-0119","Muhammad Khan","BS Computer Science","2025","SS1007 BCS-1B"
"25I-0119","Muhammad Khan","BS Computer Science","2025","SS1019 BCS-1B"
"25I-0119","Muhammad Khan","BS Computer Science","2025","SS1012 BCS-1B"
"25I-0119","Muhammad Khan","BS Computer Science","2025","CL1002 BCS-1B"
"25I-0120","Talha Bhatti","BS Computer Science","2025","MT1003 BCS-1B"
"25I-0120","Talha Bhatti","BS Computer Science","2025","SS1007 BCS-1B"
"25I-0120","Talha Bhatti","BS Computer Science","2025","SS1019 BCS-1B"
"25I-0120","Talha Bhatti","BS Computer Science","2025","SS1012 BCS-1B"
"25I-0120","Talha Bhatti","BS Computer Science","2025","CL1002 BCS-1B"
"25I-0121","Noor Tariq","BS Computer Science","2025","MT1003 BCS-1B"
"25I-0121","Noor Tariq","BS Computer Science","2025","SS1007 BCS-1B"
"25I-0121","Noor Tariq","BS Computer Science","2025","SS1019 BCS-1B"
"25I-0121","Noor Tariq","BS Computer Science","2025","SS1012 BCS-1B"
"25I-0121","Noor Tariq","BS Computer Science","2025","CL1002 BCS-1B"
"25I-0122","Ahmed Chaudhry","BS Computer Science","2025","MT1003 BCS-1B"
"25I-0122","Ahmed Chaudhry","BS Computer Science","2025","SS1007 BCS-1B"
"25I-0122","Ahmed Chaudhry","BS Computer Science","2025","SS1019 BCS-1B"
"25I-0122","Ahmed Chaudhry","BS Computer Science","2025","SS1012 BCS-1B"
"25I-0122","Ahmed Chaudhry","BS Computer Science","2025","CL1002 BCS-1B"
"25I-0123","Omar Qureshi","BS Computer Science","2025","MT1003 BCS-1B"
"25I-0123","Omar Qureshi","BS Computer Science","2025","SS1007 BCS-1B"
"25I-0123","Omar Qureshi","BS Computer Science","2025","SS1019 BCS-1B"
"25I-0123","Omar Qureshi","BS Computer Science","2025","SS1012 BCS-1B"
"25I-0123","Omar Qureshi","BS Computer Science","2025","CL1002 BCS-1B"
"22I-0124","Sara Shah","Computer Science","2022","CS-1002 CS-B"
"22I-0125","Ali Akhtar","Computer Science","2022","CS-1002 CS-B"
"22I-0126","Saad Farooq","Computer Science","2022","CS-1002 CS-B"
"22I-0127","Khadija Raza","Computer Science","2022","CS-1002 CS-B"
"22I-0128","Usman Naveed","Computer Science","2022","CS-1002 CS-B"
"22I-0129","Fatima Sheikh","Computer Science","2022","CS-1002 CS-B"
"22I-0130","Hira Malik","Computer Science","2022","CS5037 MCS-2A"
"22I-0131","Hamza Abbasi","Computer Science","2022","CS5037 MCS-2A"
"22I-0132","Ayesha Hassan","Computer Science","2022","CS5037 MCS-2A"
"22I-0133","Sana Ali","Computer Science","2022","CS5037 MCS-2A"
"22I-0134","Bilal Javed","Computer Science","2022","CS5037 MCS-2A"
"22I-0135","Zainab Iqbal","Computer Science","2022","CS5037 MCS-2A"
"25I-0136","Iqra Ahmed","Computer Science","2025","CS5009 MCS-1A"
"25I-0136","Iqra Ahmed","Computer Science","2025","CS5005 MCS-1A"
"25I-0136","Iqra Ahmed","Computer Science","2025","CS5001 MCS-1A"
"25I-0136","Iqra Ahmed","Computer Science","2025","CS4002 MCS-1A"
"25I-0137","Zain Mirza","Computer Science","2025","CS5009 MCS-1A"
"25I-0137","Zain Mirza","Computer Science","2025","CS5005 MCS-1A"
"25I-0137","Zain Mirza","Computer Science","2025","CS5001 MCS-1A"
"25I-0137","Zain Mirza","Computer Science","2025","CS4002 MCS-1A"
"25I-0138","Maryam Siddiqui","Computer Science","2025","CS5009 MCS-1A"
"25I-0138","Maryam Siddiqui","Computer Science","2025","CS5005 MCS-1A"
"25I-0138","Maryam Siddiqui","Computer Science","2025","CS5001 MCS-1A"
"25I-0138","Maryam Siddiqui","Computer Science","2025","CS4002 MCS-1A"
"25I-0139","Muhammad Khan","Computer Science","2025","CS5009 MCS-1A"
"25I-0139","Muhammad Khan","Computer Science","2025","CS5005 MCS-1A"
"25I-0139","Muhammad Khan","Computer Science","2025","CS5001 MCS-1A"
"25I-0139","Muhammad Khan","Computer Science","2025","CS4002 MCS-1A"
"25I-0140","Talha Bhatti","Computer Science","2025","CS5009 MCS-1A"
"25I-0140","Talha Bhatti","Computer Science","2025","CS5005 MCS-1A"
"25I-0140","Talha Bhatti","Computer Science","2025","CS5001 MCS-1A"
"25I-0140","Talha Bhatti","Computer Science","2025","CS4002 MCS-1A"
"25I-0141","Noor Tariq","Computer Science","2025","CS5009 MCS-1A"
"25I-0141","Noor Tariq","Computer Science","2025","CS5005 MCS-1A"
"25I-0141","Noor Tariq","Computer Science","2025","CS5001 MCS-1A"
"25I-0141","Noor Tariq","Computer Science","2025","CS4002 MCS-1A"
"25I-0142","Ahmed Chaudhry","BS Computer Science","2025","MT1003 BCS-1C"
"25I-0142","Ahmed Chaudhry","BS Computer Science","2025","SS1013 BCS-1C"
"25I-0142","Ahmed Chaudhry","BS Computer Science","2025","CL1000 BCS-1C"
"25I-0142","Ahmed Chaudhry","BS Computer Science","2025","CS1002 BCS-1C"
"25I-0142","Ahmed Chaudhry","BS Computer Science","2025","SS1007 BCS-1C"
"25I-0143","Omar Qureshi","BS Computer Science","2025","MT1003 BCS-1C"
"25I-0143","Omar Qureshi","BS Computer Science","2025","SS1013 BCS-1C"
"25I-0143","Omar Qureshi","BS Computer Science","2025","CL1000 BCS-1C"
"25I-0143","Omar Qureshi","BS Computer Science","2025","CS1002 BCS-1C"
"25I-0143","Omar Qureshi","BS Computer Science","2025","SS1007 BCS-1C"
"25I-0144","Sara Shah","BS Computer Science","2025","MT1003 BCS-1C"
"25I-0144","Sara Shah","BS Computer Science","2025","SS1013 BCS-1C"
"25I-0144","Sara Shah","BS Computer Science","2025","CL1000 BCS-1C"
"25I-0144","Sara Shah","BS Computer Science","2025","CS1002 BCS-1C"
"25I-0144","Sara Shah","BS Computer Science","2025","SS1007 BCS-1C"
"25I-0145","Ali Akhtar","BS Computer Science","2025","MT1003 BCS-1C"
"25I-0145","Ali Akhtar","BS Computer Science","2025","SS1013 BCS-1C"
"25I-0145","Ali Akhtar","BS Computer Science","2025","CL1000 BCS-1C"
"25I-0145","Ali Akhtar","BS Computer Science","2025","CS1002 BCS-1C"
"25I-0145","Ali Akhtar","BS Computer Science","2025","SS1007 BCS-1C"
"25I-0146","Saad Farooq","BS Computer Science","2025","MT1003 BCS-1C"
"25I-0146","Saad Farooq","BS Computer Science","2025","SS1013 BCS-1C"
"25I-0146","Saad Farooq","BS Computer Science","2025","CL1000 BCS-1C"
"25I-0146","Saad Farooq","BS Computer Science","2025","CS1002 BCS-1C"
"25I-0146","Saad Farooq","BS Computer Science","2025","SS1007 BCS-1C"
"25I-0147","Khadija Raza","BS Computer Science","2025","MT1003 BCS-1C"
"25I-0147","Khadija Raza","BS Computer Science","2025","SS1013 BCS-1C"
"25I-0147","Khadija Raza","BS Computer Science","2025","CL1000 BCS-1C"
"25I-0147","Khadija Raza","BS Computer Science","2025","CS1002 BCS-1C"
"25I-0147","Khadija Raza","BS Computer Science","2025","SS1007 BCS-1C"
"22I-0148","Usman Naveed","Computer Science","2022","CS-1002 CS-C"
"22I-0149","Fatima Sheikh","Computer Science","2022","CS-1002 CS-C"
"22I-0150","Hira Malik","Computer Science","2022","CS-1002 CS-C"
"22I-0151","Hamza Abbasi","Computer Science","2022","CS-1002 CS-C"
"22I-0152","Ayesha Hassan","Computer Science","2022","CS-1002 CS-C"
"22I-0153","Sana Ali","Computer Science","2022","CS-1002 CS-C"
"25I-0154","Bilal Javed","Computer Science","2025","CY5004 MCY-1A"
"25I-0154","Bilal Javed","Computer Science","2025","CY5005 MCY-1A"
"25I-0154","Bilal Javed","Computer Science","2025","CS5001 MCY-1A"
"25I-0154","Bilal Javed","Computer Science","2025","CS4002 MCY-1A"
"25I-0155","Zainab Iqbal","Computer Science","2025","CY5004 MCY-1A"
"25I-0155","Zainab Iqbal","Computer Science","2025","CY5005 MCY-1A"
"25I-0155","Zainab Iqbal","Computer Science","2025","CS5001 MCY-1A"
"25I-0155","Zainab Iqbal","Computer Science","2025","CS4002 MCY-1A"
"25I-0156","Iqra Ahmed","Computer Science","2025","CY5004 MCY-1A"
"25I-0156","Iqra Ahmed","Computer Science","2025","CY5005 MCY-1A"
"25I-0156","Iqra Ahmed","Computer Science","2025","CS5001 MCY-1A"
"25I-0156","Iqra Ahmed","Computer Science","2025","CS4002 MCY-1A"
"25I-0157","Zain Mirza","Computer Science","2025","CY5004 MCY-1A"
"25I-0157","Zain Mirza","Computer Science","2025","CY5005 MCY-1A"
"25I-0157","Zain Mirza","Computer Science","2025","CS5001 MCY-1A"
"25I-0157","Zain Mirza","Computer Science","2025","CS4002 MCY-1A"
"25I-0158","Maryam Siddiqui","Computer Science","2025","CY5004 MCY-1A"
"25I-0158","Maryam Siddiqui","Computer Science","2025","CY5005 MCY-1A"
"25I-0158","Maryam Siddiqui","Computer Science","2025","CS5001 MCY-1A"
"25I-0158","Maryam Siddiqui","Computer Science","2025","CS4002 MCY-1A"
"25I-0159","Muhammad Khan","Computer Science","2025","CY5004 MCY-1A"
"25I-0159","Muhammad Khan","Computer Science","2025","CY5005 MCY-1A"
"25I-0159","Muhammad Khan","Computer Science","2025","CS5001 MCY-1A"
"25I-0159","Muhammad Khan","Computer Science","2025","CS4002 MCY-1A"
"22I-0160","Talha Bhatti","Computer Science","2022","CS-1002 CS-D"
"22I-0161","Noor Tariq","Computer Science","2022","CS-1002 CS-D"
"22I-0162","Ahmed Chaudhry","Computer Science","2022","CS-1002 CS-D"
"22I-0163","Omar Qureshi","Computer Science","2022","CS-1002 CS-D"
"22I-0164","Sara Shah","Computer Science","2022","CS-1002 CS-D"
"22I-0165","Ali Akhtar","Computer Science","2022","CS-1002 CS-D"
"25I-0166","Saad Farooq","BS Computer Science","2025","MT1003 BCS-1D"
"25I-0166","Saad Farooq","BS Computer Science","2025","SS1007 BCS-1D"
"25I-0166","Saad Farooq","BS Computer Science","2025","CL1000 BCS-1D"
"25I-0166","Saad Farooq","BS Computer Science","2025","CS1002 BCS-1D"
"25I-0166","Saad Farooq","BS Computer Science","2025","SS1019 BCS-1D"
"25I-0167","Khadija Raza","BS Computer Science","2025","MT1003 BCS-1D"
"25I-0167","Khadija Raza","BS Computer Science","2025","SS1007 BCS-1D"
"25I-0167","Khadija Raza","BS Computer Science","2025","CL1000 BCS-1D"
"25I-0167","Khadija Raza","BS Computer Science","2025","CS1002 BCS-1D"
"25I-0167","Khadija Raza","BS Computer Science","2025","SS1019 BCS-1D"
"25I-0168","Usman Naveed","BS Computer Science","2025","MT1003 BCS-1D"
"25I-0168","Usman Naveed","BS Computer Science","2025","SS1007 BCS-1D"
"25I-0168","Usman Naveed","BS Computer Science","2025","CL1000 BCS-1D"
"25I-0168","Usman Naveed","BS Computer Science","2025","CS1002 BCS-1D"
"25I-0168","Usman Naveed","BS Computer Science","2025","SS1019 BCS-1D"
"25I-0169","Fatima Sheikh","BS Computer Science","2025","MT1003 BCS-1D"
"25I-0169","Fatima Sheikh","BS Computer Science","2025","SS1007 BCS-1D"
"25I-0169","Fatima Sheikh","BS Computer Science","2025","CL1000 BCS-1D"
"25I-0169","Fatima Sheikh","BS Computer Science","2025","CS1002 BCS-1D"
"25I-0169","Fatima Sheikh","BS Computer Science","2025","SS1019 BCS-1D"
"25I-0170","Hira Malik","BS Computer Science","2025","MT1003 BCS-1D"
"25I-0170","Hira Malik","BS Computer Science","2025","SS1007 BCS-1D"
"25I-0170","Hira Malik","BS Computer Science","2025","CL1000 BCS-1D"
"25I-0170","Hira Malik","BS Computer Science","2025","CS1002 BCS-1D"
"25I-0170","Hira Malik","BS Computer Science","2025","SS1019 BCS-1D"
"25I-0171","Hamza Abbasi","BS Computer Science","2025","MT1003 BCS-1D"
"25I-0171","Hamza Abbasi","BS Computer Science","2025","SS1007 BCS-1D"
"25I-0171","Hamza Abbasi","BS Computer Science","2025","CL1000 BCS-1D"
"25I-0171","Hamza Abbasi","BS Computer Science","2025","CS1002 BCS-1D"
"25I-0171","Hamza Abbasi","BS Computer Science","2025","SS1019 BCS-1D"
"25I-0172","Ayesha Hassan","BS Computer Science","2025","SS1019 BCS-1F"
"25I-0172","Ayesha Hassan","BS Computer Science","2025","SS1012 BCS-1F"
"25I-0172","Ayesha Hassan","BS Computer Science","2025","CS1002 BCS-1F"
"25I-0172","Ayesha Hassan","BS Computer Science","2025","MT1003 BCS-1F"
"25I-0172","Ayesha Hassan","BS Computer Science","2025","SS1013 BCS-1F"
"25I-0173","Sana Ali","BS Computer Science","2025","SS1019 BCS-1F"
"25I-0173","Sana Ali","BS Computer Science","2025","SS1012 BCS-1F"
"25I-0173","Sana Ali","BS Computer Science","2025","CS1002 BCS-1F"
"25I-0173","Sana Ali","BS Computer Science","2025","MT1003 BCS-1F"
"25I-0173","Sana Ali","BS Computer Science","2025","SS1013 BCS-1F"
"25I-0174","Bilal Javed","BS Computer Science","2025","SS1019 BCS-1F"
"25I-0174","Bilal Javed","BS Computer Science","2025","SS1012 BCS-1F"
"25I-0174","Bilal Javed","BS Computer Science","2025","CS1002 BCS-1F"
"25I-0174","Bilal Javed","BS Computer Science","2025","MT1003 BCS-1F"
"25I-0174","Bilal Javed","BS Computer Science","2025","SS1013 BCS-1F"
"25I-0175","Zainab Iqbal","BS Computer Science","2025","SS1019 BCS-1F"
"25I-0175","Zainab Iqbal","BS Computer Science","2025","SS1012 BCS-1F"
"25I-0175","Zainab Iqbal","BS Computer Science","2025","CS1002 BCS-1F"
"25I-0175","Zainab Iqbal","BS Computer Science","2025","MT1003 BCS-1F"
"25I-0175","Zainab Iqbal","BS Computer Science","2025","SS1013 BCS-1F"
"25I-0176","Iqra Ahmed","BS Computer Science","2025","SS1019 BCS-1F"
"25I-0176","Iqra Ahmed","BS Computer Science","2025","SS1012 BCS-1F"
"25I-0176","Iqra Ahmed","BS Computer Science","2025","CS1002 BCS-1F"
"25I-0176","Iqra Ahmed","BS Computer Science","2025","MT1003 BCS-1F"
"25I-0176","Iqra Ahmed","BS Computer Science","2025","SS1013 BCS-1F"
"25I-0177","Zain Mirza","BS Computer Science","2025","SS1019 BCS-1F"
"25I-0177","Zain Mirza","BS Computer Science","2025","SS1012 BCS-1F"
"25I-0177","Zain Mirza","BS Computer Science","2025","CS1002 BCS-1F"
"25I-0177","Zain Mirza","BS Computer Science","2025","MT1003 BCS-1F"
"25I-0177","Zain Mirza","BS Computer Science","2025","SS1013 BCS-1F"
"22I-0178","Maryam Siddiqui","Computer Science","2022","RESERVED A"
"22I-0178","Maryam Siddiqui","Computer Science","2022"," A"
"22I-0178","Maryam Siddiqui","Computer Science","2022","TUTORIAL A"
"22I-0178","Maryam Siddiqui","Computer Science","2022","FCS A"
"22I-0178","Maryam Siddiqui","Computer Science","2022","PROJECT A"
"22I-0179","Muhammad Khan","Computer Science","2022","RESERVED A"
"22I-0179","Muhammad Khan","Computer Science","2022"," A"
"22I-0179","Muhammad Khan","Computer Science","2022","TUTORIAL A"
"22I-0179","Muhammad Khan","Computer Science","2022","FCS A"
"22I-0179","Muhammad Khan","Computer Science","2022","PROJECT A"
"22I-0180","Talha Bhatti","Computer Science","2022","RESERVED A"
"22I-0180","Talha Bhatti","Computer Science","2022"," A"
"22I-0180","Talha Bhatti","Computer Science","2022","TUTORIAL A"
"22I-0180","Talha Bhatti","Computer Science","2022","FCS A"
"22I-0180","Talha Bhatti","Computer Science","2022","PROJECT A"
"22I-0181","Noor Tariq","Computer Science","2022","RESERVED A"
"22I-0181","Noor Tariq","Computer Science","2022"," A"
"22I-0181","Noor Tariq","Computer Science","2022","TUTORIAL A"
"22I-0181","Noor Tariq","Computer Science","2022","FCS A"
"22I-0181","Noor Tariq","Computer Science","2022","PROJECT A"
"22I-0182","Ahmed Chaudhry","Computer Science","2022","RESERVED A"
"22I-0182","Ahmed Chaudhry","Computer Science","2022"," A"
"22I-0182","Ahmed Chaudhry","Computer Science","2022","TUTORIAL A"
"22I-0182","Ahmed Chaudhry","Computer Science","2022","FCS A"
"22I-0182","Ahmed Chaudhry","Computer Science","2022","PROJECT A"
"22I-0183","Omar Qureshi","Computer Science","2022","RESERVED A"
"22I-0183","Omar Qureshi","Computer Science","2022"," A"
"22I-0183","Omar Qureshi","Computer Science","2022","TUTORIAL A"
"22I-0183","Omar Qureshi","Computer Science","2022","FCS A"
"22I-0183","Omar Qureshi","Computer Science","2022","PROJECT A"
"25I-0184","Sara Shah","BS Computer Science","2025","SS1012 BCS-1G"
"25I-0184","Sara Shah","BS Computer Science","2025","MT1003 BCS-1G"
"25I-0184","Sara Shah","BS Computer Science","2025","CS1002 BCS-1G"
"25I-0184","Sara Shah","BS Computer Science","2025","SS1007 BCS-1G"
"25I-0184","Sara Shah","BS Computer Science","2025","SS1019 BCS-1G"
"25I-0185","Ali Akhtar","BS Computer Science","2025","SS1012 BCS-1G"
"25I-0185","Ali Akhtar","BS Computer Science","2025","MT1003 BCS-1G"
"25I-0185","Ali Akhtar","BS Computer Science","2025","CS1002 BCS-1G"
"25I-0185","Ali Akhtar","BS Computer Science","2025","SS1007 BCS-1G"
"25I-0185","Ali Akhtar","BS Computer Science","2025","SS1019 BCS-1G"
"25I-0186","Saad Farooq","BS Computer Science","2025","SS1012 BCS-1G"
"25I-0186","Saad Farooq","BS Computer Science","2025","MT1003 BCS-1G"
"25I-0186","Saad Farooq","BS Computer Science","2025","CS1002 BCS-1G"
"25I-0186","Saad Farooq","BS Computer Science","2025","SS1007 BCS-1G"
"25I-0186","Saad Farooq","BS Computer Science","2025","SS1019 BCS-1G"
"25I-0187","Khadija Raza","BS Computer Science","2025","SS1012 BCS-1G"
"25I-0187","Khadija Raza","BS Computer Science","2025","MT1003 BCS-1G"
"25I-0187","Khadija Raza","BS Computer Science","2025","CS1002 BCS-1G"
"25I-0187","Khadija Raza","BS Computer Science","2025","SS1007 BCS-1G"
"25I-0187","Khadija Raza","BS Computer Science","2025","SS1019 BCS-1G"
"25I-0188","Usman Naveed","BS Computer Science","2025","SS1012 BCS-1G"
"25I-0188","Usman Naveed","BS Computer Science","2025","MT1003 BCS-1G"
"25I-0188","Usman Naveed","BS Computer Science","2025","CS1002 BCS-1G"
"25I-0188","Usman Naveed","BS Computer Science","2025","SS1007 BCS-1G"
"25I-0188","Usman Naveed","BS Computer Science","2025","SS1019 BCS-1G"
"25I-0189","Fatima Sheikh","BS Computer Science","2025","SS1012 BCS-1G"
"25I-0189","Fatima Sheikh","BS Computer Science","2025","MT1003 BCS-1G"
"25I-0189","Fatima Sheikh","BS Computer Science","2025","CS1002 BCS-1G"
"25I-0189","Fatima Sheikh","BS Computer Science","2025","SS1007 BCS-1G"
"25I-0189","Fatima Sheikh","BS Computer Science","2025","SS1019 BCS-1G"
"24I-0190","Hira Malik","BS Computer Science","2024","SS1019 BCS-3J"
"24I-0190","Hira Malik","BS Computer Science","2024","EE1005 BCS-3J"
"24I-0190","Hira Malik","BS Computer Science","2024","CL2001 BCS-3J"
"24I-0190","Hira Malik","BS Computer Science","2024","CS2001 BCS-3J"
"24I-0190","Hira Malik","BS Computer Science","2024","MT1004 BCS-3J"
"24I-0191","Hamza Abbasi","BS Computer Science","2024","SS1019 BCS-3J"
"24I-0191","Hamza Abbasi","BS Computer Science","2024","EE1005 BCS-3J"
"24I-0191","Hamza Abbasi","BS Computer Science","2024","CL2001 BCS-3J"
"24I-0191","Hamza Abbasi","BS Computer Science","2024","CS2001 BCS-3J"
"24I-0191","Hamza Abbasi","BS Computer Science","2024","MT1004 BCS-3J"
"24I-0192","Ayesha Hassan","BS Computer Science","2024","SS1019 BCS-3J"
"24I-0192","Ayesha Hassan","BS Computer Science","2024","EE1005 BCS-3J"
"24I-0192","Ayesha Hassan","BS Computer Science","2024","CL2001 BCS-3J"
"24I-0192","Ayesha Hassan","BS Computer Science","2024","CS2001 BCS-3J"
"24I-0192","Ayesha Hassan","BS Computer Science","2024","MT1004 BCS-3J"
"24I-0193","Sana Ali","BS Computer Science","2024","SS1019 BCS-3J"
"24I-0193","Sana Ali","BS Computer Science","2024","EE1005 BCS-3J"
"24I-0193","Sana Ali","BS Computer Science","2024","CL2001 BCS-3J"
"24I-0193","Sana Ali","BS Computer Science","2024","CS2001 BCS-3J"
"24I-0193","Sana Ali","BS Computer Science","2024","MT1004 BCS-3J"
"24I-0194","Bilal Javed","BS Computer Science","2024","SS1019 BCS-3J"
"24I-0194","Bilal Javed","BS Computer Science","2024","EE1005 BCS-3J"
"24I-0194","Bilal Javed","BS Computer Science","2024","CL2001 BCS-3J"
"24I-0194","Bilal Javed","BS Computer Science","2024","CS2001 BCS-3J"
"24I-0194","Bilal Javed","BS Computer Science","2024","MT1004 BCS-3J"
"24I-0195","Zainab Iqbal","BS Computer Science","2024","SS1019 BCS-3J"
"24I-0195","Zainab Iqbal","BS Computer Science","2024","EE1005 BCS-3J"
"24I-0195","Zainab Iqbal","BS Computer Science","2024","CL2001 BCS-3J"
"24I-0195","Zainab Iqbal","BS Computer Science","2024","CS2001 BCS-3J"
"24I-0195","Zainab Iqbal","BS Computer Science","2024","MT1004 BCS-3J"
"24I-0196","Iqra Ahmed","Computer Science","2024","CS5031 MAI-3A"
"24I-0196","Iqra Ahmed","Computer Science","2024","CS5020 MAI-3A"
"24I-0197","Zain Mirza","Computer Science","2024","CS5031 MAI-3A"
"24I-0197","Zain Mirza","Computer Science","2024","CS5020 MAI-3A"
"24I-0198","Maryam Siddiqui","Computer Science","2024","CS5031 MAI-3A"
"24I-0198","Maryam Siddiqui","Computer Science","2024","CS5020 MAI-3A"
"24I-0199","Muhammad Khan","Computer Science","2024","CS5031 MAI-3A"
"24I-0199","Muhammad Khan","Computer Science","2024","CS5020 MAI-3A"
"24I-0200","Talha Bhatti","Computer Science","2024","CS5031 MAI-3A"
"24I-0200","Talha Bhatti","Computer Science","2024","CS5020 MAI-3A"
"24I-0201","Noor Tariq","Computer Science","2024","CS5031 MAI-3A"
"24I-0201","Noor Tariq","Computer Science","2024","CS5020 MAI-3A"
"24I-0202","Ahmed Chaudhry","BS Computer Science","2024","CS2001 BCS-3A"
"24I-0202","Ahmed Chaudhry","BS Computer Science","2024","CS3004 BCS-3A"
"24I-0202","Ahmed Chaudhry","BS Computer Science","2024","EE1005 BCS-3A"
"24I-0202","Ahmed Chaudhry","BS Computer Science","2024","CS1004 BCS-3A"
"24I-0202","Ahmed Chaudhry","BS Computer Science","2024","CS1005 BCS-3A"
"24I-0203","Omar Qureshi","BS Computer Science","2024","CS2001 BCS-3A"
"24I-0203","Omar Qureshi","BS Computer Science","2024","CS3004 BCS-3A"
"24I-0203","Omar Qureshi","BS Computer Science","2024","EE1005 BCS-3A"
"24I-0203","Omar Qureshi","BS Computer Science","2024","CS1004 BCS-3A"
"24I-0203","Omar Qureshi","BS Computer Science","2024","CS1005 BCS-3A"
"24I-0204","Sara Shah","BS Computer Science","2024","CS2001 BCS-3A"
"24I-0204","Sara Shah","BS Computer Science","2024","CS3004 BCS-3A"
"24I-0204","Sara Shah","BS Computer Science","2024","EE1005 BCS-3A"
"24I-0204","Sara Shah","BS Computer Science","2024","CS1004 BCS-3A"
"24I-0204","Sara Shah","BS Computer Science","2024","CS1005 BCS-3A"
"24I-0205","Ali Akhtar","BS Computer Science","2024","CS2001 BCS-3A"
"24I-0205","Ali Akhtar","BS Computer Science","2024","CS3004 BCS-3A"
"24I-0205","Ali Akhtar","BS Computer Science","2024","EE1005 BCS-3A"
"24I-0205","Ali Akhtar","BS Computer Science","2024","CS1004 BCS-3A"
"24I-0205","Ali Akhtar","BS Computer Science","2024","CS1005 BCS-3A"
"24I-0206","Saad Farooq","BS Computer Science","2024","CS2001 BCS-3A"
"24I-0206","Saad Farooq","BS Computer Science","2024","CS3004 BCS-3A"
"24I-0206","Saad Farooq","BS Computer Science","2024","EE1005 BCS-3A"
"24I-0206","Saad Farooq","BS Computer Science","2024","CS1004 BCS-3A"
"24I-0206","Saad Farooq","BS Computer Science","2024","CS1005 BCS-3A"
"24I-0207","Khadija Raza","BS Computer Science","2024","CS2001 BCS-3A"
"24I-0207","Khadija Raza","BS Computer Science","2024","CS3004 BCS-3A"
"24I-0207","Khadija Raza","BS Computer Science","2024","EE1005 BCS-3A"
"24I-0207","Khadija Raza","BS Computer Science","2024","CS1004 BCS-3A"
"24I-0207","Khadija Raza","BS Computer Science","2024","CS1005 BCS-3A"
"24I-0208","Usman Naveed","BS Computer Science","2024","CS2001 BCS-3C"
"24I-0208","Usman Naveed","BS Computer Science","2024","CS3004 BCS-3C"
"24I-0208","Usman Naveed","BS Computer Science","2024","MT1004 BCS-3C"
"24I-0208","Usman Naveed","BS Computer Science","2024","CL1004 BCS-3C"
"24I-0208","Usman Naveed","BS Computer Science","2024","CS1004 BCS-3C"
"24I-0209","Fatima Sheikh","BS Computer Science","2024","CS2001 BCS-3C"
"24I-0209","Fatima Sheikh","BS Computer Science","2024","CS3004 BCS-3C"
"24I-0209","Fatima Sheikh","BS Computer Science","2024","MT1004 BCS-3C"
"24I-0209","Fatima Sheikh","BS Computer Science","2024","CL1004 BCS-3C"
"24I-0209","Fatima Sheikh","BS Computer Science","2024","CS1004 BCS-3C"
"24I-0210","Hira Malik","BS Computer Science","2024","CS2001 BCS-3C"
"24I-0210","Hira Malik","BS Computer Science","2024","CS3004 BCS-3C"
"24I-0210","Hira Malik","BS Computer Science","2024","MT1004 BCS-3C"
"24I-0210","Hira Malik","BS Computer Science","2024","CL1004 BCS-3C"
"24I-0210","Hira Malik","BS Computer Science","2024","CS1004 BCS-3C"
"24I-0211","Hamza Abbasi","BS Computer Science","2024","CS2001 BCS-3C"
"24I-0211","Hamza Abbasi","BS Computer Science","2024","CS3004 BCS-3C"
"24I-0211","Hamza Abbasi","BS Computer Science","2024","MT1004 BCS-3C"
"24I-0211","Hamza Abbasi","BS Computer Science","2024","CL1004 BCS-3C"
"24I-0211","Hamza Abbasi","BS Computer Science","2024","CS1004 BCS-3C"
"24I-0212","Ayesha Hassan","BS Computer Science","2024","CS2001 BCS-3C"
"24I-0212","Ayesha Hassan","BS Computer Science","2024","CS3004 BCS-3C"
"24I-0212","Ayesha Hassan","BS Computer Science","2024","MT1004 BCS-3C"
"24I-0212","Ayesha Hassan","BS Computer Science","2024","CL1004 BCS-3C"
"24I-0212","Ayesha Hassan","BS Computer Science","2024","CS1004 BCS-3C"
"24I-0213","Sana Ali","BS Computer Science","2024","CS2001 BCS-3C"
"24I-0213","Sana Ali","BS Computer Science","2024","CS3004 BCS-3C"
"24I-0213","Sana Ali","BS Computer Science","2024","MT1004 BCS-3C"
"24I-0213","Sana Ali","BS Computer Science","2024","CL1004 BCS-3C"
"24I-0213","Sana Ali","BS Computer Science","2024","CS1004 BCS-3C"
"24I-0214","Bilal Javed","Computer Science","2024","CS5020 MDS-3A"
"24I-0214","Bilal Javed","Computer Science","2024","AI5004 MDS-3A"
"24I-0215","Zainab Iqbal","Computer Science","2024","CS5020 MDS-3A"
"24I-0215","Zainab Iqbal","Computer Science","2024","AI5004 MDS-3A"
"24I-0216","Iqra Ahmed","Computer Science","2024","CS5020 MDS-3A"
"24I-0216","Iqra Ahmed","Computer Science","2024","AI5004 MDS-3A"
"24I-0217","Zain Mirza","Computer Science","2024","CS5020 MDS-3A"
"24I-0217","Zain Mirza","Computer Science","2024","AI5004 MDS-3A"
"24I-0218","Maryam Siddiqui","Computer Science","2024","CS5020 MDS-3A"
"24I-0218","Maryam Siddiqui","Computer Science","2024","AI5004 MDS-3A"
"24I-0219","Muhammad Khan","Computer Science","2024","CS5020 MDS-3A"
"24I-0219","Muhammad Khan","Computer Science","2024","AI5004 MDS-3A"
"24I-0220","Talha Bhatti","BS Computer Science","2024","CS2001 BCS-3B"
"24I-0220","Talha Bhatti","BS Computer Science","2024","CS3004 BCS-3B"
"24I-0220","Talha Bhatti","BS Computer Science","2024","CS1004 BCS-3B"
"24I-0220","Talha Bhatti","BS Computer Science","2024","MT1004 BCS-3B"
"24I-0220","Talha Bhatti","BS Computer Science","2024","CS1005 BCS-3B"
"24I-0221","Noor Tariq","BS Computer Science","2024","CS2001 BCS-3B"
"24I-0221","Noor Tariq","BS Computer Science","2024","CS3004 BCS-3B"
"24I-0221","Noor Tariq","BS Computer Science","2024","CS1004 BCS-3B"
"24I-0221","Noor Tariq","BS Computer Science","2024","MT1004 BCS-3B"
"24I-0221","Noor Tariq","BS Computer Science","2024","CS1005 BCS-3B"
"24I-0222","Ahmed Chaudhry","BS Computer Science","2024","CS2001 BCS-3B"
"24I-0222","Ahmed Chaudhry","BS Computer Science","2024","CS3004 BCS-3B"
"24I-0222","Ahmed Chaudhry","BS Computer Science","2024","CS1004 BCS-3B"
"24I-0222","Ahmed Chaudhry","BS Computer Science","2024","MT1004 BCS-3B"
"24I-0222","Ahmed Chaudhry","BS Computer Science","2024","CS1005 BCS-3B"
"24I-0223","Omar Qureshi","BS Computer Science","2024","CS2001 BCS-3B"
"24I-0223","Omar Qureshi","BS Computer Science","2024","CS3004 BCS-3B"
"24I-0223","Omar Qureshi","BS Computer Science","2024","CS1004 BCS-3B"
"24I-0223","Omar Qureshi","BS Computer Science","2024","MT1004 BCS-3B"
"24I-0223","Omar Qureshi","BS Computer Science","2024","CS1005 BCS-3B"
"24I-0224","Sara Shah","BS Computer Science","2024","CS2001 BCS-3B"
"24I-0224","Sara Shah","BS Computer Science","2024","CS3004 BCS-3B"
"24I-0224","Sara Shah","BS Computer Science","2024","CS1004 BCS-3B"
"24I-0224","Sara Shah","BS Computer Science","2024","MT1004 BCS-3B"
"24I-0224","Sara Shah","BS Computer Science","2024","CS1005 BCS-3B"
"24I-0225","Ali Akhtar","BS Computer Science","2024","CS2001 BCS-3B"
"24I-0225","Ali Akhtar","BS Computer Science","2024","CS3004 BCS-3B"
"24I-0225","Ali Akhtar","BS Computer Science","2024","CS1004 BCS-3B"
"24I-0225","Ali Akhtar","BS Computer Science","2024","MT1004 BCS-3B"
"24I-0225","Ali Akhtar","BS Computer Science","2024","CS1005 BCS-3B"
"24I-0226","Saad Farooq","BS Computer Science","2024","MT1004 BCS-3D"
"24I-0226","Saad Farooq","BS Computer Science","2024","CS2001 BCS-3D"
"24I-0226","Saad Farooq","BS Computer Science","2024","CS3004 BCS-3D"
"24I-0226","Saad Farooq","BS Computer Science","2024","CS1004 BCS-3D"
"24I-0226","Saad Farooq","BS Computer Science","2024","SS1019 BCS-3D"
"24I-0227","Khadija Raza","BS Computer Science","2024","MT1004 BCS-3D"
"24I-0227","Khadija Raza","BS Computer Science","2024","CS2001 BCS-3D"
"24I-0227","Khadija Raza","BS Computer Science","2024","CS3004 BCS-3D"
"24I-0227","Khadija Raza","BS Computer Science","2024","CS1004 BCS-3D"
"24I-0227","Khadija Raza","BS Computer Science","2024","SS1019 BCS-3D"
"24I-0228","Usman Naveed","BS Computer Science","2024","MT1004 BCS-3D"
"24I-0228","Usman Naveed","BS Computer Science","2024","CS2001 BCS-3D"
"24I-0228","Usman Naveed","BS Computer Science","2024","CS3004 BCS-3D"
"24I-0228","Usman Naveed","BS Computer Science","2024","CS1004 BCS-3D"
"24I-0228","Usman Naveed","BS Computer Science","2024","SS1019 BCS-3D"
"24I-0229","Fatima Sheikh","BS Computer Science","2024","MT1004 BCS-3D"
"24I-0229","Fatima Sheikh","BS Computer Science","2024","CS2001 BCS-3D"
"24I-0229","Fatima Sheikh","BS Computer Science","2024","CS3004 BCS-3D"
"24I-0229","Fatima Sheikh","BS Computer Science","2024","CS1004 BCS-3D"
"24I-0229","Fatima Sheikh","BS Computer Science","2024","SS1019 BCS-3D"
"24I-0230","Hira Malik","BS Computer Science","2024","MT1004 BCS-3D"
"24I-0230","Hira Malik","BS Computer Science","2024","CS2001 BCS-3D"
"24I-0230","Hira Malik","BS Computer Science","2024","CS3004 BCS-3D"
"24I-0230","Hira Malik","BS Computer Science","2024","CS1004 BCS-3D"
"24I-0230","Hira Malik","BS Computer Science","2024","SS1019 BCS-3D"
"24I-0231","Hamza Abbasi","BS Computer Science","2024","MT1004 BCS-3D"
"24I-0231","Hamza Abbasi","BS Computer Science","2024","CS2001 BCS-3D"
"24I-0231","Hamza Abbasi","BS Computer Science","2024","CS3004 BCS-3D"
"24I-0231","Hamza Abbasi","BS Computer Science","2024","CS1004 BCS-3D"
"24I-0231","Hamza Abbasi","BS Computer Science","2024","SS1019 BCS-3D"
"25I-0232","Ayesha Hassan","Computer Science","2025","CS4002 MAI-1A"
"25I-0232","Ayesha Hassan","Computer Science","2025","AI5002 MAI-1A"
"25I-0232","Ayesha Hassan","Computer Science","2025","CS5001 MAI-1A"
"25I-0233","Sana Ali","Computer Science","2025","CS4002 MAI-1A"
"25I-0233","Sana Ali","Computer Science","2025","AI5002 MAI-1A"
"25I-0233","Sana Ali","Computer Science","2025","CS5001 MAI-1A"
"25I-0234","Bilal Javed","Computer Science","2025","CS4002 MAI-1A"
"25I-0234","Bilal Javed","Computer Science","2025","AI5002 MAI-1A"
"25I-0234","Bilal Javed","Computer Science","2025","CS5001 MAI-1A"
"25I-0235","Zainab Iqbal","Computer Science","2025","CS4002 MAI-1A"
"25I-0235","Zainab Iqbal","Computer Science","2025","AI5002 MAI-1A"
"25I-0235","Zainab Iqbal","Computer Science","2025","CS5001 MAI-1A"
"25I-0236","Iqra Ahmed","Computer Science","2025","CS4002 MAI-1A"
"25I-0236","Iqra Ahmed","Computer Science","2025","AI5002 MAI-1A"
"25I-0236","Iqra Ahmed","Computer Science","2025","CS5001 MAI-1A"
"25I-0237","Zain Mirza","Computer Science","2025","CS4002 MAI-1A"
"25I-0237","Zain Mirza","Computer Science","2025","AI5002 MAI-1A"
"25I-0237","Zain Mirza","Computer Science","2025","CS5001 MAI-1A"
"25I-0238","Maryam Siddiqui","Computer Science","2025","DS5002 MDS-1A"
"25I-0238","Maryam Siddiqui","Computer Science","2025","DS5007 MDS-1A"
"25I-0238","Maryam Siddiqui","Computer Science","2025","DS5003 MDS-1A"
"25I-0238","Maryam Siddiqui","Computer Science","2025","CS5001 MDS-1A"
"25I-0239","Muhammad Khan","Computer Science","2025","DS5002 MDS-1A"
"25I-0239","Muhammad Khan","Computer Science","2025","DS5007 MDS-1A"
"25I-0239","Muhammad Khan","Computer Science","2025","DS5003 MDS-1A"
"25I-0239","Muhammad Khan","Computer Science","2025","CS5001 MDS-1A"
"25I-0240","Talha Bhatti","Computer Science","2025","DS5002 MDS-1A"
"25I-0240","Talha Bhatti","Computer Science","2025","DS5007 MDS-1A"
"25I-0240","Talha Bhatti","Computer Science","2025","DS5003 MDS-1A"
"25I-0240","Talha Bhatti","Computer Science","2025","CS5001 MDS-1A"
"25I-0241","Noor Tariq","Computer Science","2025","DS5002 MDS-1A"
"25I-0241","Noor Tariq","Computer Science","2025","DS5007 MDS-1A"
"25I-0241","Noor Tariq","Computer Science","2025","DS5003 MDS-1A"
"25I-0241","Noor Tariq","Computer Science","2025","CS5001 MDS-1A"
"25I-0242","Ahmed Chaudhry","Computer Science","2025","DS5002 MDS-1A"
"25I-0242","Ahmed Chaudhry","Computer Science","2025","DS5007 MDS-1A"
"25I-0242","Ahmed Chaudhry","Computer Science","2025","DS5003 MDS-1A"
"25I-0242","Ahmed Chaudhry","Computer Science","2025","CS5001 MDS-1A"
"25I-0243","Omar Qureshi","Computer Science","2025","DS5002 MDS-1A"
"25I-0243","Omar Qureshi","Computer Science","2025","DS5007 MDS-1A"
"25I-0243","Omar Qureshi","Computer Science","2025","DS5003 MDS-1A"
"25I-0243","Omar Qureshi","Computer Science","2025","CS5001 MDS-1A"
"24I-0244","Sara Shah","BS Computer Science","2024","CS2001 BCS-3E"
"24I-0244","Sara Shah","BS Computer Science","2024","CS3004 BCS-3E"
"24I-0244","Sara Shah","BS Computer Science","2024","EE1005 BCS-3E"
"24I-0244","Sara Shah","BS Computer Science","2024","MT1004 BCS-3E"
"24I-0244","Sara Shah","BS Computer Science","2024","SS1022 BCS-3E"
"24I-0245","Ali Akhtar","BS Computer Science","2024","CS2001 BCS-3E"
"24I-0245","Ali Akhtar","BS Computer Science","2024","CS3004 BCS-3E"
"24I-0245","Ali Akhtar","BS Computer Science","2024","EE1005 BCS-3E"
"24I-0245","Ali Akhtar","BS Computer Science","2024","MT1004 BCS-3E"
"24I-0245","Ali Akhtar","BS Computer Science","2024","SS1022 BCS-3E"
"24I-0246","Saad Farooq","BS Computer Science","2024","CS2001 BCS-3E"
"24I-0246","Saad Farooq","BS Computer Science","2024","CS3004 BCS-3E"
"24I-0246","Saad Farooq","BS Computer Science","2024","EE1005 BCS-3E"
"24I-0246","Saad Farooq","BS Computer Science","2024","MT1004 BCS-3E"
"24I-0246","Saad Farooq","BS Computer Science","2024","SS1022 BCS-3E"
"24I-0247","Khadija Raza","BS Computer Science","2024","CS2001 BCS-3E"
"24I-0247","Khadija Raza","BS Computer Science","2024","CS3004 BCS-3E"
"24I-0247","Khadija Raza","BS Computer Science","2024","EE1005 BCS-3E"
"24I-0247","Khadija Raza","BS Computer Science","2024","MT1004 BCS-3E"
"24I-0247","Khadija Raza","BS Computer Science","2024","SS1022 BCS-3E"
"24I-0248","Usman Naveed","BS Computer Science","2024","CS2001 BCS-3E"
"24I-0248","Usman Naveed","BS Computer Science","2024","CS3004 BCS-3E"
"24I-0248","Usman Naveed","BS Computer Science","2024","EE1005 BCS-3E"
"24I-0248","Usman Naveed","BS Computer Science","2024","MT1004 BCS-3E"
"24I-0248","Usman Naveed","BS Computer Science","2024","SS1022 BCS-3E"
"24I-0249","Fatima Sheikh","BS Computer Science","2024","CS2001 BCS-3E"
"24I-0249","Fatima Sheikh","BS Computer Science","2024","CS3004 BCS-3E"
"24I-0249","Fatima Sheikh","BS Computer Science","2024","EE1005 BCS-3E"
"24I-0249","Fatima Sheikh","BS Computer Science","2024","MT1004 BCS-3E"
"24I-0249","Fatima Sheikh","BS Computer Science","2024","SS1022 BCS-3E"
"24I-0250","Hira Malik","BS Computer Science","2024","MT1003 BCS-3Z"
"24I-0251","Hamza Abbasi","BS Computer Science","2024","MT1003 BCS-3Z"
"24I-0252","Ayesha Hassan","BS Computer Science","2024","MT1003 BCS-3Z"
"24I-0253","Sana Ali","BS Computer Science","2024","MT1003 BCS-3Z"
"24I-0254","Bilal Javed","BS Computer Science","2024","MT1003 BCS-3Z"
"24I-0255","Zainab Iqbal","BS Computer Science","2024","MT1003 BCS-3Z"
"25I-0256","Iqra Ahmed","Computer Science","2025","AI2003 MCI-1A"
"25I-0256","Iqra Ahmed","Computer Science","2025","CS2015 MCI-1A"
"25I-0257","Zain Mirza","Computer Science","2025","AI2003 MCI-1A"
"25I-0257","Zain Mirza","Computer Science","2025","CS2015 MCI-1A"
"25I-0258","Maryam Siddiqui","Computer Science","2025","AI2003 MCI-1A"
"25I-0258","Maryam Siddiqui","Computer Science","2025","CS2015 MCI-1A"
"25I-0259","Muhammad Khan","Computer Science","2025","AI2003 MCI-1A"
"25I-0259","Muhammad Khan","Computer Science","2025","CS2015 MCI-1A"
"25I-0260","Talha Bhatti","Computer Science","2025","AI2003 MCI-1A"
"25I-0260","Talha Bhatti","Computer Science","2025","CS2015 MCI-1A"
"25I-0261","Noor Tariq","Computer Science","2025","AI2003 MCI-1A"
"25I-0261","Noor Tariq","Computer Science","2025","CS2015 MCI-1A"
"24I-0262","Ahmed Chaudhry","BS Computer Science","2024","MT1004 BCS-3F"
"24I-0262","Ahmed Chaudhry","BS Computer Science","2024","SS1022 BCS-3F"
"24I-0262","Ahmed Chaudhry","BS Computer Science","2024","EL1005 BCS-3F"
"24I-0262","Ahmed Chaudhry","BS Computer Science","2024","CS2001 BCS-3F"
"24I-0262","Ahmed Chaudhry","BS Computer Science","2024","EE1005 BCS-3F"
"24I-0263","Omar Qureshi","BS Computer Science","2024","MT1004 BCS-3F"
"24I-0263","Omar Qureshi","BS Computer Science","2024","SS1022 BCS-3F"
"24I-0263","Omar Qureshi","BS Computer Science","2024","EL1005 BCS-3F"
"24I-0263","Omar Qureshi","BS Computer Science","2024","CS2001 BCS-3F"
"24I-0263","Omar Qureshi","BS Computer Science","2024","EE1005 BCS-3F"
"24I-0264","Sara Shah","BS Computer Science","2024","MT1004 BCS-3F"
"24I-0264","Sara Shah","BS Computer Science","2024","SS1022 BCS-3F"
"24I-0264","Sara Shah","BS Computer Science","2024","EL1005 BCS-3F"
"24I-0264","Sara Shah","BS Computer Science","2024","CS2001 BCS-3F"
"24I-0264","Sara Shah","BS Computer Science","2024","EE1005 BCS-3F"
"24I-0265","Ali Akhtar","BS Computer Science","2024","MT1004 BCS-3F"
"24I-0265","Ali Akhtar","BS Computer Science","2024","SS1022 BCS-3F"
"24I-0265","Ali Akhtar","BS Computer Science","2024","EL1005 BCS-3F"
"24I-0265","Ali Akhtar","BS Computer Science","2024","CS2001 BCS-3F"
"24I-0265","Ali Akhtar","BS Computer Science","2024","EE1005 BCS-3F"
"24I-0266","Saad Farooq","BS Computer Science","2024","MT1004 BCS-3F"
"24I-0266","Saad Farooq","BS Computer Science","2024","SS1022 BCS-3F"
"24I-0266","Saad Farooq","BS Computer Science","2024","EL1005 BCS-3F"
"24I-0266","Saad Farooq","BS Computer Science","2024","CS2001 BCS-3F"
"24I-0266","Saad Farooq","BS Computer Science","2024","EE1005 BCS-3F"
"24I-0267","Khadija Raza","BS Computer Science","2024","MT1004 BCS-3F"
"24I-0267","Khadija Raza","BS Computer Science","2024","SS1022 BCS-3F"
"24I-0267","Khadija Raza","BS Computer Science","2024","EL1005 BCS-3F"
"24I-0267","Khadija Raza","BS Computer Science","2024","CS2001 BCS-3F"
"24I-0267","Khadija Raza","BS Computer Science","2024","EE1005 BCS-3F"
"24I-0268","Usman Naveed","BS Computer Science","2024","MT1004 BCS-3G"
"24I-0268","Usman Naveed","BS Computer Science","2024","SS1022 BCS-3G"
"24I-0268","Usman Naveed","BS Computer Science","2024","EL1005 BCS-3G"
"24I-0268","Usman Naveed","BS Computer Science","2024","EE1005 BCS-3G"
"24I-0268","Usman Naveed","BS Computer Science","2024","CS2001 BCS-3G"
"24I-0269","Fatima Sheikh","BS Computer Science","2024","MT1004 BCS-3G"
"24I-0269","Fatima Sheikh","BS Computer Science","2024","SS1022 BCS-3G"
"24I-0269","Fatima Sheikh","BS Computer Science","2024","EL1005 BCS-3G"
"24I-0269","Fatima Sheikh","BS Computer Science","2024","EE1005 BCS-3G"
"24I-0269","Fatima Sheikh","BS Computer Science","2024","CS2001 BCS-3G"
"24I-0270","Hira Malik","BS Computer Science","2024","MT1004 BCS-3G"
"24I-0270","Hira Malik","BS Computer Science","2024","SS1022 BCS-3G"
"24I-0270","Hira Malik","BS Computer Science","2024","EL1005 BCS-3G"
"24I-0270","Hira Malik","BS Computer Science","2024","EE1005 BCS-3G"
"24I-0270","Hira Malik","BS Computer Science","2024","CS2001 BCS-3G"
"24I-0271","Hamza Abbasi","BS Computer Science","2024","MT1004 BCS-3G"
"24I-0271","Hamza Abbasi","BS Computer Science","2024","SS1022 BCS-3G"
"24I-0271","Hamza Abbasi","BS Computer Science","2024","EL1005 BCS-3G"
"24I-0271","Hamza Abbasi","BS Computer Science","2024","EE1005 BCS-3G"
"24I-0271","Hamza Abbasi","BS Computer Science","2024","CS2001 BCS-3G"
"24I-0272","Ayesha Hassan","BS Computer Science","2024","MT1004 BCS-3G"
"24I-0272","Ayesha Hassan","BS Computer Science","2024","SS1022 BCS-3G"
"24I-0272","Ayesha Hassan","BS Computer Science","2024","EL1005 BCS-3G"
"24I-0272","Ayesha Hassan","BS Computer Science","2024","EE1005 BCS-3G"
"24I-0272","Ayesha Hassan","BS Computer Science","2024","CS2001 BCS-3G"
"24I-0273","Sana Ali","BS Computer Science","2024","MT1004 BCS-3G"
"24I-0273","Sana Ali","BS Computer Science","2024","SS1022 BCS-3G"
"24I-0273","Sana Ali","BS Computer Science","2024","EL1005 BCS-3G"
"24I-0273","Sana Ali","BS Computer Science","2024","EE1005 BCS-3G"
"24I-0273","Sana Ali","BS Computer Science","2024","CS2001 BCS-3G"
"22I-0274","Bilal Javed","Computer Science","2022","SE5032 MSE-2A"
"22I-0274","Bilal Javed","Computer Science","2022","SE5008 MSE-2A"
"22I-0275","Zainab Iqbal","Computer Science","2022","SE5032 MSE-2A"
"22I-0275","Zainab Iqbal","Computer Science","2022","SE5008 MSE-2A"
"22I-0276","Iqra Ahmed","Computer Science","2022","SE5032 MSE-2A"
"22I-0276","Iqra Ahmed","Computer Science","2022","SE5008 MSE-2A"
"22I-0277","Zain Mirza","Computer Science","2022","SE5032 MSE-2A"
"22I-0277","Zain Mirza","Computer Science","2022","SE5008 MSE-2A"
"22I-0278","Maryam Siddiqui","Computer Science","2022","SE5032 MSE-2A"
"22I-0278","Maryam Siddiqui","Computer Science","2022","SE5008 MSE-2A"
"22I-0279","Muhammad Khan","Computer Science","2022","SE5032 MSE-2A"
"22I-0279","Muhammad Khan","Computer Science","2022","SE5008 MSE-2A"
"24I-0280","Talha Bhatti","BS Computer Science","2024","EE1005 BCS-3H"
"24I-0280","Talha Bhatti","BS Computer Science","2024","SS1019 BCS-3H"
"24I-0280","Talha Bhatti","BS Computer Science","2024","CL2001 BCS-3H"
"24I-0280","Talha Bhatti","BS Computer Science","2024","CS3004 BCS-3H"
"24I-0280","Talha Bhatti","BS Computer Science","2024","CS2001 BCS-3H"
"24I-0281","Noor Tariq","BS Computer Science","2024","EE1005 BCS-3H"
"24I-0281","Noor Tariq","BS Computer Science","2024","SS1019 BCS-3H"
"24I-0281","Noor Tariq","BS Computer Science","2024","CL2001 BCS-3H"
"24I-0281","Noor Tariq","BS Computer Science","2024","CS3004 BCS-3H"
"24I-0281","Noor Tariq","BS Computer Science","2024","CS2001 BCS-3H"
"24I-0282","Ahmed Chaudhry","BS Computer Science","2024","EE1005 BCS-3H"
"24I-0282","Ahmed Chaudhry","BS Computer Science","2024","SS1019 BCS-3H"
"24I-0282","Ahmed Chaudhry","BS Computer Science","2024","CL2001 BCS-3H"
"24I-0282","Ahmed Chaudhry","BS Computer Science","2024","CS3004 BCS-3H"
"24I-0282","Ahmed Chaudhry","BS Computer Science","2024","CS2001 BCS-3H"
"24I-0283","Omar Qureshi","BS Computer Science","2024","EE1005 BCS-3H"
"24I-0283","Omar Qureshi","BS Computer Science","2024","SS1019 BCS-3H"
"24I-0283","Omar Qureshi","BS Computer Science","2024","CL2001 BCS-3H"
"24I-0283","Omar Qureshi","BS Computer Science","2024","CS3004 BCS-3H"
"24I-0283","Omar Qureshi","BS Computer Science","2024","CS2001 BCS-3H"
"24I-0284","Sara Shah","BS Computer Science","2024","EE1005 BCS-3H"
"24I-0284","Sara Shah","BS Computer Science","2024","SS1019 BCS-3H"
"24I-0284","Sara Shah","BS Computer Science","2024","CL2001 BCS-3H"
"24I-0284","Sara Shah","BS Computer Science","2024","CS3004 BCS-3H"
"24I-0284","Sara Shah","BS Computer Science","2024","CS2001 BCS-3H"
"24I-0285","Ali Akhtar","BS Computer Science","2024","EE1005 BCS-3H"
"24I-0285","Ali Akhtar","BS Computer Science","2024","SS1019 BCS-3H"
"24I-0285","Ali Akhtar","BS Computer Science","2024","CL2001 BCS-3H"
"24I-0285","Ali Akhtar","BS Computer Science","2024","CS3004 BCS-3H"
"24I-0285","Ali Akhtar","BS Computer Science","2024","CS2001 BCS-3H"
"23I-0286","Saad Farooq","BS Computer Science","2023","EE3009 BCS-5A"
"23I-0286","Saad Farooq","BS Computer Science","2023","CS3014 BCS-5A"
"23I-0286","Saad Farooq","BS Computer Science","2023","CS3001 BCS-5A"
"23I-0286","Saad Farooq","BS Computer Science","2023","EE2003 BCS-5A"
"23I-0286","Saad Farooq","BS Computer Science","2023","CS2009 BCS-5A"
"23I-0287","Khadija Raza","BS Computer Science","2023","EE3009 BCS-5A"
"23I-0287","Khadija Raza","BS Computer Science","2023","CS3014 BCS-5A"
"23I-0287","Khadija Raza","BS Computer Science","2023","CS3001 BCS-5A"
"23I-0287","Khadija Raza","BS Computer Science","2023","EE2003 BCS-5A"
"23I-0287","Khadija Raza","BS Computer Science","2023","CS2009 BCS-5A"
"23I-0288","Usman Naveed","BS Computer Science","2023","EE3009 BCS-5A"
"23I-0288","Usman Naveed","BS Computer Science","2023","CS3014 BCS-5A"
"23I-0288","Usman Naveed","BS Computer Science","2023","CS3001 BCS-5A"
"23I-0288","Usman Naveed","BS Computer Science","2023","EE2003 BCS-5A"
"23I-0288","Usman Naveed","BS Computer Science","2023","CS2009 BCS-5A"
"23I-0289","Fatima Sheikh","BS Computer Science","2023","EE3009 BCS-5A"
"23I-0289","Fatima Sheikh","BS Computer Science","2023","CS3014 BCS-5A"
"23I-0289","Fatima Sheikh","BS Computer Science","2023","CS3001 BCS-5A"
"23I-0289","Fatima Sheikh","BS Computer Science","2023","EE2003 BCS-5A"
"23I-0289","Fatima Sheikh","BS Computer Science","2023","CS2009 BCS-5A"
"23I-0290","Hira Malik","BS Computer Science","2023","EE3009 BCS-5A"
"23I-0290","Hira Malik","BS Computer Science","2023","CS3014 BCS-5A"
"23I-0290","Hira Malik","BS Computer Science","2023","CS3001 BCS-5A"
"23I-0290","Hira Malik","BS Computer Science","2023","EE2003 BCS-5A"
"23I-0290","Hira Malik","BS Computer Science","2023","CS2009 BCS-5A"
"23I-0291","Hamza Abbasi","BS Computer Science","2023","EE3009 BCS-5A"
"23I-0291","Hamza Abbasi","BS Computer Science","2023","CS3014 BCS-5A"
"23I-0291","Hamza Abbasi","BS Computer Science","2023","CS3001 BCS-5A"
"23I-0291","Hamza Abbasi","BS Computer Science","2023","EE2003 BCS-5A"
"23I-0291","Hamza Abbasi","BS Computer Science","2023","CS2009 BCS-5A"
"23I-0292","Ayesha Hassan","BS Computer Science","2023","EE2003 BCS-5B"
"23I-0292","Ayesha Hassan","BS Computer Science","2023","EE3009 BCS-5B"
"23I-0292","Ayesha Hassan","BS Computer Science","2023","CS3014 BCS-5B"
"23I-0292","Ayesha Hassan","BS Computer Science","2023","CS3001 BCS-5B"
"23I-0292","Ayesha Hassan","BS Computer Science","2023","SS2012 BCS-5B"
"23I-0293","Sana Ali","BS Computer Science","2023","EE2003 BCS-5B"
"23I-0293","Sana Ali","BS Computer Science","2023","EE3009 BCS-5B"
"23I-0293","Sana Ali","BS Computer Science","2023","CS3014 BCS-5B"
"23I-0293","Sana Ali","BS Computer Science","2023","CS3001 BCS-5B"
"23I-0293","Sana Ali","BS Computer Science","2023","SS2012 BCS-5B"
"23I-0294","Bilal Javed","BS Computer Science","2023","EE2003 BCS-5B"
"23I-0294","Bilal Javed","BS Computer Science","2023","EE3009 BCS-5B"
"23I-0294","Bilal Javed","BS Computer Science","2023","CS3014 BCS-5B"
"23I-0294","Bilal Javed","BS Computer Science","2023","CS3001 BCS-5B"
"23I-0294","Bilal Javed","BS Computer Science","2023","SS2012 BCS-5B"
"23I-0295","Zainab Iqbal","BS Computer Science","2023","EE2003 BCS-5B"
"23I-0295","Zainab Iqbal","BS Computer Science","2023","EE3009 BCS-5B"
"23I-0295","Zainab Iqbal","BS Computer Science","2023","CS3014 BCS-5B"
"23I-0295","Zainab Iqbal","BS Computer Science","2023","CS3001 BCS-5B"
"23I-0295","Zainab Iqbal","BS Computer Science","2023","SS2012 BCS-5B"
"23I-0296","Iqra Ahmed","BS Computer Science","2023","EE2003 BCS-5B"
"23I-0296","Iqra Ahmed","BS Computer Science","2023","EE3009 BCS-5B"
"23I-0296","Iqra Ahmed","BS Computer Science","2023","CS3014 BCS-5B"
"23I-0296","Iqra Ahmed","BS Computer Science","2023","CS3001 BCS-5B"
"23I-0296","Iqra Ahmed","BS Computer Science","2023","SS2012 BCS-5B"
"23I-0297","Zain Mirza","BS Computer Science","2023","EE2003 BCS-5B"
"23I-0297","Zain Mirza","BS Computer Science","2023","EE3009 BCS-5B"
"23I-0297","Zain Mirza","BS Computer Science","2023","CS3014 BCS-5B"
"23I-0297","Zain Mirza","BS Computer Science","2023","CS3001 BCS-5B"
"23I-0297","Zain Mirza","BS Computer Science","2023","SS2012 BCS-5B"
"25I-0298","Maryam Siddiqui","Computer Science","2025","AI5002 MAI-1B"
"25I-0298","Maryam Siddiqui","Computer Science","2025","AI5001 MAI-1B"
"25I-0298","Maryam Siddiqui","Computer Science","2025","CS5001 MAI-1B"
"25I-0299","Muhammad Khan","Computer Science","2025","AI5002 MAI-1B"
"25I-0299","Muhammad Khan","Computer Science","2025","AI5001 MAI-1B"
"25I-0299","Muhammad Khan","Computer Science","2025","CS5001 MAI-1B"
"25I-0300","Talha Bhatti","Computer Science","2025","AI5002 MAI-1B"
"25I-0300","Talha Bhatti","Computer Science","2025","AI5001 MAI-1B"
"25I-0300","Talha Bhatti","Computer Science","2025","CS5001 MAI-1B"
"25I-0301","Noor Tariq","Computer Science","2025","AI5002 MAI-1B"
"25I-0301","Noor Tariq","Computer Science","2025","AI5001 MAI-1B"
"25I-0301","Noor Tariq","Computer Science","2025","CS5001 MAI-1B"
"25I-0302","Ahmed Chaudhry","Computer Science","2025","AI5002 MAI-1B"
"25I-0302","Ahmed Chaudhry","Computer Science","2025","AI5001 MAI-1B"
"25I-0302","Ahmed Chaudhry","Computer Science","2025","CS5001 MAI-1B"
"25I-0303","Omar Qureshi","Computer Science","2025","AI5002 MAI-1B"
"25I-0303","Omar Qureshi","Computer Science","2025","AI5001 MAI-1B"
"25I-0303","Omar Qureshi","Computer Science","2025","CS5001 MAI-1B"
"25I-0304","Sara Shah","Computer Science","2025","SE6002 PSE-1A"
"25I-0304","Sara Shah","Computer Science","2025","SE6001 PSE-1A"
"25I-0305","Ali Akhtar","Computer Science","2025","SE6002 PSE-1A"
"25I-0305","Ali Akhtar","Computer Science","2025","SE6001 PSE-1A"
"25I-0306","Saad Farooq","Computer Science","2025","SE6002 PSE-1A"
"25I-0306","Saad Farooq","Computer Science","2025","SE6001 PSE-1A"
"25I-0307","Khadija Raza","Computer Science","2025","SE6002 PSE-1A"
"25I-0307","Khadija Raza","Computer Science","2025","SE6001 PSE-1A"
"25I-0308","Usman Naveed","Computer Science","2025","SE6002 PSE-1A"
"25I-0308","Usman Naveed","Computer Science","2025","SE6001 PSE-1A"
"25I-0309","Fatima Sheikh","Computer Science","2025","SE6002 PSE-1A"
"25I-0309","Fatima Sheikh","Computer Science","2025","SE6001 PSE-1A"
"23I-0310","Hira Malik","BS Computer Science","2023","CS3001 BCS-5D"
"23I-0310","Hira Malik","BS Computer Science","2023","EE3009 BCS-5D"
"23I-0310","Hira Malik","BS Computer Science","2023","CS3014 BCS-5D"
"23I-0310","Hira Malik","BS Computer Science","2023","SS2012 BCS-5D"
"23I-0310","Hira Malik","BS Computer Science","2023","CS2009 BCS-5D"
"23I-0311","Hamza Abbasi","BS Computer Science","2023","CS3001 BCS-5D"
"23I-0311","Hamza Abbasi","BS Computer Science","2023","EE3009 BCS-5D"
"23I-0311","Hamza Abbasi","BS Computer Science","2023","CS3014 BCS-5D"
"23I-0311","Hamza Abbasi","BS Computer Science","2023","SS2012 BCS-5D"
"23I-0311","Hamza Abbasi","BS Computer Science","2023","CS2009 BCS-5D"
"23I-0312","Ayesha Hassan","BS Computer Science","2023","CS3001 BCS-5D"
"23I-0312","Ayesha Hassan","BS Computer Science","2023","EE3009 BCS-5D"
"23I-0312","Ayesha Hassan","BS Computer Science","2023","CS3014 BCS-5D"
"23I-0312","Ayesha Hassan","BS Computer Science","2023","SS2012 BCS-5D"
"23I-0312","Ayesha Hassan","BS Computer Science","2023","CS2009 BCS-5D"
"23I-0313","Sana Ali","BS Computer Science","2023","CS3001 BCS-5D"
"23I-0313","Sana Ali","BS Computer Science","2023","EE3009 BCS-5D"
"23I-0313","Sana Ali","BS Computer Science","2023","CS3014 BCS-5D"
"23I-0313","Sana Ali","BS Computer Science","2023","SS2012 BCS-5D"
"23I-0313","Sana Ali","BS Computer Science","2023","CS2009 BCS-5D"
"23I-0314","Bilal Javed","BS Computer Science","2023","CS3001 BCS-5D"
"23I-0314","Bilal Javed","BS Computer Science","2023","EE3009 BCS-5D"
"23I-0314","Bilal Javed","BS Computer Science","2023","CS3014 BCS-5D"
"23I-0314","Bilal Javed","BS Computer Science","2023","SS2012 BCS-5D"
"23I-0314","Bilal Javed","BS Computer Science","2023","CS2009 BCS-5D"
"23I-0315","Zainab Iqbal","BS Computer Science","2023","CS3001 BCS-5D"
"23I-0315","Zainab Iqbal","BS Computer Science","2023","EE3009 BCS-5D"
"23I-0315","Zainab Iqbal","BS Computer Science","2023","CS3014 BCS-5D"
"23I-0315","Zainab Iqbal","BS Computer Science","2023","SS2012 BCS-5D"
"23I-0315","Zainab Iqbal","BS Computer Science","2023","CS2009 BCS-5D"
"23I-0316","Iqra Ahmed","BS Computer Science","2023","CS3001 BCS-5C"
"23I-0316","Iqra Ahmed","BS Computer Science","2023","EE3009 BCS-5C"
"23I-0316","Iqra Ahmed","BS Computer Science","2023","CS3014 BCS-5C"
"23I-0316","Iqra Ahmed","BS Computer Science","2023","CS2009 BCS-5C"
"23I-0316","Iqra Ahmed","BS Computer Science","2023","SS2012 BCS-5C"
"23I-0317","Zain Mirza","BS Computer Science","2023","CS3001 BCS-5C"
"23I-0317","Zain Mirza","BS Computer Science","2023","EE3009 BCS-5C"
"23I-0317","Zain Mirza","BS Computer Science","2023","CS3014 BCS-5C"
"23I-0317","Zain Mirza","BS Computer Science","2023","CS2009 BCS-5C"
"23I-0317","Zain Mirza","BS Computer Science","2023","SS2012 BCS-5C"
"23I-0318","Maryam Siddiqui","BS Computer Science","2023","CS3001 BCS-5C"
"23I-0318","Maryam Siddiqui","BS Computer Science","2023","EE3009 BCS-5C"
"23I-0318","Maryam Siddiqui","BS Computer Science","2023","CS3014 BCS-5C"
"23I-0318","Maryam Siddiqui","BS Computer Science","2023","CS2009 BCS-5C"
"23I-0318","Maryam Siddiqui","BS Computer Science","2023","SS2012 BCS-5C"
"23I-0319","Muhammad Khan","BS Computer Science","2023","CS3001 BCS-5C"
"23I-0319","Muhammad Khan","BS Computer Science","2023","EE3009 BCS-5C"
"23I-0319","Muhammad Khan","BS Computer Science","2023","CS3014 BCS-5C"
"23I-0319","Muhammad Khan","BS Computer Science","2023","CS2009 BCS-5C"
"23I-0319","Muhammad Khan","BS Computer Science","2023","SS2012 BCS-5C"
"23I-0320","Talha Bhatti","BS Computer Science","2023","CS3001 BCS-5C"
"23I-0320","Talha Bhatti","BS Computer Science","2023","EE3009 BCS-5C"
"23I-0320","Talha Bhatti","BS Computer Science","2023","CS3014 BCS-5C"
"23I-0320","Talha Bhatti","BS Computer Science","2023","CS2009 BCS-5C"
"23I-0320","Talha Bhatti","BS Computer Science","2023","SS2012 BCS-5C"
"23I-0321","Noor Tariq","BS Computer Science","2023","CS3001 BCS-5C"
"23I-0321","Noor Tariq","BS Computer Science","2023","EE3009 BCS-5C"
"23I-0321","Noor Tariq","BS Computer Science","2023","CS3014 BCS-5C"
"23I-0321","Noor Tariq","BS Computer Science","2023","CS2009 BCS-5C"
"23I-0321","Noor Tariq","BS Computer Science","2023","SS2012 BCS-5C"
"23I-0322","Ahmed Chaudhry","BS Computer Science","2023","SS2012 BCS-5F"
"23I-0322","Ahmed Chaudhry","BS Computer Science","2023","CS2009 BCS-5F"
"23I-0322","Ahmed Chaudhry","BS Computer Science","2023","CL3001 BCS-5F"
"23I-0322","Ahmed Chaudhry","BS Computer Science","2023","CS3001 BCS-5F"
"23I-0322","Ahmed Chaudhry","BS Computer Science","2023","EE3009 BCS-5F"
"23I-0323","Omar Qureshi","BS Computer Science","2023","SS2012 BCS-5F"
"23I-0323","Omar Qureshi","BS Computer Science","2023","CS2009 BCS-5F"
"23I-0323","Omar Qureshi","BS Computer Science","2023","CL3001 BCS-5F"
"23I-0323","Omar Qureshi","BS Computer Science","2023","CS3001 BCS-5F"
"23I-0323","Omar Qureshi","BS Computer Science","2023","EE3009 BCS-5F"
"23I-0324","Sara Shah","BS Computer Science","2023","SS2012 BCS-5F"
"23I-0324","Sara Shah","BS Computer Science","2023","CS2009 BCS-5F"
"23I-0324","Sara Shah","BS Computer Science","2023","CL3001 BCS-5F"
"23I-0324","Sara Shah","BS Computer Science","2023","CS3001 BCS-5F"
"23I-0324","Sara Shah","BS Computer Science","2023","EE3009 BCS-5F"
"23I-0325","Ali Akhtar","BS Computer Science","2023","SS2012 BCS-5F"
"23I-0325","Ali Akhtar","BS Computer Science","2023","CS2009 BCS-5F"
"23I-0325","Ali Akhtar","BS Computer Science","2023","CL3001 BCS-5F"
"23I-0325","Ali Akhtar","BS Computer Science","2023","CS3001 BCS-5F"
"23I-0325","Ali Akhtar","BS Computer Science","2023","EE3009 BCS-5F"
"23I-0326","Saad Farooq","BS Computer Science","2023","SS2012 BCS-5F"
"23I-0326","Saad Farooq","BS Computer Science","2023","CS2009 BCS-5F"
"23I-0326","Saad Farooq","BS Computer Science","2023","CL3001 BCS-5F"
"23I-0326","Saad Farooq","BS Computer Science","2023","CS3001 BCS-5F"
"23I-0326","Saad Farooq","BS Computer Science","2023","EE3009 BCS-5F"
"23I-0327","Khadija Raza","BS Computer Science","2023","SS2012 BCS-5F"
"23I-0327","Khadija Raza","BS Computer Science","2023","CS2009 BCS-5F"
"23I-0327","Khadija Raza","BS Computer Science","2023","CL3001 BCS-5F"
"23I-0327","Khadija Raza","BS Computer Science","2023","CS3001 BCS-5F"
"23I-0327","Khadija Raza","BS Computer Science","2023","EE3009 BCS-5F"
"23I-0328","Usman Naveed","BS Computer Science","2023","SS2012 BCS-5G"
"23I-0328","Usman Naveed","BS Computer Science","2023","CS2009 BCS-5G"
"23I-0328","Usman Naveed","BS Computer Science","2023","CS3014 BCS-5G"
"23I-0328","Usman Naveed","BS Computer Science","2023","CS3001 BCS-5G"
"23I-0328","Usman Naveed","BS Computer Science","2023","EE3009 BCS-5G"
"23I-0329","Fatima Sheikh","BS Computer Science","2023","SS2012 BCS-5G"
"23I-0329","Fatima Sheikh","BS Computer Science","2023","CS2009 BCS-5G"
"23I-0329","Fatima Sheikh","BS Computer Science","2023","CS3014 BCS-5G"
"23I-0329","Fatima Sheikh","BS Computer Science","2023","CS3001 BCS-5G"
"23I-0329","Fatima Sheikh","BS Computer Science","2023","EE3009 BCS-5G"
"23I-0330","Hira Malik","BS Computer Science","2023","SS2012 BCS-5G"
"23I-0330","Hira Malik","BS Computer Science","2023","CS2009 BCS-5G"
"23I-0330","Hira Malik","BS Computer Science","2023","CS3014 BCS-5G"
"23I-0330","Hira Malik","BS Computer Science","2023","CS3001 BCS-5G"
"23I-0330","Hira Malik","BS Computer Science","2023","EE3009 BCS-5G"
"23I-0331","Hamza Abbasi","BS Computer Science","2023","SS2012 BCS-5G"
"23I-0331","Hamza Abbasi","BS Computer Science","2023","CS2009 BCS-5G"
"23I-0331","Hamza Abbasi","BS Computer Science","2023","CS3014 BCS-5G"
"23I-0331","Hamza Abbasi","BS Computer Science","2023","CS3001 BCS-5G"
"23I-0331","Hamza Abbasi","BS Computer Science","2023","EE3009 BCS-5G"
"23I-0332","Ayesha Hassan","BS Computer Science","2023","SS2012 BCS-5G"
"23I-0332","Ayesha Hassan","BS Computer Science","2023","CS2009 BCS-5G"
"23I-0332","Ayesha Hassan","BS Computer Science","2023","CS3014 BCS-5G"
"23I-0332","Ayesha Hassan","BS Computer Science","2023","CS3001 BCS-5G"
"23I-0332","Ayesha Hassan","BS Computer Science","2023","EE3009 BCS-5G"
"23I-0333","Sana Ali","BS Computer Science","2023","SS2012 BCS-5G"
"23I-0333","Sana Ali","BS Computer Science","2023","CS2009 BCS-5G"
"23I-0333","Sana Ali","BS Computer Science","2023","CS3014 BCS-5G"
"23I-0333","Sana Ali","BS Computer Science","2023","CS3001 BCS-5G"
"23I-0333","Sana Ali","BS Computer Science","2023","EE3009 BCS-5G"
"23I-0334","Bilal Javed","BS Computer Science","2023","CS2009 BCS-5E"
"23I-0334","Bilal Javed","BS Computer Science","2023","SS2012 BCS-5E"
"23I-0334","Bilal Javed","BS Computer Science","2023","CL3001 BCS-5E"
"23I-0334","Bilal Javed","BS Computer Science","2023","CS3014 BCS-5E"
"23I-0334","Bilal Javed","BS Computer Science","2023","EE3009 BCS-5E"
"23I-0335","Zainab Iqbal","BS Computer Science","2023","CS2009 BCS-5E"
"23I-0335","Zainab Iqbal","BS Computer Science","2023","SS2012 BCS-5E"
"23I-0335","Zainab Iqbal","BS Computer Science","2023","CL3001 BCS-5E"
"23I-0335","Zainab Iqbal","BS Computer Science","2023","CS3014 BCS-5E"
"23I-0335","Zainab Iqbal","BS Computer Science","2023","EE3009 BCS-5E"
"23I-0336","Iqra Ahmed","BS Computer Science","2023","CS2009 BCS-5E"
"23I-0336","Iqra Ahmed","BS Computer Science","2023","SS2012 BCS-5E"
"23I-0336","Iqra Ahmed","BS Computer Science","2023","CL3001 BCS-5E"
"23I-0336","Iqra Ahmed","BS Computer Science","2023","CS3014 BCS-5E"
"23I-0336","Iqra Ahmed","BS Computer Science","2023","EE3009 BCS-5E"
"23I-0337","Zain Mirza","BS Computer Science","2023","CS2009 BCS-5E"
"23I-0337","Zain Mirza","BS Computer Science","2023","SS2012 BCS-5E"
"23I-0337","Zain Mirza","BS Computer Science","2023","CL3001 BCS-5E"
"23I-0337","Zain Mirza","BS Computer Science","2023","CS3014 BCS-5E"
"23I-0337","Zain Mirza","BS Computer Science","2023","EE3009 BCS-5E"
"23I-0338","Maryam Siddiqui","BS Computer Science","2023","CS2009 BCS-5E"
"23I-0338","Maryam Siddiqui","BS Computer Science","2023","SS2012 BCS-5E"
"23I-0338","Maryam Siddiqui","BS Computer Science","2023","CL3001 BCS-5E"
"23I-0338","Maryam Siddiqui","BS Computer Science","2023","CS3014 BCS-5E"
"23I-0338","Maryam Siddiqui","BS Computer Science","2023","EE3009 BCS-5E"
"23I-0339","Muhammad Khan","BS Computer Science","2023","CS2009 BCS-5E"
"23I-0339","Muhammad Khan","BS Computer Science","2023","SS2012 BCS-5E"
"23I-0339","Muhammad Khan","BS Computer Science","2023","CL3001 BCS-5E"
"23I-0339","Muhammad Khan","BS Computer Science","2023","CS3014 BCS-5E"
"23I-0339","Muhammad Khan","BS Computer Science","2023","EE3009 BCS-5E"
"23I-0340","Talha Bhatti","BS Software Engineering","2023","AI2002 BSE-5A"
"23I-0340","Talha Bhatti","BS Software Engineering","2023","CS2009 BSE-5A"
"23I-0340","Talha Bhatti","BS Software Engineering","2023","SE3005 BSE-5A"
"23I-0340","Talha Bhatti","BS Software Engineering","2023","SE3002 BSE-5A"
"23I-0340","Talha Bhatti","BS Software Engineering","2023","SS2012 BSE-5A"
"23I-0341","Noor Tariq","BS Software Engineering","2023","AI2002 BSE-5A"
"23I-0341","Noor Tariq","BS Software Engineering","2023","CS2009 BSE-5A"
"23I-0341","Noor Tariq","BS Software Engineering","2023","SE3005 BSE-5A"
"23I-0341","Noor Tariq","BS Software Engineering","2023","SE3002 BSE-5A"
"23I-0341","Noor Tariq","BS Software Engineering","2023","SS2012 BSE-5A"
"23I-0342","Ahmed Chaudhry","BS Software Engineering","2023","AI2002 BSE-5A"
"23I-0342","Ahmed Chaudhry","BS Software Engineering","2023","CS2009 BSE-5A"
"23I-0342","Ahmed Chaudhry","BS Software Engineering","2023","SE3005 BSE-5A"
"23I-0342","Ahmed Chaudhry","BS Software Engineering","2023","SE3002 BSE-5A"
"23I-0342","Ahmed Chaudhry","BS Software Engineering","2023","SS2012 BSE-5A"
"23I-0343","Omar Qureshi","BS Software Engineering","2023","AI2002 BSE-5A"
"23I-0343","Omar Qureshi","BS Software Engineering","2023","CS2009 BSE-5A"
"23I-0343","Omar Qureshi","BS Software Engineering","2023","SE3005 BSE-5A"
"23I-0343","Omar Qureshi","BS Software Engineering","2023","SE3002 BSE-5A"
"23I-0343","Omar Qureshi","BS Software Engineering","2023","SS2012 BSE-5A"
"23I-0344","Sara Shah","BS Software Engineering","2023","AI2002 BSE-5A"
"23I-0344","Sara Shah","BS Software Engineering","2023","CS2009 BSE-5A"
"23I-0344","Sara Shah","BS Software Engineering","2023","SE3005 BSE-5A"
"23I-0344","Sara Shah","BS Software Engineering","2023","SE3002 BSE-5A"
"23I-0344","Sara Shah","BS Software Engineering","2023","SS2012 BSE-5A"
"23I-0345","Ali Akhtar","BS Software Engineering","2023","AI2002 BSE-5A"
"23I-0345","Ali Akhtar","BS Software Engineering","2023","CS2009 BSE-5A"
"23I-0345","Ali Akhtar","BS Software Engineering","2023","SE3005 BSE-5A"
"23I-0345","Ali Akhtar","BS Software Engineering","2023","SE3002 BSE-5A"
"23I-0345","Ali Akhtar","BS Software Engineering","2023","SS2012 BSE-5A"
"23I-0346","Saad Farooq","BS Software Engineering","2023","AI2002 BSE-5B"
"23I-0346","Saad Farooq","BS Software Engineering","2023","CS2009 BSE-5B"
"23I-0346","Saad Farooq","BS Software Engineering","2023","SE3005 BSE-5B"
"23I-0346","Saad Farooq","BS Software Engineering","2023","SE3002 BSE-5B"
"23I-0346","Saad Farooq","BS Software Engineering","2023","SS2012 BSE-5B"
"23I-0347","Khadija Raza","BS Software Engineering","2023","AI2002 BSE-5B"
"23I-0347","Khadija Raza","BS Software Engineering","2023","CS2009 BSE-5B"
"23I-0347","Khadija Raza","BS Software Engineering","2023","SE3005 BSE-5B"
"23I-0347","Khadija Raza","BS Software Engineering","2023","SE3002 BSE-5B"
"23I-0347","Khadija Raza","BS Software Engineering","2023","SS2012 BSE-5B"
"23I-0348","Usman Naveed","BS Software Engineering","2023","AI2002 BSE-5B"
"23I-0348","Usman Naveed","BS Software Engineering","2023","CS2009 BSE-5B"
"23I-0348","Usman Naveed","BS Software Engineering","2023","SE3005 BSE-5B"
"23I-0348","Usman Naveed","BS Software Engineering","2023","SE3002 BSE-5B"
"23I-0348","Usman Naveed","BS Software Engineering","2023","SS2012 BSE-5B"
"23I-0349","Fatima Sheikh","BS Software Engineering","2023","AI2002 BSE-5B"
"23I-0349","Fatima Sheikh","BS Software Engineering","2023","CS2009 BSE-5B"
"23I-0349","Fatima Sheikh","BS Software Engineering","2023","SE3005 BSE-5B"
"23I-0349","Fatima Sheikh","BS Software Engineering","2023","SE3002 BSE-5B"
"23I-0349","Fatima Sheikh","BS Software Engineering","2023","SS2012 BSE-5B"
"23I-0350","Hira Malik","BS Software Engineering","2023","AI2002 BSE-5B"
"23I-0350","Hira Malik","BS Software Engineering","2023","CS2009 BSE-5B"
"23I-0350","Hira Malik","BS Software Engineering","2023","SE3005 BSE-5B"
"23I-0350","Hira Malik","BS Software Engineering","2023","SE3002 BSE-5B"
"23I-0350","Hira Malik","BS Software Engineering","2023","SS2012 BSE-5B"
"23I-0351","Hamza Abbasi","BS Software Engineering","2023","AI2002 BSE-5B"
"23I-0351","Hamza Abbasi","BS Software Engineering","2023","CS2009 BSE-5B"
"23I-0351","Hamza Abbasi","BS Software Engineering","2023","SE3005 BSE-5B"
"23I-0351","Hamza Abbasi","BS Software Engineering","2023","SE3002 BSE-5B"
"23I-0351","Hamza Abbasi","BS Software Engineering","2023","SS2012 BSE-5B"
"23I-0352","Ayesha Hassan","BS Software Engineering","2023","SS2012 BSE-5C"
"23I-0352","Ayesha Hassan","BS Software Engineering","2023","SE3002 BSE-5C"
"23I-0352","Ayesha Hassan","BS Software Engineering","2023","AL2002 BSE-5C"
"23I-0352","Ayesha Hassan","BS Software Engineering","2023","SE3005 BSE-5C"
"23I-0352","Ayesha Hassan","BS Software Engineering","2023","CS2009 BSE-5C"
"23I-0353","Sana Ali","BS Software Engineering","2023","SS2012 BSE-5C"
"23I-0353","Sana Ali","BS Software Engineering","2023","SE3002 BSE-5C"
"23I-0353","Sana Ali","BS Software Engineering","2023","AL2002 BSE-5C"
"23I-0353","Sana Ali","BS Software Engineering","2023","SE3005 BSE-5C"
"23I-0353","Sana Ali","BS Software Engineering","2023","CS2009 BSE-5C"
"23I-0354","Bilal Javed","BS Software Engineering","2023","SS2012 BSE-5C"
"23I-0354","Bilal Javed","BS Software Engineering","2023","SE3002 BSE-5C"
"23I-0354","Bilal Javed","BS Software Engineering","2023","AL2002 BSE-5C"
"23I-0354","Bilal Javed","BS Software Engineering","2023","SE3005 BSE-5C"
"23I-0354","Bilal Javed","BS Software Engineering","2023","CS2009 BSE-5C"
"23I-0355","Zainab Iqbal","BS Software Engineering","2023","SS2012 BSE-5C"
"23I-0355","Zainab Iqbal","BS Software Engineering","2023","SE3002 BSE-5C"
"23I-0355","Zainab Iqbal","BS Software Engineering","2023","AL2002 BSE-5C"
"23I-0355","Zainab Iqbal","BS Software Engineering","2023","SE3005 BSE-5C"
"23I-0355","Zainab Iqbal","BS Software Engineering","2023","CS2009 BSE-5C"
"23I-0356","Iqra Ahmed","BS Software Engineering","2023","SS2012 BSE-5C"
"23I-0356","Iqra Ahmed","BS Software Engineering","2023","SE3002 BSE-5C"
"23I-0356","Iqra Ahmed","BS Software Engineering","2023","AL2002 BSE-5C"
"23I-0356","Iqra Ahmed","BS Software Engineering","2023","SE3005 BSE-5C"
"23I-0356","Iqra Ahmed","BS Software Engineering","2023","CS2009 BSE-5C"
"23I-0357","Zain Mirza","BS Software Engineering","2023","SS2012 BSE-5C"
"23I-0357","Zain Mirza","BS Software Engineering","2023","SE3002 BSE-5C"
"23I-0357","Zain Mirza","BS Software Engineering","2023","AL2002 BSE-5C"
"23I-0357","Zain Mirza","BS Software Engineering","2023","SE3005 BSE-5C"
"23I-0357","Zain Mirza","BS Software Engineering","2023","CS2009 BSE-5C"
"25I-0358","Maryam Siddiqui","BS Software Engineering","2025","SS1012 BSE-1A"
"25I-0358","Maryam Siddiqui","BS Software Engineering","2025","NS1001 BSE-1A"
"25I-0358","Maryam Siddiqui","BS Software Engineering","2025","MT1003 BSE-1A"
"25I-0358","Maryam Siddiqui","BS Software Engineering","2025","CL1000 BSE-1A"
"25I-0358","Maryam Siddiqui","BS Software Engineering","2025","CL1002 BSE-1A"
"25I-0359","Muhammad Khan","BS Software Engineering","2025","SS1012 BSE-1A"
"25I-0359","Muhammad Khan","BS Software Engineering","2025","NS1001 BSE-1A"
"25I-0359","Muhammad Khan","BS Software Engineering","2025","MT1003 BSE-1A"
"25I-0359","Muhammad Khan","BS Software Engineering","2025","CL1000 BSE-1A"
"25I-0359","Muhammad Khan","BS Software Engineering","2025","CL1002 BSE-1A"
"25I-0360","Talha Bhatti","BS Software Engineering","2025","SS1012 BSE-1A"
"25I-0360","Talha Bhatti","BS Software Engineering","2025","NS1001 BSE-1A"
"25I-0360","Talha Bhatti","BS Software Engineering","2025","MT1003 BSE-1A"
"25I-0360","Talha Bhatti","BS Software Engineering","2025","CL1000 BSE-1A"
"25I-0360","Talha Bhatti","BS Software Engineering","2025","CL1002 BSE-1A"
"25I-0361","Noor Tariq","BS Software Engineering","2025","SS1012 BSE-1A"
"25I-0361","Noor Tariq","BS Software Engineering","2025","NS1001 BSE-1A"
"25I-0361","Noor Tariq","BS Software Engineering","2025","MT1003 BSE-1A"
"25I-0361","Noor Tariq","BS Software Engineering","2025","CL1000 BSE-1A"
"25I-0361","Noor Tariq","BS Software Engineering","2025","CL1002 BSE-1A"
"25I-0362","Ahmed Chaudhry","BS Software Engineering","2025","SS1012 BSE-1A"
"25I-0362","Ahmed Chaudhry","BS Software Engineering","2025","NS1001 BSE-1A"
"25I-0362","Ahmed Chaudhry","BS Software Engineering","2025","MT1003 BSE-1A"
"25I-0362","Ahmed Chaudhry","BS Software Engineering","2025","CL1000 BSE-1A"
"25I-0362","Ahmed Chaudhry","BS Software Engineering","2025","CL1002 BSE-1A"
"25I-0363","Omar Qureshi","BS Software Engineering","2025","SS1012 BSE-1A"
"25I-0363","Omar Qureshi","BS Software Engineering","2025","NS1001 BSE-1A"
"25I-0363","Omar Qureshi","BS Software Engineering","2025","MT1003 BSE-1A"
"25I-0363","Omar Qureshi","BS Software Engineering","2025","CL1000 BSE-1A"
"25I-0363","Omar Qureshi","BS Software Engineering","2025","CL1002 BSE-1A"
"25I-0364","Sara Shah","BS Software Engineering","2025","NS1001 BSE-1B"
"25I-0364","Sara Shah","BS Software Engineering","2025","MT1003 BSE-1B"
"25I-0364","Sara Shah","BS Software Engineering","2025","CL1000 BSE-1B"
"25I-0364","Sara Shah","BS Software Engineering","2025","CS1002 BSE-1B"
"25I-0364","Sara Shah","BS Software Engineering","2025","SS1012 BSE-1B"
"25I-0365","Ali Akhtar","BS Software Engineering","2025","NS1001 BSE-1B"
"25I-0365","Ali Akhtar","BS Software Engineering","2025","MT1003 BSE-1B"
"25I-0365","Ali Akhtar","BS Software Engineering","2025","CL1000 BSE-1B"
"25I-0365","Ali Akhtar","BS Software Engineering","2025","CS1002 BSE-1B"
"25I-0365","Ali Akhtar","BS Software Engineering","2025","SS1012 BSE-1B"
"25I-0366","Saad Farooq","BS Software Engineering","2025","NS1001 BSE-1B"
"25I-0366","Saad Farooq","BS Software Engineering","2025","MT1003 BSE-1B"
"25I-0366","Saad Farooq","BS Software Engineering","2025","CL1000 BSE-1B"
"25I-0366","Saad Farooq","BS Software Engineering","2025","CS1002 BSE-1B"
"25I-0366","Saad Farooq","BS Software Engineering","2025","SS1012 BSE-1B"
"25I-0367","Khadija Raza","BS Software Engineering","2025","NS1001 BSE-1B"
"25I-0367","Khadija Raza","BS Software Engineering","2025","MT1003 BSE-1B"
"25I-0367","Khadija Raza","BS Software Engineering","2025","CL1000 BSE-1B"
"25I-0367","Khadija Raza","BS Software Engineering","2025","CS1002 BSE-1B"
"25I-0367","Khadija Raza","BS Software Engineering","2025","SS1012 BSE-1B"
"25I-0368","Usman Naveed","BS Software Engineering","2025","NS1001 BSE-1B"
"25I-0368","Usman Naveed","BS Software Engineering","2025","MT1003 BSE-1B"
"25I-0368","Usman Naveed","BS Software Engineering","2025","CL1000 BSE-1B"
"25I-0368","Usman Naveed","BS Software Engineering","2025","CS1002 BSE-1B"
"25I-0368","Usman Naveed","BS Software Engineering","2025","SS1012 BSE-1B"
"25I-0369","Fatima Sheikh","BS Software Engineering","2025","NS1001 BSE-1B"
"25I-0369","Fatima Sheikh","BS Software Engineering","2025","MT1003 BSE-1B"
"25I-0369","Fatima Sheikh","BS Software Engineering","2025","CL1000 BSE-1B"
"25I-0369","Fatima Sheikh","BS Software Engineering","2025","CS1002 BSE-1B"
"25I-0369","Fatima Sheikh","BS Software Engineering","2025","SS1012 BSE-1B"
"24I-0370","Hira Malik","BS Software Engineering","2024","SS1015 BSE-3C"
"24I-0370","Hira Malik","BS Software Engineering","2024","MT1004 BSE-3C"
"24I-0370","Hira Malik","BS Software Engineering","2024","CL2001 BSE-3C"
"24I-0370","Hira Malik","BS Software Engineering","2024","EE2003 BSE-3C"
"24I-0370","Hira Malik","BS Software Engineering","2024","SE1001 BSE-3C"
"24I-0371","Hamza Abbasi","BS Software Engineering","2024","SS1015 BSE-3C"
"24I-0371","Hamza Abbasi","BS Software Engineering","2024","MT1004 BSE-3C"
"24I-0371","Hamza Abbasi","BS Software Engineering","2024","CL2001 BSE-3C"
"24I-0371","Hamza Abbasi","BS Software Engineering","2024","EE2003 BSE-3C"
"24I-0371","Hamza Abbasi","BS Software Engineering","2024","SE1001 BSE-3C"
"24I-0372","Ayesha Hassan","BS Software Engineering","2024","SS1015 BSE-3C"
"24I-0372","Ayesha Hassan","BS Software Engineering","2024","MT1004 BSE-3C"
"24I-0372","Ayesha Hassan","BS Software Engineering","2024","CL2001 BSE-3C"
"24I-0372","Ayesha Hassan","BS Software Engineering","2024","EE2003 BSE-3C"
"24I-0372","Ayesha Hassan","BS Software Engineering","2024","SE1001 BSE-3C"
"24I-0373","Sana Ali","BS Software Engineering","2024","SS1015 BSE-3C"
"24I-0373","Sana Ali","BS Software Engineering","2024","MT1004 BSE-3C"
"24I-0373","Sana Ali","BS Software Engineering","2024","CL2001 BSE-3C"
"24I-0373","Sana Ali","BS Software Engineering","2024","EE2003 BSE-3C"
"24I-0373","Sana Ali","BS Software Engineering","2024","SE1001 BSE-3C"
"24I-0374","Bilal Javed","BS Software Engineering","2024","SS1015 BSE-3C"
"24I-0374","Bilal Javed","BS Software Engineering","2024","MT1004 BSE-3C"
"24I-0374","Bilal Javed","BS Software Engineering","2024","CL2001 BSE-3C"
"24I-0374","Bilal Javed","BS Software Engineering","2024","EE2003 BSE-3C"
"24I-0374","Bilal Javed","BS Software Engineering","2024","SE1001 BSE-3C"
"24I-0375","Zainab Iqbal","BS Software Engineering","2024","SS1015 BSE-3C"
"24I-0375","Zainab Iqbal","BS Software Engineering","2024","MT1004 BSE-3C"
"24I-0375","Zainab Iqbal","BS Software Engineering","2024","CL2001 BSE-3C"
"24I-0375","Zainab Iqbal","BS Software Engineering","2024","EE2003 BSE-3C"
"24I-0375","Zainab Iqbal","BS Software Engineering","2024","SE1001 BSE-3C"
"22I-0376","Iqra Ahmed","Computer Science","2022","CS-1002 SE-A"
"22I-0376","Iqra Ahmed","Computer Science","2022","ARTSH SE-A"
"22I-0377","Zain Mirza","Computer Science","2022","CS-1002 SE-A"
"22I-0377","Zain Mirza","Computer Science","2022","ARTSH SE-A"
"22I-0378","Maryam Siddiqui","Computer Science","2022","CS-1002 SE-A"
"22I-0378","Maryam Siddiqui","Computer Science","2022","ARTSH SE-A"
"22I-0379","Muhammad Khan","Computer Science","2022","CS-1002 SE-A"
"22I-0379","Muhammad Khan","Computer Science","2022","ARTSH SE-A"
"22I-0380","Talha Bhatti","Computer Science","2022","CS-1002 SE-A"
"22I-0380","Talha Bhatti","Computer Science","2022","ARTSH SE-A"
"22I-0381","Noor Tariq","Computer Science","2022","CS-1002 SE-A"
"22I-0381","Noor Tariq","Computer Science","2022","ARTSH SE-A"
"22I-0382","Ahmed Chaudhry","Computer Science","2022","CS-1002 SE-B"
"22I-0382","Ahmed Chaudhry","Computer Science","2022","ARTSH SE-B"
"22I-0383","Omar Qureshi","Computer Science","2022","CS-1002 SE-B"
"22I-0383","Omar Qureshi","Computer Science","2022","ARTSH SE-B"
"22I-0384","Sara Shah","Computer Science","2022","CS-1002 SE-B"
"22I-0384","Sara Shah","Computer Science","2022","ARTSH SE-B"
"22I-0385","Ali Akhtar","Computer Science","2022","CS-1002 SE-B"
"22I-0385","Ali Akhtar","Computer Science","2022","ARTSH SE-B"
"22I-0386","Saad Farooq","Computer Science","2022","CS-1002 SE-B"
"22I-0386","Saad Farooq","Computer Science","2022","ARTSH SE-B"
"22I-0387","Khadija Raza","Computer Science","2022","CS-1002 SE-B"
"22I-0387","Khadija Raza","Computer Science","2022","ARTSH SE-B"
"25I-0388","Usman Naveed","BS Software Engineering","2025","MT1003 BSE-1C"
"25I-0388","Usman Naveed","BS Software Engineering","2025","CL1000 BSE-1C"
"25I-0388","Usman Naveed","BS Software Engineering","2025","CS1002 BSE-1C"
"25I-0388","Usman Naveed","BS Software Engineering","2025","NS1001 BSE-1C"
"25I-0388","Usman Naveed","BS Software Engineering","2025","SS1012 BSE-1C"
"25I-0389","Fatima Sheikh","BS Software Engineering","2025","MT1003 BSE-1C"
"25I-0389","Fatima Sheikh","BS Software Engineering","2025","CL1000 BSE-1C"
"25I-0389","Fatima Sheikh","BS Software Engineering","2025","CS1002 BSE-1C"
"25I-0389","Fatima Sheikh","BS Software Engineering","2025","NS1001 BSE-1C"
"25I-0389","Fatima Sheikh","BS Software Engineering","2025","SS1012 BSE-1C"
"25I-0390","Hira Malik","BS Software Engineering","2025","MT1003 BSE-1C"
"25I-0390","Hira Malik","BS Software Engineering","2025","CL1000 BSE-1C"
"25I-0390","Hira Malik","BS Software Engineering","2025","CS1002 BSE-1C"
"25I-0390","Hira Malik","BS Software Engineering","2025","NS1001 BSE-1C"
"25I-0390","Hira Malik","BS Software Engineering","2025","SS1012 BSE-1C"
"25I-0391","Hamza Abbasi","BS Software Engineering","2025","MT1003 BSE-1C"
"25I-0391","Hamza Abbasi","BS Software Engineering","2025","CL1000 BSE-1C"
"25I-0391","Hamza Abbasi","BS Software Engineering","2025","CS1002 BSE-1C"
"25I-0391","Hamza Abbasi","BS Software Engineering","2025","NS1001 BSE-1C"
"25I-0391","Hamza Abbasi","BS Software Engineering","2025","SS1012 BSE-1C"
"25I-0392","Ayesha Hassan","BS Software Engineering","2025","MT1003 BSE-1C"
"25I-0392","Ayesha Hassan","BS Software Engineering","2025","CL1000 BSE-1C"
"25I-0392","Ayesha Hassan","BS Software Engineering","2025","CS1002 BSE-1C"
"25I-0392","Ayesha Hassan","BS Software Engineering","2025","NS1001 BSE-1C"
"25I-0392","Ayesha Hassan","BS Software Engineering","2025","SS1012 BSE-1C"
"25I-0393","Sana Ali","BS Software Engineering","2025","MT1003 BSE-1C"
"25I-0393","Sana Ali","BS Software Engineering","2025","CL1000 BSE-1C"
"25I-0393","Sana Ali","BS Software Engineering","2025","CS1002 BSE-1C"
"25I-0393","Sana Ali","BS Software Engineering","2025","NS1001 BSE-1C"
"25I-0393","Sana Ali","BS Software Engineering","2025","SS1012 BSE-1C"
"25I-0394","Bilal Javed","BS Software Engineering","2025","MT1003 BSE-1D"
"25I-0394","Bilal Javed","BS Software Engineering","2025","CL1000 BSE-1D"
"25I-0394","Bilal Javed","BS Software Engineering","2025","NS1001 BSE-1D"
"25I-0394","Bilal Javed","BS Software Engineering","2025","CS1002 BSE-1D"
"25I-0394","Bilal Javed","BS Software Engineering","2025","SS1013 BSE-1D"
"25I-0395","Zainab Iqbal","BS Software Engineering","2025","MT1003 BSE-1D"
"25I-0395","Zainab Iqbal","BS Software Engineering","2025","CL1000 BSE-1D"
"25I-0395","Zainab Iqbal","BS Software Engineering","2025","NS1001 BSE-1D"
"25I-0395","Zainab Iqbal","BS Software Engineering","2025","CS1002 BSE-1D"
"25I-0395","Zainab Iqbal","BS Software Engineering","2025","SS1013 BSE-1D"
"25I-0396","Iqra Ahmed","BS Software Engineering","2025","MT1003 BSE-1D"
"25I-0396","Iqra Ahmed","BS Software Engineering","2025","CL1000 BSE-1D"
"25I-0396","Iqra Ahmed","BS Software Engineering","2025","NS1001 BSE-1D"
"25I-0396","Iqra Ahmed","BS Software Engineering","2025","CS1002 BSE-1D"
"25I-0396","Iqra Ahmed","BS Software Engineering","2025","SS1013 BSE-1D"
"25I-0397","Zain Mirza","BS Software Engineering","2025","MT1003 BSE-1D"
"25I-0397","Zain Mirza","BS Software Engineering","2025","CL1000 BSE-1D"
"25I-0397","Zain Mirza","BS Software Engineering","2025","NS1001 BSE-1D"
"25I-0397","Zain Mirza","BS Software Engineering","2025","CS1002 BSE-1D"
"25I-0397","Zain Mirza","BS Software Engineering","2025","SS1013 BSE-1D"
"25I-0398","Maryam Siddiqui","BS Software Engineering","2025","MT1003 BSE-1D"
"25I-0398","Maryam Siddiqui","BS Software Engineering","2025","CL1000 BSE-1D"
"25I-0398","Maryam Siddiqui","BS Software Engineering","2025","NS1001 BSE-1D"
"25I-0398","Maryam Siddiqui","BS Software Engineering","2025","CS1002 BSE-1D"
"25I-0398","Maryam Siddiqui","BS Software Engineering","2025","SS1013 BSE-1D"
"25I-0399","Muhammad Khan","BS Software Engineering","2025","MT1003 BSE-1D"
"25I-0399","Muhammad Khan","BS Software Engineering","2025","CL1000 BSE-1D"
"25I-0399","Muhammad Khan","BS Software Engineering","2025","NS1001 BSE-1D"
"25I-0399","Muhammad Khan","BS Software Engineering","2025","CS1002 BSE-1D"
"25I-0399","Muhammad Khan","BS Software Engineering","2025","SS1013 BSE-1D"
"24I-0400","Talha Bhatti","BS Software Engineering","2024","CS2001 BSE-3A"
"24I-0400","Talha Bhatti","BS Software Engineering","2024","SE1001 BSE-3A"
"24I-0400","Talha Bhatti","BS Software Engineering","2024","EE2003 BSE-3A"
"24I-0400","Talha Bhatti","BS Software Engineering","2024","CS1004 BSE-3A"
"24I-0400","Talha Bhatti","BS Software Engineering","2024","SS1015 BSE-3A"
"24I-0401","Noor Tariq","BS Software Engineering","2024","CS2001 BSE-3A"
"24I-0401","Noor Tariq","BS Software Engineering","2024","SE1001 BSE-3A"
"24I-0401","Noor Tariq","BS Software Engineering","2024","EE2003 BSE-3A"
"24I-0401","Noor Tariq","BS Software Engineering","2024","CS1004 BSE-3A"
"24I-0401","Noor Tariq","BS Software Engineering","2024","SS1015 BSE-3A"
"24I-0402","Ahmed Chaudhry","BS Software Engineering","2024","CS2001 BSE-3A"
"24I-0402","Ahmed Chaudhry","BS Software Engineering","2024","SE1001 BSE-3A"
"24I-0402","Ahmed Chaudhry","BS Software Engineering","2024","EE2003 BSE-3A"
"24I-0402","Ahmed Chaudhry","BS Software Engineering","2024","CS1004 BSE-3A"
"24I-0402","Ahmed Chaudhry","BS Software Engineering","2024","SS1015 BSE-3A"
"24I-0403","Omar Qureshi","BS Software Engineering","2024","CS2001 BSE-3A"
"24I-0403","Omar Qureshi","BS Software Engineering","2024","SE1001 BSE-3A"
"24I-0403","Omar Qureshi","BS Software Engineering","2024","EE2003 BSE-3A"
"24I-0403","Omar Qureshi","BS Software Engineering","2024","CS1004 BSE-3A"
"24I-0403","Omar Qureshi","BS Software Engineering","2024","SS1015 BSE-3A"
"24I-0404","Sara Shah","BS Software Engineering","2024","CS2001 BSE-3A"
"24I-0404","Sara Shah","BS Software Engineering","2024","SE1001 BSE-3A"
"24I-0404","Sara Shah","BS Software Engineering","2024","EE2003 BSE-3A"
"24I-0404","Sara Shah","BS Software Engineering","2024","CS1004 BSE-3A"
"24I-0404","Sara Shah","BS Software Engineering","2024","SS1015 BSE-3A"
"24I-0405","Ali Akhtar","BS Software Engineering","2024","CS2001 BSE-3A"
"24I-0405","Ali Akhtar","BS Software Engineering","2024","SE1001 BSE-3A"
"24I-0405","Ali Akhtar","BS Software Engineering","2024","EE2003 BSE-3A"
"24I-0405","Ali Akhtar","BS Software Engineering","2024","CS1004 BSE-3A"
"24I-0405","Ali Akhtar","BS Software Engineering","2024","SS1015 BSE-3A"
"24I-0406","Saad Farooq","BS Software Engineering","2024","CS2001 BSE-3B"
"24I-0406","Saad Farooq","BS Software Engineering","2024","EE2003 BSE-3B"
"24I-0406","Saad Farooq","BS Software Engineering","2024","SE1001 BSE-3B"
"24I-0406","Saad Farooq","BS Software Engineering","2024","MT1004 BSE-3B"
"24I-0406","Saad Farooq","BS Software Engineering","2024","SS1022 BSE-3B"
"24I-0407","Khadija Raza","BS Software Engineering","2024","CS2001 BSE-3B"
"24I-0407","Khadija Raza","BS Software Engineering","2024","EE2003 BSE-3B"
"24I-0407","Khadija Raza","BS Software Engineering","2024","SE1001 BSE-3B"
"24I-0407","Khadija Raza","BS Software Engineering","2024","MT1004 BSE-3B"
"24I-0407","Khadija Raza","BS Software Engineering","2024","SS1022 BSE-3B"
"24I-0408","Usman Naveed","BS Software Engineering","2024","CS2001 BSE-3B"
"24I-0408","Usman Naveed","BS Software Engineering","2024","EE2003 BSE-3B"
"24I-0408","Usman Naveed","BS Software Engineering","2024","SE1001 BSE-3B"
"24I-0408","Usman Naveed","BS Software Engineering","2024","MT1004 BSE-3B"
"24I-0408","Usman Naveed","BS Software Engineering","2024","SS1022 BSE-3B"
"24I-0409","Fatima Sheikh","BS Software Engineering","2024","CS2001 BSE-3B"
"24I-0409","Fatima Sheikh","BS Software Engineering","2024","EE2003 BSE-3B"
"24I-0409","Fatima Sheikh","BS Software Engineering","2024","SE1001 BSE-3B"
"24I-0409","Fatima Sheikh","BS Software Engineering","2024","MT1004 BSE-3B"
"24I-0409","Fatima Sheikh","BS Software Engineering","2024","SS1022 BSE-3B"
"24I-0410","Hira Malik","BS Software Engineering","2024","CS2001 BSE-3B"
"24I-0410","Hira Malik","BS Software Engineering","2024","EE2003 BSE-3B"
"24I-0410","Hira Malik","BS Software Engineering","2024","SE1001 BSE-3B"
"24I-0410","Hira Malik","BS Software Engineering","2024","MT1004 BSE-3B"
"24I-0410","Hira Malik","BS Software Engineering","2024","SS1022 BSE-3B"
"24I-0411","Hamza Abbasi","BS Software Engineering","2024","CS2001 BSE-3B"
"24I-0411","Hamza Abbasi","BS Software Engineering","2024","EE2003 BSE-3B"
"24I-0411","Hamza Abbasi","BS Software Engineering","2024","SE1001 BSE-3B"
"24I-0411","Hamza Abbasi","BS Software Engineering","2024","MT1004 BSE-3B"
"24I-0411","Hamza Abbasi","BS Software Engineering","2024","SS1022 BSE-3B"
"22I-0412","Ayesha Hassan","BS Software Engineering","2022","SE4001 BSE-9A"
"22I-0412","Ayesha Hassan","BS Software Engineering","2022","CS4001 BSE-9A"
"22I-0412","Ayesha Hassan","BS Software Engineering","2022","CS2007 BSE-9A"
"22I-0412","Ayesha Hassan","BS Software Engineering","2022","MG4057 BSE-9A"
"22I-0412","Ayesha Hassan","BS Software Engineering","2022","SL3001 BSE-9A"
"22I-0413","Sana Ali","BS Software Engineering","2022","SE4001 BSE-9A"
"22I-0413","Sana Ali","BS Software Engineering","2022","CS4001 BSE-9A"
"22I-0413","Sana Ali","BS Software Engineering","2022","CS2007 BSE-9A"
"22I-0413","Sana Ali","BS Software Engineering","2022","MG4057 BSE-9A"
"22I-0413","Sana Ali","BS Software Engineering","2022","SL3001 BSE-9A"
"22I-0414","Bilal Javed","BS Software Engineering","2022","SE4001 BSE-9A"
"22I-0414","Bilal Javed","BS Software Engineering","2022","CS4001 BSE-9A"
"22I-0414","Bilal Javed","BS Software Engineering","2022","CS2007 BSE-9A"
"22I-0414","Bilal Javed","BS Software Engineering","2022","MG4057 BSE-9A"
"22I-0414","Bilal Javed","BS Software Engineering","2022","SL3001 BSE-9A"
"22I-0415","Zainab Iqbal","BS Software Engineering","2022","SE4001 BSE-9A"
"22I-0415","Zainab Iqbal","BS Software Engineering","2022","CS4001 BSE-9A"
"22I-0415","Zainab Iqbal","BS Software Engineering","2022","CS2007 BSE-9A"
"22I-0415","Zainab Iqbal","BS Software Engineering","2022","MG4057 BSE-9A"
"22I-0415","Zainab Iqbal","BS Software Engineering","2022","SL3001 BSE-9A"
"22I-0416","Iqra Ahmed","BS Software Engineering","2022","SE4001 BSE-9A"
"22I-0416","Iqra Ahmed","BS Software Engineering","2022","CS4001 BSE-9A"
"22I-0416","Iqra Ahmed","BS Software Engineering","2022","CS2007 BSE-9A"
"22I-0416","Iqra Ahmed","BS Software Engineering","2022","MG4057 BSE-9A"
"22I-0416","Iqra Ahmed","BS Software Engineering","2022","SL3001 BSE-9A"
"22I-0417","Zain Mirza","BS Software Engineering","2022","SE4001 BSE-9A"
"22I-0417","Zain Mirza","BS Software Engineering","2022","CS4001 BSE-9A"
"22I-0417","Zain Mirza","BS Software Engineering","2022","CS2007 BSE-9A"
"22I-0417","Zain Mirza","BS Software Engineering","2022","MG4057 BSE-9A"
"22I-0417","Zain Mirza","BS Software Engineering","2022","SL3001 BSE-9A"
"22I-0418","Maryam Siddiqui","Computer Science","2022","CS-1002 SE-F"
"22I-0419","Muhammad Khan","Computer Science","2022","CS-1002 SE-F"
"22I-0420","Talha Bhatti","Computer Science","2022","CS-1002 SE-F"
"22I-0421","Noor Tariq","Computer Science","2022","CS-1002 SE-F"
"22I-0422","Ahmed Chaudhry","Computer Science","2022","CS-1002 SE-F"
"22I-0423","Omar Qureshi","Computer Science","2022","CS-1002 SE-F"
"24I-0424","Sara Shah","BS Software Engineering","2024","MT1004 BSE-3D"
"24I-0424","Sara Shah","BS Software Engineering","2024","SS1022 BSE-3D"
"24I-0424","Sara Shah","BS Software Engineering","2024","EL2003 BSE-3D"
"24I-0424","Sara Shah","BS Software Engineering","2024","CS2001 BSE-3D"
"24I-0424","Sara Shah","BS Software Engineering","2024","EE2003 BSE-3D"
"24I-0425","Ali Akhtar","BS Software Engineering","2024","MT1004 BSE-3D"
"24I-0425","Ali Akhtar","BS Software Engineering","2024","SS1022 BSE-3D"
"24I-0425","Ali Akhtar","BS Software Engineering","2024","EL2003 BSE-3D"
"24I-0425","Ali Akhtar","BS Software Engineering","2024","CS2001 BSE-3D"
"24I-0425","Ali Akhtar","BS Software Engineering","2024","EE2003 BSE-3D"
"24I-0426","Saad Farooq","BS Software Engineering","2024","MT1004 BSE-3D"
"24I-0426","Saad Farooq","BS Software Engineering","2024","SS1022 BSE-3D"
"24I-0426","Saad Farooq","BS Software Engineering","2024","EL2003 BSE-3D"
"24I-0426","Saad Farooq","BS Software Engineering","2024","CS2001 BSE-3D"
"24I-0426","Saad Farooq","BS Software Engineering","2024","EE2003 BSE-3D"
"24I-0427","Khadija Raza","BS Software Engineering","2024","MT1004 BSE-3D"
"24I-0427","Khadija Raza","BS Software Engineering","2024","SS1022 BSE-3D"
"24I-0427","Khadija Raza","BS Software Engineering","2024","EL2003 BSE-3D"
"24I-0427","Khadija Raza","BS Software Engineering","2024","CS2001 BSE-3D"
"24I-0427","Khadija Raza","BS Software Engineering","2024","EE2003 BSE-3D"
"24I-0428","Usman Naveed","BS Software Engineering","2024","MT1004 BSE-3D"
"24I-0428","Usman Naveed","BS Software Engineering","2024","SS1022 BSE-3D"
"24I-0428","Usman Naveed","BS Software Engineering","2024","EL2003 BSE-3D"
"24I-0428","Usman Naveed","BS Software Engineering","2024","CS2001 BSE-3D"
"24I-0428","Usman Naveed","BS Software Engineering","2024","EE2003 BSE-3D"
"24I-0429","Fatima Sheikh","BS Software Engineering","2024","MT1004 BSE-3D"
"24I-0429","Fatima Sheikh","BS Software Engineering","2024","SS1022 BSE-3D"
"24I-0429","Fatima Sheikh","BS Software Engineering","2024","EL2003 BSE-3D"
"24I-0429","Fatima Sheikh","BS Software Engineering","2024","CS2001 BSE-3D"
"24I-0429","Fatima Sheikh","BS Software Engineering","2024","EE2003 BSE-3D"
"22I-0430","Hira Malik","BS Software Engineering","2022","CS3002 BSE-7A"
"22I-0430","Hira Malik","BS Software Engineering","2022","CS4039 BSE-7A"
"22I-0430","Hira Malik","BS Software Engineering","2022","CS4046 BSE-7A"
"22I-0430","Hira Malik","BS Software Engineering","2022","SE4033 BSE-7A"
"22I-0430","Hira Malik","BS Software Engineering","2022","CS3006 BSE-7A"
"22I-0431","Hamza Abbasi","BS Software Engineering","2022","CS3002 BSE-7A"
"22I-0431","Hamza Abbasi","BS Software Engineering","2022","CS4039 BSE-7A"
"22I-0431","Hamza Abbasi","BS Software Engineering","2022","CS4046 BSE-7A"
"22I-0431","Hamza Abbasi","BS Software Engineering","2022","SE4033 BSE-7A"
"22I-0431","Hamza Abbasi","BS Software Engineering","2022","CS3006 BSE-7A"
"22I-0432","Ayesha Hassan","BS Software Engineering","2022","CS3002 BSE-7A"
"22I-0432","Ayesha Hassan","BS Software Engineering","2022","CS4039 BSE-7A"
"22I-0432","Ayesha Hassan","BS Software Engineering","2022","CS4046 BSE-7A"
"22I-0432","Ayesha Hassan","BS Software Engineering","2022","SE4033 BSE-7A"
"22I-0432","Ayesha Hassan","BS Software Engineering","2022","CS3006 BSE-7A"
"22I-0433","Sana Ali","BS Software Engineering","2022","CS3002 BSE-7A"
"22I-0433","Sana Ali","BS Software Engineering","2022","CS4039 BSE-7A"
"22I-0433","Sana Ali","BS Software Engineering","2022","CS4046 BSE-7A"
"22I-0433","Sana Ali","BS Software Engineering","2022","SE4033 BSE-7A"
"22I-0433","Sana Ali","BS Software Engineering","2022","CS3006 BSE-7A"
"22I-0434","Bilal Javed","BS Software Engineering","2022","CS3002 BSE-7A"
"22I-0434","Bilal Javed","BS Software Engineering","2022","CS4039 BSE-7A"
"22I-0434","Bilal Javed","BS Software Engineering","2022","CS4046 BSE-7A"
"22I-0434","Bilal Javed","BS Software Engineering","2022","SE4033 BSE-7A"
"22I-0434","Bilal Javed","BS Software Engineering","2022","CS3006 BSE-7A"
"22I-0435","Zainab Iqbal","BS Software Engineering","2022","CS3002 BSE-7A"
"22I-0435","Zainab Iqbal","BS Software Engineering","2022","CS4039 BSE-7A"
"22I-0435","Zainab Iqbal","BS Software Engineering","2022","CS4046 BSE-7A"
"22I-0435","Zainab Iqbal","BS Software Engineering","2022","SE4033 BSE-7A"
"22I-0435","Zainab Iqbal","BS Software Engineering","2022","CS3006 BSE-7A"
"22I-0436","Iqra Ahmed","BS Software Engineering","2022","CS3002 BSE-7B"
"22I-0436","Iqra Ahmed","BS Software Engineering","2022","CS3006 BSE-7B"
"22I-0436","Iqra Ahmed","BS Software Engineering","2022","CS4039 BSE-7B"
"22I-0436","Iqra Ahmed","BS Software Engineering","2022","AI4009 BSE-7B"
"22I-0436","Iqra Ahmed","BS Software Engineering","2022","CS4063 BSE-7B"
"22I-0437","Zain Mirza","BS Software Engineering","2022","CS3002 BSE-7B"
"22I-0437","Zain Mirza","BS Software Engineering","2022","CS3006 BSE-7B"
"22I-0437","Zain Mirza","BS Software Engineering","2022","CS4039 BSE-7B"
"22I-0437","Zain Mirza","BS Software Engineering","2022","AI4009 BSE-7B"
"22I-0437","Zain Mirza","BS Software Engineering","2022","CS4063 BSE-7B"
"22I-0438","Maryam Siddiqui","BS Software Engineering","2022","CS3002 BSE-7B"
"22I-0438","Maryam Siddiqui","BS Software Engineering","2022","CS3006 BSE-7B"
"22I-0438","Maryam Siddiqui","BS Software Engineering","2022","CS4039 BSE-7B"
"22I-0438","Maryam Siddiqui","BS Software Engineering","2022","AI4009 BSE-7B"
"22I-0438","Maryam Siddiqui","BS Software Engineering","2022","CS4063 BSE-7B"
"22I-0439","Muhammad Khan","BS Software Engineering","2022","CS3002 BSE-7B"
"22I-0439","Muhammad Khan","BS Software Engineering","2022","CS3006 BSE-7B"
"22I-0439","Muhammad Khan","BS Software Engineering","2022","CS4039 BSE-7B"
"22I-0439","Muhammad Khan","BS Software Engineering","2022","AI4009 BSE-7B"
"22I-0439","Muhammad Khan","BS Software Engineering","2022","CS4063 BSE-7B"
"22I-0440","Talha Bhatti","BS Software Engineering","2022","CS3002 BSE-7B"
"22I-0440","Talha Bhatti","BS Software Engineering","2022","CS3006 BSE-7B"
"22I-0440","Talha Bhatti","BS Software Engineering","2022","CS4039 BSE-7B"
"22I-0440","Talha Bhatti","BS Software Engineering","2022","AI4009 BSE-7B"
"22I-0440","Talha Bhatti","BS Software Engineering","2022","CS4063 BSE-7B"
"22I-0441","Noor Tariq","BS Software Engineering","2022","CS3002 BSE-7B"
"22I-0441","Noor Tariq","BS Software Engineering","2022","CS3006 BSE-7B"
"22I-0441","Noor Tariq","BS Software Engineering","2022","CS4039 BSE-7B"
"22I-0441","Noor Tariq","BS Software Engineering","2022","AI4009 BSE-7B"
"22I-0441","Noor Tariq","BS Software Engineering","2022","CS4063 BSE-7B"
"25I-0442","Ahmed Chaudhry","BS Artificial Intelligence","2025","MT1003 BAI-1A"
"25I-0442","Ahmed Chaudhry","BS Artificial Intelligence","2025","SS1013 BAI-1A"
"25I-0442","Ahmed Chaudhry","BS Artificial Intelligence","2025","SS1019 BAI-1A"
"25I-0442","Ahmed Chaudhry","BS Artificial Intelligence","2025","CL1000 BAI-1A"
"25I-0442","Ahmed Chaudhry","BS Artificial Intelligence","2025","SS1007 BAI-1A"
"25I-0443","Omar Qureshi","BS Artificial Intelligence","2025","MT1003 BAI-1A"
"25I-0443","Omar Qureshi","BS Artificial Intelligence","2025","SS1013 BAI-1A"
"25I-0443","Omar Qureshi","BS Artificial Intelligence","2025","SS1019 BAI-1A"
"25I-0443","Omar Qureshi","BS Artificial Intelligence","2025","CL1000 BAI-1A"
"25I-0443","Omar Qureshi","BS Artificial Intelligence","2025","SS1007 BAI-1A"
"25I-0444","Sara Shah","BS Artificial Intelligence","2025","MT1003 BAI-1A"
"25I-0444","Sara Shah","BS Artificial Intelligence","2025","SS1013 BAI-1A"
"25I-0444","Sara Shah","BS Artificial Intelligence","2025","SS1019 BAI-1A"
"25I-0444","Sara Shah","BS Artificial Intelligence","2025","CL1000 BAI-1A"
"25I-0444","Sara Shah","BS Artificial Intelligence","2025","SS1007 BAI-1A"
"25I-0445","Ali Akhtar","BS Artificial Intelligence","2025","MT1003 BAI-1A"
"25I-0445","Ali Akhtar","BS Artificial Intelligence","2025","SS1013 BAI-1A"
"25I-0445","Ali Akhtar","BS Artificial Intelligence","2025","SS1019 BAI-1A"
"25I-0445","Ali Akhtar","BS Artificial Intelligence","2025","CL1000 BAI-1A"
"25I-0445","Ali Akhtar","BS Artificial Intelligence","2025","SS1007 BAI-1A"
"25I-0446","Saad Farooq","BS Artificial Intelligence","2025","MT1003 BAI-1A"
"25I-0446","Saad Farooq","BS Artificial Intelligence","2025","SS1013 BAI-1A"
"25I-0446","Saad Farooq","BS Artificial Intelligence","2025","SS1019 BAI-1A"
"25I-0446","Saad Farooq","BS Artificial Intelligence","2025","CL1000 BAI-1A"
"25I-0446","Saad Farooq","BS Artificial Intelligence","2025","SS1007 BAI-1A"
"25I-0447","Khadija Raza","BS Artificial Intelligence","2025","MT1003 BAI-1A"
"25I-0447","Khadija Raza","BS Artificial Intelligence","2025","SS1013 BAI-1A"
"25I-0447","Khadija Raza","BS Artificial Intelligence","2025","SS1019 BAI-1A"
"25I-0447","Khadija Raza","BS Artificial Intelligence","2025","CL1000 BAI-1A"
"25I-0447","Khadija Raza","BS Artificial Intelligence","2025","SS1007 BAI-1A"
"22I-0448","Usman Naveed","Computer Science","2022","CS-1002 AI-A"
"22I-0449","Fatima Sheikh","Computer Science","2022","CS-1002 AI-A"
"22I-0450","Hira Malik","Computer Science","2022","CS-1002 AI-A"
"22I-0451","Hamza Abbasi","Computer Science","2022","CS-1002 AI-A"
"22I-0452","Ayesha Hassan","Computer Science","2022","CS-1002 AI-A"
"22I-0453","Sana Ali","Computer Science","2022","CS-1002 AI-A"
"22I-0454","Bilal Javed","BS Cyber Security","2022","CS4049 BCY-7A"
"22I-0454","Bilal Javed","BS Cyber Security","2022","CY4048 BCY-7A"
"22I-0454","Bilal Javed","BS Cyber Security","2022","CS4075 BCY-7A"
"22I-0454","Bilal Javed","BS Cyber Security","2022","CY3003 BCY-7A"
"22I-0454","Bilal Javed","BS Cyber Security","2022","CS4001 BCY-7A"
"22I-0455","Zainab Iqbal","BS Cyber Security","2022","CS4049 BCY-7A"
"22I-0455","Zainab Iqbal","BS Cyber Security","2022","CY4048 BCY-7A"
"22I-0455","Zainab Iqbal","BS Cyber Security","2022","CS4075 BCY-7A"
"22I-0455","Zainab Iqbal","BS Cyber Security","2022","CY3003 BCY-7A"
"22I-0455","Zainab Iqbal","BS Cyber Security","2022","CS4001 BCY-7A"
"22I-0456","Iqra Ahmed","BS Cyber Security","2022","CS4049 BCY-7A"
"22I-0456","Iqra Ahmed","BS Cyber Security","2022","CY4048 BCY-7A"
"22I-0456","Iqra Ahmed","BS Cyber Security","2022","CS4075 BCY-7A"
"22I-0456","Iqra Ahmed","BS Cyber Security","2022","CY3003 BCY-7A"
"22I-0456","Iqra Ahmed","BS Cyber Security","2022","CS4001 BCY-7A"
"22I-0457","Zain Mirza","BS Cyber Security","2022","CS4049 BCY-7A"
"22I-0457","Zain Mirza","BS Cyber Security","2022","CY4048 BCY-7A"
"22I-0457","Zain Mirza","BS Cyber Security","2022","CS4075 BCY-7A"
"22I-0457","Zain Mirza","BS Cyber Security","2022","CY3003 BCY-7A"
"22I-0457","Zain Mirza","BS Cyber Security","2022","CS4001 BCY-7A"
"22I-0458","Maryam Siddiqui","BS Cyber Security","2022","CS4049 BCY-7A"
"22I-0458","Maryam Siddiqui","BS Cyber Security","2022","CY4048 BCY-7A"
"22I-0458","Maryam Siddiqui","BS Cyber Security","2022","CS4075 BCY-7A"
"22I-0458","Maryam Siddiqui","BS Cyber Security","2022","CY3003 BCY-7A"
"22I-0458","Maryam Siddiqui","BS Cyber Security","2022","CS4001 BCY-7A"
"22I-0459","Muhammad Khan","BS Cyber Security","2022","CS4049 BCY-7A"
"22I-0459","Muhammad Khan","BS Cyber Security","2022","CY4048 BCY-7A"
"22I-0459","Muhammad Khan","BS Cyber Security","2022","CS4075 BCY-7A"
"22I-0459","Muhammad Khan","BS Cyber Security","2022","CY3003 BCY-7A"
"22I-0459","Muhammad Khan","BS Cyber Security","2022","CS4001 BCY-7A"
"22I-0460","Talha Bhatti","BS Cyber Security","2022","CS4049 BCY-7B"
"22I-0460","Talha Bhatti","BS Cyber Security","2022","CY4048 BCY-7B"
"22I-0460","Talha Bhatti","BS Cyber Security","2022","CS4075 BCY-7B"
"22I-0460","Talha Bhatti","BS Cyber Security","2022","CS4001 BCY-7B"
"22I-0460","Talha Bhatti","BS Cyber Security","2022","CY3003 BCY-7B"
"22I-0461","Noor Tariq","BS Cyber Security","2022","CS4049 BCY-7B"
"22I-0461","Noor Tariq","BS Cyber Security","2022","CY4048 BCY-7B"
"22I-0461","Noor Tariq","BS Cyber Security","2022","CS4075 BCY-7B"
"22I-0461","Noor Tariq","BS Cyber Security","2022","CS4001 BCY-7B"
"22I-0461","Noor Tariq","BS Cyber Security","2022","CY3003 BCY-7B"
"22I-0462","Ahmed Chaudhry","BS Cyber Security","2022","CS4049 BCY-7B"
"22I-0462","Ahmed Chaudhry","BS Cyber Security","2022","CY4048 BCY-7B"
"22I-0462","Ahmed Chaudhry","BS Cyber Security","2022","CS4075 BCY-7B"
"22I-0462","Ahmed Chaudhry","BS Cyber Security","2022","CS4001 BCY-7B"
"22I-0462","Ahmed Chaudhry","BS Cyber Security","2022","CY3003 BCY-7B"
"22I-0463","Omar Qureshi","BS Cyber Security","2022","CS4049 BCY-7B"
"22I-0463","Omar Qureshi","BS Cyber Security","2022","CY4048 BCY-7B"
"22I-0463","Omar Qureshi","BS Cyber Security","2022","CS4075 BCY-7B"
"22I-0463","Omar Qureshi","BS Cyber Security","2022","CS4001 BCY-7B"
"22I-0463","Omar Qureshi","BS Cyber Security","2022","CY3003 BCY-7B"
"22I-0464","Sara Shah","BS Cyber Security","2022","CS4049 BCY-7B"
"22I-0464","Sara Shah","BS Cyber Security","2022","CY4048 BCY-7B"
"22I-0464","Sara Shah","BS Cyber Security","2022","CS4075 BCY-7B"
"22I-0464","Sara Shah","BS Cyber Security","2022","CS4001 BCY-7B"
"22I-0464","Sara Shah","BS Cyber Security","2022","CY3003 BCY-7B"
"22I-0465","Ali Akhtar","BS Cyber Security","2022","CS4049 BCY-7B"
"22I-0465","Ali Akhtar","BS Cyber Security","2022","CY4048 BCY-7B"
"22I-0465","Ali Akhtar","BS Cyber Security","2022","CS4075 BCY-7B"
"22I-0465","Ali Akhtar","BS Cyber Security","2022","CS4001 BCY-7B"
"22I-0465","Ali Akhtar","BS Cyber Security","2022","CY3003 BCY-7B"
"24I-0466","Saad Farooq","BS Artificial Intelligence","2024","EE2003 BAI-3A"
"24I-0466","Saad Farooq","BS Artificial Intelligence","2024","CS2001 BAI-3A"
"24I-0466","Saad Farooq","BS Artificial Intelligence","2024","CS1004 BAI-3A"
"24I-0466","Saad Farooq","BS Artificial Intelligence","2024","AI2001 BAI-3A"
"24I-0466","Saad Farooq","BS Artificial Intelligence","2024","MT1004 BAI-3A"
"24I-0467","Khadija Raza","BS Artificial Intelligence","2024","EE2003 BAI-3A"
"24I-0467","Khadija Raza","BS Artificial Intelligence","2024","CS2001 BAI-3A"
"24I-0467","Khadija Raza","BS Artificial Intelligence","2024","CS1004 BAI-3A"
"24I-0467","Khadija Raza","BS Artificial Intelligence","2024","AI2001 BAI-3A"
"24I-0467","Khadija Raza","BS Artificial Intelligence","2024","MT1004 BAI-3A"
"24I-0468","Usman Naveed","BS Artificial Intelligence","2024","EE2003 BAI-3A"
"24I-0468","Usman Naveed","BS Artificial Intelligence","2024","CS2001 BAI-3A"
"24I-0468","Usman Naveed","BS Artificial Intelligence","2024","CS1004 BAI-3A"
"24I-0468","Usman Naveed","BS Artificial Intelligence","2024","AI2001 BAI-3A"
"24I-0468","Usman Naveed","BS Artificial Intelligence","2024","MT1004 BAI-3A"
"24I-0469","Fatima Sheikh","BS Artificial Intelligence","2024","EE2003 BAI-3A"
"24I-0469","Fatima Sheikh","BS Artificial Intelligence","2024","CS2001 BAI-3A"
"24I-0469","Fatima Sheikh","BS Artificial Intelligence","2024","CS1004 BAI-3A"
"24I-0469","Fatima Sheikh","BS Artificial Intelligence","2024","AI2001 BAI-3A"
"24I-0469","Fatima Sheikh","BS Artificial Intelligence","2024","MT1004 BAI-3A"
"24I-0470","Hira Malik","BS Artificial Intelligence","2024","EE2003 BAI-3A"
"24I-0470","Hira Malik","BS Artificial Intelligence","2024","CS2001 BAI-3A"
"24I-0470","Hira Malik","BS Artificial Intelligence","2024","CS1004 BAI-3A"
"24I-0470","Hira Malik","BS Artificial Intelligence","2024","AI2001 BAI-3A"
"24I-0470","Hira Malik","BS Artificial Intelligence","2024","MT1004 BAI-3A"
"24I-0471","Hamza Abbasi","BS Artificial Intelligence","2024","EE2003 BAI-3A"
"24I-0471","Hamza Abbasi","BS Artificial Intelligence","2024","CS2001 BAI-3A"
"24I-0471","Hamza Abbasi","BS Artificial Intelligence","2024","CS1004 BAI-3A"
"24I-0471","Hamza Abbasi","BS Artificial Intelligence","2024","AI2001 BAI-3A"
"24I-0471","Hamza Abbasi","BS Artificial Intelligence","2024","MT1004 BAI-3A"
"24I-0472","Ayesha Hassan","BS Artificial Intelligence","2024","MT1004 BAI-3C"
"24I-0472","Ayesha Hassan","BS Artificial Intelligence","2024","AL2001 BAI-3C"
"24I-0472","Ayesha Hassan","BS Artificial Intelligence","2024","CL2001 BAI-3C"
"24I-0472","Ayesha Hassan","BS Artificial Intelligence","2024","CS2001 BAI-3C"
"24I-0472","Ayesha Hassan","BS Artificial Intelligence","2024","EE2003 BAI-3C"
"24I-0473","Sana Ali","BS Artificial Intelligence","2024","MT1004 BAI-3C"
"24I-0473","Sana Ali","BS Artificial Intelligence","2024","AL2001 BAI-3C"
"24I-0473","Sana Ali","BS Artificial Intelligence","2024","CL2001 BAI-3C"
"24I-0473","Sana Ali","BS Artificial Intelligence","2024","CS2001 BAI-3C"
"24I-0473","Sana Ali","BS Artificial Intelligence","2024","EE2003 BAI-3C"
"24I-0474","Bilal Javed","BS Artificial Intelligence","2024","MT1004 BAI-3C"
"24I-0474","Bilal Javed","BS Artificial Intelligence","2024","AL2001 BAI-3C"
"24I-0474","Bilal Javed","BS Artificial Intelligence","2024","CL2001 BAI-3C"
"24I-0474","Bilal Javed","BS Artificial Intelligence","2024","CS2001 BAI-3C"
"24I-0474","Bilal Javed","BS Artificial Intelligence","2024","EE2003 BAI-3C"
"24I-0475","Zainab Iqbal","BS Artificial Intelligence","2024","MT1004 BAI-3C"
"24I-0475","Zainab Iqbal","BS Artificial Intelligence","2024","AL2001 BAI-3C"
"24I-0475","Zainab Iqbal","BS Artificial Intelligence","2024","CL2001 BAI-3C"
"24I-0475","Zainab Iqbal","BS Artificial Intelligence","2024","CS2001 BAI-3C"
"24I-0475","Zainab Iqbal","BS Artificial Intelligence","2024","EE2003 BAI-3C"
"24I-0476","Iqra Ahmed","BS Artificial Intelligence","2024","MT1004 BAI-3C"
"24I-0476","Iqra Ahmed","BS Artificial Intelligence","2024","AL2001 BAI-3C"
"24I-0476","Iqra Ahmed","BS Artificial Intelligence","2024","CL2001 BAI-3C"
"24I-0476","Iqra Ahmed","BS Artificial Intelligence","2024","CS2001 BAI-3C"
"24I-0476","Iqra Ahmed","BS Artificial Intelligence","2024","EE2003 BAI-3C"
"24I-0477","Zain Mirza","BS Artificial Intelligence","2024","MT1004 BAI-3C"
"24I-0477","Zain Mirza","BS Artificial Intelligence","2024","AL2001 BAI-3C"
"24I-0477","Zain Mirza","BS Artificial Intelligence","2024","CL2001 BAI-3C"
"24I-0477","Zain Mirza","BS Artificial Intelligence","2024","CS2001 BAI-3C"
"24I-0477","Zain Mirza","BS Artificial Intelligence","2024","EE2003 BAI-3C"
"24I-0478","Maryam Siddiqui","BS Artificial Intelligence","2024","CS2001 BAI-3B"
"24I-0478","Maryam Siddiqui","BS Artificial Intelligence","2024","EE2003 BAI-3B"
"24I-0478","Maryam Siddiqui","BS Artificial Intelligence","2024","AI2001 BAI-3B"
"24I-0478","Maryam Siddiqui","BS Artificial Intelligence","2024","MT1004 BAI-3B"
"24I-0478","Maryam Siddiqui","BS Artificial Intelligence","2024","AL2001 BAI-3B"
"24I-0479","Muhammad Khan","BS Artificial Intelligence","2024","CS2001 BAI-3B"
"24I-0479","Muhammad Khan","BS Artificial Intelligence","2024","EE2003 BAI-3B"
"24I-0479","Muhammad Khan","BS Artificial Intelligence","2024","AI2001 BAI-3B"
"24I-0479","Muhammad Khan","BS Artificial Intelligence","2024","MT1004 BAI-3B"
"24I-0479","Muhammad Khan","BS Artificial Intelligence","2024","AL2001 BAI-3B"
"24I-0480","Talha Bhatti","BS Artificial Intelligence","2024","CS2001 BAI-3B"
"24I-0480","Talha Bhatti","BS Artificial Intelligence","2024","EE2003 BAI-3B"
"24I-0480","Talha Bhatti","BS Artificial Intelligence","2024","AI2001 BAI-3B"
"24I-0480","Talha Bhatti","BS Artificial Intelligence","2024","MT1004 BAI-3B"
"24I-0480","Talha Bhatti","BS Artificial Intelligence","2024","AL2001 BAI-3B"
"24I-0481","Noor Tariq","BS Artificial Intelligence","2024","CS2001 BAI-3B"
"24I-0481","Noor Tariq","BS Artificial Intelligence","2024","EE2003 BAI-3B"
"24I-0481","Noor Tariq","BS Artificial Intelligence","2024","AI2001 BAI-3B"
"24I-0481","Noor Tariq","BS Artificial Intelligence","2024","MT1004 BAI-3B"
"24I-0481","Noor Tariq","BS Artificial Intelligence","2024","AL2001 BAI-3B"
"24I-0482","Ahmed Chaudhry","BS Artificial Intelligence","2024","CS2001 BAI-3B"
"24I-0482","Ahmed Chaudhry","BS Artificial Intelligence","2024","EE2003 BAI-3B"
"24I-0482","Ahmed Chaudhry","BS Artificial Intelligence","2024","AI2001 BAI-3B"
"24I-0482","Ahmed Chaudhry","BS Artificial Intelligence","2024","MT1004 BAI-3B"
"24I-0482","Ahmed Chaudhry","BS Artificial Intelligence","2024","AL2001 BAI-3B"
"24I-0483","Omar Qureshi","BS Artificial Intelligence","2024","CS2001 BAI-3B"
"24I-0483","Omar Qureshi","BS Artificial Intelligence","2024","EE2003 BAI-3B"
"24I-0483","Omar Qureshi","BS Artificial Intelligence","2024","AI2001 BAI-3B"
"24I-0483","Omar Qureshi","BS Artificial Intelligence","2024","MT1004 BAI-3B"
"24I-0483","Omar Qureshi","BS Artificial Intelligence","2024","AL2001 BAI-3B"
"23I-0484","Sara Shah","BS Artificial Intelligence","2023","AI3001 BAI-5A"
"23I-0484","Sara Shah","BS Artificial Intelligence","2023","CS2009 BAI-5A"
"23I-0484","Sara Shah","BS Artificial Intelligence","2023","CS3001 BAI-5A"
"23I-0484","Sara Shah","BS Artificial Intelligence","2023","SS2012 BAI-5A"
"23I-0484","Sara Shah","BS Artificial Intelligence","2023","AI3002 BAI-5A"
"23I-0485","Ali Akhtar","BS Artificial Intelligence","2023","AI3001 BAI-5A"
"23I-0485","Ali Akhtar","BS Artificial Intelligence","2023","CS2009 BAI-5A"
"23I-0485","Ali Akhtar","BS Artificial Intelligence","2023","CS3001 BAI-5A"
"23I-0485","Ali Akhtar","BS Artificial Intelligence","2023","SS2012 BAI-5A"
"23I-0485","Ali Akhtar","BS Artificial Intelligence","2023","AI3002 BAI-5A"
"23I-0486","Saad Farooq","BS Artificial Intelligence","2023","AI3001 BAI-5A"
"23I-0486","Saad Farooq","BS Artificial Intelligence","2023","CS2009 BAI-5A"
"23I-0486","Saad Farooq","BS Artificial Intelligence","2023","CS3001 BAI-5A"
"23I-0486","Saad Farooq","BS Artificial Intelligence","2023","SS2012 BAI-5A"
"23I-0486","Saad Farooq","BS Artificial Intelligence","2023","AI3002 BAI-5A"
"23I-0487","Khadija Raza","BS Artificial Intelligence","2023","AI3001 BAI-5A"
"23I-0487","Khadija Raza","BS Artificial Intelligence","2023","CS2009 BAI-5A"
"23I-0487","Khadija Raza","BS Artificial Intelligence","2023","CS3001 BAI-5A"
"23I-0487","Khadija Raza","BS Artificial Intelligence","2023","SS2012 BAI-5A"
"23I-0487","Khadija Raza","BS Artificial Intelligence","2023","AI3002 BAI-5A"
"23I-0488","Usman Naveed","BS Artificial Intelligence","2023","AI3001 BAI-5A"
"23I-0488","Usman Naveed","BS Artificial Intelligence","2023","CS2009 BAI-5A"
"23I-0488","Usman Naveed","BS Artificial Intelligence","2023","CS3001 BAI-5A"
"23I-0488","Usman Naveed","BS Artificial Intelligence","2023","SS2012 BAI-5A"
"23I-0488","Usman Naveed","BS Artificial Intelligence","2023","AI3002 BAI-5A"
"23I-0489","Fatima Sheikh","BS Artificial Intelligence","2023","AI3001 BAI-5A"
"23I-0489","Fatima Sheikh","BS Artificial Intelligence","2023","CS2009 BAI-5A"
"23I-0489","Fatima Sheikh","BS Artificial Intelligence","2023","CS3001 BAI-5A"
"23I-0489","Fatima Sheikh","BS Artificial Intelligence","2023","SS2012 BAI-5A"
"23I-0489","Fatima Sheikh","BS Artificial Intelligence","2023","AI3002 BAI-5A"
"23I-0490","Hira Malik","BS Artificial Intelligence","2023","CS2009 BAI-5B"
"23I-0490","Hira Malik","BS Artificial Intelligence","2023","SS2012 BAI-5B"
"23I-0490","Hira Malik","BS Artificial Intelligence","2023","CL3001 BAI-5B"
"23I-0490","Hira Malik","BS Artificial Intelligence","2023","AI3001 BAI-5B"
"23I-0490","Hira Malik","BS Artificial Intelligence","2023","AI3002 BAI-5B"
"23I-0491","Hamza Abbasi","BS Artificial Intelligence","2023","CS2009 BAI-5B"
"23I-0491","Hamza Abbasi","BS Artificial Intelligence","2023","SS2012 BAI-5B"
"23I-0491","Hamza Abbasi","BS Artificial Intelligence","2023","CL3001 BAI-5B"
"23I-0491","Hamza Abbasi","BS Artificial Intelligence","2023","AI3001 BAI-5B"
"23I-0491","Hamza Abbasi","BS Artificial Intelligence","2023","AI3002 BAI-5B"
"23I-0492","Ayesha Hassan","BS Artificial Intelligence","2023","CS2009 BAI-5B"
"23I-0492","Ayesha Hassan","BS Artificial Intelligence","2023","SS2012 BAI-5B"
"23I-0492","Ayesha Hassan","BS Artificial Intelligence","2023","CL3001 BAI-5B"
"23I-0492","Ayesha Hassan","BS Artificial Intelligence","2023","AI3001 BAI-5B"
"23I-0492","Ayesha Hassan","BS Artificial Intelligence","2023","AI3002 BAI-5B"
"23I-0493","Sana Ali","BS Artificial Intelligence","2023","CS2009 BAI-5B"
"23I-0493","Sana Ali","BS Artificial Intelligence","2023","SS2012 BAI-5B"
"23I-0493","Sana Ali","BS Artificial Intelligence","2023","CL3001 BAI-5B"
"23I-0493","Sana Ali","BS Artificial Intelligence","2023","AI3001 BAI-5B"
"23I-0493","Sana Ali","BS Artificial Intelligence","2023","AI3002 BAI-5B"
"23I-0494","Bilal Javed","BS Artificial Intelligence","2023","CS2009 BAI-5B"
"23I-0494","Bilal Javed","BS Artificial Intelligence","2023","SS2012 BAI-5B"
"23I-0494","Bilal Javed","BS Artificial Intelligence","2023","CL3001 BAI-5B"
"23I-0494","Bilal Javed","BS Artificial Intelligence","2023","AI3001 BAI-5B"
"23I-0494","Bilal Javed","BS Artificial Intelligence","2023","AI3002 BAI-5B"
"23I-0495","Zainab Iqbal","BS Artificial Intelligence","2023","CS2009 BAI-5B"
"23I-0495","Zainab Iqbal","BS Artificial Intelligence","2023","SS2012 BAI-5B"
"23I-0495","Zainab Iqbal","BS Artificial Intelligence","2023","CL3001 BAI-5B"
"23I-0495","Zainab Iqbal","BS Artificial Intelligence","2023","AI3001 BAI-5B"
"23I-0495","Zainab Iqbal","BS Artificial Intelligence","2023","AI3002 BAI-5B"
"23I-0496","Iqra Ahmed","BS Artificial Intelligence","2023","CS2009 BAI-5C"
"23I-0496","Iqra Ahmed","BS Artificial Intelligence","2023","SS2012 BAI-5C"
"23I-0496","Iqra Ahmed","BS Artificial Intelligence","2023","AL3002 BAI-5C"
"23I-0496","Iqra Ahmed","BS Artificial Intelligence","2023","AI3001 BAI-5C"
"23I-0496","Iqra Ahmed","BS Artificial Intelligence","2023","AI3002 BAI-5C"
"23I-0497","Zain Mirza","BS Artificial Intelligence","2023","CS2009 BAI-5C"
"23I-0497","Zain Mirza","BS Artificial Intelligence","2023","SS2012 BAI-5C"
"23I-0497","Zain Mirza","BS Artificial Intelligence","2023","AL3002 BAI-5C"
"23I-0497","Zain Mirza","BS Artificial Intelligence","2023","AI3001 BAI-5C"
"23I-0497","Zain Mirza","BS Artificial Intelligence","2023","AI3002 BAI-5C"
"23I-0498","Maryam Siddiqui","BS Artificial Intelligence","2023","CS2009 BAI-5C"
"23I-0498","Maryam Siddiqui","BS Artificial Intelligence","2023","SS2012 BAI-5C"
"23I-0498","Maryam Siddiqui","BS Artificial Intelligence","2023","AL3002 BAI-5C"
"23I-0498","Maryam Siddiqui","BS Artificial Intelligence","2023","AI3001 BAI-5C"
"23I-0498","Maryam Siddiqui","BS Artificial Intelligence","2023","AI3002 BAI-5C"
"23I-0499","Muhammad Khan","BS Artificial Intelligence","2023","CS2009 BAI-5C"
"23I-0499","Muhammad Khan","BS Artificial Intelligence","2023","SS2012 BAI-5C"
"23I-0499","Muhammad Khan","BS Artificial Intelligence","2023","AL3002 BAI-5C"
"23I-0499","Muhammad Khan","BS Artificial Intelligence","2023","AI3001 BAI-5C"
"23I-0499","Muhammad Khan","BS Artificial Intelligence","2023","AI3002 BAI-5C"
"23I-0500","Talha Bhatti","BS Artificial Intelligence","2023","CS2009 BAI-5C"
"23I-0500","Talha Bhatti","BS Artificial Intelligence","2023","SS2012 BAI-5C"
"23I-0500","Talha Bhatti","BS Artificial Intelligence","2023","AL3002 BAI-5C"
"23I-0500","Talha Bhatti","BS Artificial Intelligence","2023","AI3001 BAI-5C"
"23I-0500","Talha Bhatti","BS Artificial Intelligence","2023","AI3002 BAI-5C"
"23I-0501","Noor Tariq","BS Artificial Intelligence","2023","CS2009 BAI-5C"
"23I-0501","Noor Tariq","BS Artificial Intelligence","2023","SS2012 BAI-5C"
"23I-0501","Noor Tariq","BS Artificial Intelligence","2023","AL3002 BAI-5C"
"23I-0501","Noor Tariq","BS Artificial Intelligence","2023","AI3001 BAI-5C"
"23I-0501","Noor Tariq","BS Artificial Intelligence","2023","AI3002 BAI-5C"
"25I-0502","Ahmed Chaudhry","BS Data Science","2025","SS1012 BDS-1A"
"25I-0502","Ahmed Chaudhry","BS Data Science","2025","CL1000 BDS-1A"
"25I-0502","Ahmed Chaudhry","BS Data Science","2025","MT1003 BDS-1A"
"25I-0502","Ahmed Chaudhry","BS Data Science","2025","CS1002 BDS-1A"
"25I-0502","Ahmed Chaudhry","BS Data Science","2025","SS1013 BDS-1A"
"25I-0503","Omar Qureshi","BS Data Science","2025","SS1012 BDS-1A"
"25I-0503","Omar Qureshi","BS Data Science","2025","CL1000 BDS-1A"
"25I-0503","Omar Qureshi","BS Data Science","2025","MT1003 BDS-1A"
"25I-0503","Omar Qureshi","BS Data Science","2025","CS1002 BDS-1A"
"25I-0503","Omar Qureshi","BS Data Science","2025","SS1013 BDS-1A"
"25I-0504","Sara Shah","BS Data Science","2025","SS1012 BDS-1A"
"25I-0504","Sara Shah","BS Data Science","2025","CL1000 BDS-1A"
"25I-0504","Sara Shah","BS Data Science","2025","MT1003 BDS-1A"
"25I-0504","Sara Shah","BS Data Science","2025","CS1002 BDS-1A"
"25I-0504","Sara Shah","BS Data Science","2025","SS1013 BDS-1A"
"25I-0505","Ali Akhtar","BS Data Science","2025","SS1012 BDS-1A"
"25I-0505","Ali Akhtar","BS Data Science","2025","CL1000 BDS-1A"
"25I-0505","Ali Akhtar","BS Data Science","2025","MT1003 BDS-1A"
"25I-0505","Ali Akhtar","BS Data Science","2025","CS1002 BDS-1A"
"25I-0505","Ali Akhtar","BS Data Science","2025","SS1013 BDS-1A"
"25I-0506","Saad Farooq","BS Data Science","2025","SS1012 BDS-1A"
"25I-0506","Saad Farooq","BS Data Science","2025","CL1000 BDS-1A"
"25I-0506","Saad Farooq","BS Data Science","2025","MT1003 BDS-1A"
"25I-0506","Saad Farooq","BS Data Science","2025","CS1002 BDS-1A"
"25I-0506","Saad Farooq","BS Data Science","2025","SS1013 BDS-1A"
"25I-0507","Khadija Raza","BS Data Science","2025","SS1012 BDS-1A"
"25I-0507","Khadija Raza","BS Data Science","2025","CL1000 BDS-1A"
"25I-0507","Khadija Raza","BS Data Science","2025","MT1003 BDS-1A"
"25I-0507","Khadija Raza","BS Data Science","2025","CS1002 BDS-1A"
"25I-0507","Khadija Raza","BS Data Science","2025","SS1013 BDS-1A"
"24I-0508","Usman Naveed","BS Data Science","2024","MT1004 BDS-3B"
"24I-0508","Usman Naveed","BS Data Science","2024","EL2003 BDS-3B"
"24I-0508","Usman Naveed","BS Data Science","2024","CL2001 BDS-3B"
"24I-0508","Usman Naveed","BS Data Science","2024","EE2003 BDS-3B"
"24I-0508","Usman Naveed","BS Data Science","2024","SS1019 BDS-3B"
"24I-0509","Fatima Sheikh","BS Data Science","2024","MT1004 BDS-3B"
"24I-0509","Fatima Sheikh","BS Data Science","2024","EL2003 BDS-3B"
"24I-0509","Fatima Sheikh","BS Data Science","2024","CL2001 BDS-3B"
"24I-0509","Fatima Sheikh","BS Data Science","2024","EE2003 BDS-3B"
"24I-0509","Fatima Sheikh","BS Data Science","2024","SS1019 BDS-3B"
"24I-0510","Hira Malik","BS Data Science","2024","MT1004 BDS-3B"
"24I-0510","Hira Malik","BS Data Science","2024","EL2003 BDS-3B"
"24I-0510","Hira Malik","BS Data Science","2024","CL2001 BDS-3B"
"24I-0510","Hira Malik","BS Data Science","2024","EE2003 BDS-3B"
"24I-0510","Hira Malik","BS Data Science","2024","SS1019 BDS-3B"
"24I-0511","Hamza Abbasi","BS Data Science","2024","MT1004 BDS-3B"
"24I-0511","Hamza Abbasi","BS Data Science","2024","EL2003 BDS-3B"
"24I-0511","Hamza Abbasi","BS Data Science","2024","CL2001 BDS-3B"
"24I-0511","Hamza Abbasi","BS Data Science","2024","EE2003 BDS-3B"
"24I-0511","Hamza Abbasi","BS Data Science","2024","SS1019 BDS-3B"
"24I-0512","Ayesha Hassan","BS Data Science","2024","MT1004 BDS-3B"
"24I-0512","Ayesha Hassan","BS Data Science","2024","EL2003 BDS-3B"
"24I-0512","Ayesha Hassan","BS Data Science","2024","CL2001 BDS-3B"
"24I-0512","Ayesha Hassan","BS Data Science","2024","EE2003 BDS-3B"
"24I-0512","Ayesha Hassan","BS Data Science","2024","SS1019 BDS-3B"
"24I-0513","Sana Ali","BS Data Science","2024","MT1004 BDS-3B"
"24I-0513","Sana Ali","BS Data Science","2024","EL2003 BDS-3B"
"24I-0513","Sana Ali","BS Data Science","2024","CL2001 BDS-3B"
"24I-0513","Sana Ali","BS Data Science","2024","EE2003 BDS-3B"
"24I-0513","Sana Ali","BS Data Science","2024","SS1019 BDS-3B"
"24I-0514","Bilal Javed","BS Data Science","2024","MT1004 BDS-3A"
"24I-0514","Bilal Javed","BS Data Science","2024","SS1022 BDS-3A"
"24I-0514","Bilal Javed","BS Data Science","2024","DL2001 BDS-3A"
"24I-0514","Bilal Javed","BS Data Science","2024","EE2003 BDS-3A"
"24I-0514","Bilal Javed","BS Data Science","2024","DS2001 BDS-3A"
"24I-0515","Zainab Iqbal","BS Data Science","2024","MT1004 BDS-3A"
"24I-0515","Zainab Iqbal","BS Data Science","2024","SS1022 BDS-3A"
"24I-0515","Zainab Iqbal","BS Data Science","2024","DL2001 BDS-3A"
"24I-0515","Zainab Iqbal","BS Data Science","2024","EE2003 BDS-3A"
"24I-0515","Zainab Iqbal","BS Data Science","2024","DS2001 BDS-3A"
"24I-0516","Iqra Ahmed","BS Data Science","2024","MT1004 BDS-3A"
"24I-0516","Iqra Ahmed","BS Data Science","2024","SS1022 BDS-3A"
"24I-0516","Iqra Ahmed","BS Data Science","2024","DL2001 BDS-3A"
"24I-0516","Iqra Ahmed","BS Data Science","2024","EE2003 BDS-3A"
"24I-0516","Iqra Ahmed","BS Data Science","2024","DS2001 BDS-3A"
"24I-0517","Zain Mirza","BS Data Science","2024","MT1004 BDS-3A"
"24I-0517","Zain Mirza","BS Data Science","2024","SS1022 BDS-3A"
"24I-0517","Zain Mirza","BS Data Science","2024","DL2001 BDS-3A"
"24I-0517","Zain Mirza","BS Data Science","2024","EE2003 BDS-3A"
"24I-0517","Zain Mirza","BS Data Science","2024","DS2001 BDS-3A"
"24I-0518","Maryam Siddiqui","BS Data Science","2024","MT1004 BDS-3A"
"24I-0518","Maryam Siddiqui","BS Data Science","2024","SS1022 BDS-3A"
"24I-0518","Maryam Siddiqui","BS Data Science","2024","DL2001 BDS-3A"
"24I-0518","Maryam Siddiqui","BS Data Science","2024","EE2003 BDS-3A"
"24I-0518","Maryam Siddiqui","BS Data Science","2024","DS2001 BDS-3A"
"24I-0519","Muhammad Khan","BS Data Science","2024","MT1004 BDS-3A"
"24I-0519","Muhammad Khan","BS Data Science","2024","SS1022 BDS-3A"
"24I-0519","Muhammad Khan","BS Data Science","2024","DL2001 BDS-3A"
"24I-0519","Muhammad Khan","BS Data Science","2024","EE2003 BDS-3A"
"24I-0519","Muhammad Khan","BS Data Science","2024","DS2001 BDS-3A"
"25I-0520","Talha Bhatti","BS Artificial Intelligence","2025","SS1019 BAI-1C"
"25I-0520","Talha Bhatti","BS Artificial Intelligence","2025","MT1003 BAI-1C"
"25I-0520","Talha Bhatti","BS Artificial Intelligence","2025","CS1002 BAI-1C"
"25I-0520","Talha Bhatti","BS Artificial Intelligence","2025","SS1013 BAI-1C"
"25I-0520","Talha Bhatti","BS Artificial Intelligence","2025","CL1002 BAI-1C"
"25I-0521","Noor Tariq","BS Artificial Intelligence","2025","SS1019 BAI-1C"
"25I-0521","Noor Tariq","BS Artificial Intelligence","2025","MT1003 BAI-1C"
"25I-0521","Noor Tariq","BS Artificial Intelligence","2025","CS1002 BAI-1C"
"25I-0521","Noor Tariq","BS Artificial Intelligence","2025","SS1013 BAI-1C"
"25I-0521","Noor Tariq","BS Artificial Intelligence","2025","CL1002 BAI-1C"
"25I-0522","Ahmed Chaudhry","BS Artificial Intelligence","2025","SS1019 BAI-1C"
"25I-0522","Ahmed Chaudhry","BS Artificial Intelligence","2025","MT1003 BAI-1C"
"25I-0522","Ahmed Chaudhry","BS Artificial Intelligence","2025","CS1002 BAI-1C"
"25I-0522","Ahmed Chaudhry","BS Artificial Intelligence","2025","SS1013 BAI-1C"
"25I-0522","Ahmed Chaudhry","BS Artificial Intelligence","2025","CL1002 BAI-1C"
"25I-0523","Omar Qureshi","BS Artificial Intelligence","2025","SS1019 BAI-1C"
"25I-0523","Omar Qureshi","BS Artificial Intelligence","2025","MT1003 BAI-1C"
"25I-0523","Omar Qureshi","BS Artificial Intelligence","2025","CS1002 BAI-1C"
"25I-0523","Omar Qureshi","BS Artificial Intelligence","2025","SS1013 BAI-1C"
"25I-0523","Omar Qureshi","BS Artificial Intelligence","2025","CL1002 BAI-1C"
"25I-0524","Sara Shah","BS Artificial Intelligence","2025","SS1019 BAI-1C"
"25I-0524","Sara Shah","BS Artificial Intelligence","2025","MT1003 BAI-1C"
"25I-0524","Sara Shah","BS Artificial Intelligence","2025","CS1002 BAI-1C"
"25I-0524","Sara Shah","BS Artificial Intelligence","2025","SS1013 BAI-1C"
"25I-0524","Sara Shah","BS Artificial Intelligence","2025","CL1002 BAI-1C"
"25I-0525","Ali Akhtar","BS Artificial Intelligence","2025","SS1019 BAI-1C"
"25I-0525","Ali Akhtar","BS Artificial Intelligence","2025","MT1003 BAI-1C"
"25I-0525","Ali Akhtar","BS Artificial Intelligence","2025","CS1002 BAI-1C"
"25I-0525","Ali Akhtar","BS Artificial Intelligence","2025","SS1013 BAI-1C"
"25I-0525","Ali Akhtar","BS Artificial Intelligence","2025","CL1002 BAI-1C"
"23I-0526","Saad Farooq","BS Data Science","2023","SS2012 BDS-5A"
"23I-0526","Saad Farooq","BS Data Science","2023","CS2009 BDS-5A"
"23I-0526","Saad Farooq","BS Data Science","2023","DL3001 BDS-5A"
"23I-0526","Saad Farooq","BS Data Science","2023","CS2006 BDS-5A"
"23I-0526","Saad Farooq","BS Data Science","2023","DS2003 BDS-5A"
"23I-0527","Khadija Raza","BS Data Science","2023","SS2012 BDS-5A"
"23I-0527","Khadija Raza","BS Data Science","2023","CS2009 BDS-5A"
"23I-0527","Khadija Raza","BS Data Science","2023","DL3001 BDS-5A"
"23I-0527","Khadija Raza","BS Data Science","2023","CS2006 BDS-5A"
"23I-0527","Khadija Raza","BS Data Science","2023","DS2003 BDS-5A"
"23I-0528","Usman Naveed","BS Data Science","2023","SS2012 BDS-5A"
"23I-0528","Usman Naveed","BS Data Science","2023","CS2009 BDS-5A"
"23I-0528","Usman Naveed","BS Data Science","2023","DL3001 BDS-5A"
"23I-0528","Usman Naveed","BS Data Science","2023","CS2006 BDS-5A"
"23I-0528","Usman Naveed","BS Data Science","2023","DS2003 BDS-5A"
"23I-0529","Fatima Sheikh","BS Data Science","2023","SS2012 BDS-5A"
"23I-0529","Fatima Sheikh","BS Data Science","2023","CS2009 BDS-5A"
"23I-0529","Fatima Sheikh","BS Data Science","2023","DL3001 BDS-5A"
"23I-0529","Fatima Sheikh","BS Data Science","2023","CS2006 BDS-5A"
"23I-0529","Fatima Sheikh","BS Data Science","2023","DS2003 BDS-5A"
"23I-0530","Hira Malik","BS Data Science","2023","SS2012 BDS-5A"
"23I-0530","Hira Malik","BS Data Science","2023","CS2009 BDS-5A"
"23I-0530","Hira Malik","BS Data Science","2023","DL3001 BDS-5A"
"23I-0530","Hira Malik","BS Data Science","2023","CS2006 BDS-5A"
"23I-0530","Hira Malik","BS Data Science","2023","DS2003 BDS-5A"
"23I-0531","Hamza Abbasi","BS Data Science","2023","SS2012 BDS-5A"
"23I-0531","Hamza Abbasi","BS Data Science","2023","CS2009 BDS-5A"
"23I-0531","Hamza Abbasi","BS Data Science","2023","DL3001 BDS-5A"
"23I-0531","Hamza Abbasi","BS Data Science","2023","CS2006 BDS-5A"
"23I-0531","Hamza Abbasi","BS Data Science","2023","DS2003 BDS-5A"
"23I-0532","Ayesha Hassan","BS Data Science","2023","CS2009 BDS-5B"
"23I-0532","Ayesha Hassan","BS Data Science","2023","SS2012 BDS-5B"
"23I-0532","Ayesha Hassan","BS Data Science","2023","DL3004 BDS-5B"
"23I-0532","Ayesha Hassan","BS Data Science","2023","DS2003 BDS-5B"
"23I-0532","Ayesha Hassan","BS Data Science","2023","DS3004 BDS-5B"
"23I-0533","Sana Ali","BS Data Science","2023","CS2009 BDS-5B"
"23I-0533","Sana Ali","BS Data Science","2023","SS2012 BDS-5B"
"23I-0533","Sana Ali","BS Data Science","2023","DL3004 BDS-5B"
"23I-0533","Sana Ali","BS Data Science","2023","DS2003 BDS-5B"
"23I-0533","Sana Ali","BS Data Science","2023","DS3004 BDS-5B"
"23I-0534","Bilal Javed","BS Data Science","2023","CS2009 BDS-5B"
"23I-0534","Bilal Javed","BS Data Science","2023","SS2012 BDS-5B"
"23I-0534","Bilal Javed","BS Data Science","2023","DL3004 BDS-5B"
"23I-0534","Bilal Javed","BS Data Science","2023","DS2003 BDS-5B"
"23I-0534","Bilal Javed","BS Data Science","2023","DS3004 BDS-5B"
"23I-0535","Zainab Iqbal","BS Data Science","2023","CS2009 BDS-5B"
"23I-0535","Zainab Iqbal","BS Data Science","2023","SS2012 BDS-5B"
"23I-0535","Zainab Iqbal","BS Data Science","2023","DL3004 BDS-5B"
"23I-0535","Zainab Iqbal","BS Data Science","2023","DS2003 BDS-5B"
"23I-0535","Zainab Iqbal","BS Data Science","2023","DS3004 BDS-5B"
"23I-0536","Iqra Ahmed","BS Data Science","2023","CS2009 BDS-5B"
"23I-0536","Iqra Ahmed","BS Data Science","2023","SS2012 BDS-5B"
"23I-0536","Iqra Ahmed","BS Data Science","2023","DL3004 BDS-5B"
"23I-0536","Iqra Ahmed","BS Data Science","2023","DS2003 BDS-5B"
"23I-0536","Iqra Ahmed","BS Data Science","2023","DS3004 BDS-5B"
"23I-0537","Zain Mirza","BS Data Science","2023","CS2009 BDS-5B"
"23I-0537","Zain Mirza","BS Data Science","2023","SS2012 BDS-5B"
"23I-0537","Zain Mirza","BS Data Science","2023","DL3004 BDS-5B"
"23I-0537","Zain Mirza","BS Data Science","2023","DS2003 BDS-5B"
"23I-0537","Zain Mirza","BS Data Science","2023","DS3004 BDS-5B"
"22I-0538","Maryam Siddiqui","BS Artificial Intelligence","2022","MG3040 BAI-7A"
"22I-0538","Maryam Siddiqui","BS Artificial Intelligence","2022","AI4015 BAI-7A"
"22I-0538","Maryam Siddiqui","BS Artificial Intelligence","2022","AI4013 BAI-7A"
"22I-0538","Maryam Siddiqui","BS Artificial Intelligence","2022","CY4054 BAI-7A"
"22I-0538","Maryam Siddiqui","BS Artificial Intelligence","2022","AI4019 BAI-7A"
"22I-0539","Muhammad Khan","BS Artificial Intelligence","2022","MG3040 BAI-7A"
"22I-0539","Muhammad Khan","BS Artificial Intelligence","2022","AI4015 BAI-7A"
"22I-0539","Muhammad Khan","BS Artificial Intelligence","2022","AI4013 BAI-7A"
"22I-0539","Muhammad Khan","BS Artificial Intelligence","2022","CY4054 BAI-7A"
"22I-0539","Muhammad Khan","BS Artificial Intelligence","2022","AI4019 BAI-7A"
"22I-0540","Talha Bhatti","BS Artificial Intelligence","2022","MG3040 BAI-7A"
"22I-0540","Talha Bhatti","BS Artificial Intelligence","2022","AI4015 BAI-7A"
"22I-0540","Talha Bhatti","BS Artificial Intelligence","2022","AI4013 BAI-7A"
"22I-0540","Talha Bhatti","BS Artificial Intelligence","2022","CY4054 BAI-7A"
"22I-0540","Talha Bhatti","BS Artificial Intelligence","2022","AI4019 BAI-7A"
"22I-0541","Noor Tariq","BS Artificial Intelligence","2022","MG3040 BAI-7A"
"22I-0541","Noor Tariq","BS Artificial Intelligence","2022","AI4015 BAI-7A"
"22I-0541","Noor Tariq","BS Artificial Intelligence","2022","AI4013 BAI-7A"
"22I-0541","Noor Tariq","BS Artificial Intelligence","2022","CY4054 BAI-7A"
"22I-0541","Noor Tariq","BS Artificial Intelligence","2022","AI4019 BAI-7A"
"22I-0542","Ahmed Chaudhry","BS Artificial Intelligence","2022","MG3040 BAI-7A"
"22I-0542","Ahmed Chaudhry","BS Artificial Intelligence","2022","AI4015 BAI-7A"
"22I-0542","Ahmed Chaudhry","BS Artificial Intelligence","2022","AI4013 BAI-7A"
"22I-0542","Ahmed Chaudhry","BS Artificial Intelligence","2022","CY4054 BAI-7A"
"22I-0542","Ahmed Chaudhry","BS Artificial Intelligence","2022","AI4019 BAI-7A"
"22I-0543","Omar Qureshi","BS Artificial Intelligence","2022","MG3040 BAI-7A"
"22I-0543","Omar Qureshi","BS Artificial Intelligence","2022","AI4015 BAI-7A"
"22I-0543","Omar Qureshi","BS Artificial Intelligence","2022","AI4013 BAI-7A"
"22I-0543","Omar Qureshi","BS Artificial Intelligence","2022","CY4054 BAI-7A"
"22I-0543","Omar Qureshi","BS Artificial Intelligence","2022","AI4019 BAI-7A"
"22I-0544","Sara Shah","Computer Science","2022","ISLAMIC DS-B"
"22I-0544","Sara Shah","Computer Science","2022","CS-1002 DS-B"
"22I-0545","Ali Akhtar","Computer Science","2022","ISLAMIC DS-B"
"22I-0545","Ali Akhtar","Computer Science","2022","CS-1002 DS-B"
"22I-0546","Saad Farooq","Computer Science","2022","ISLAMIC DS-B"
"22I-0546","Saad Farooq","Computer Science","2022","CS-1002 DS-B"
"22I-0547","Khadija Raza","Computer Science","2022","ISLAMIC DS-B"
"22I-0547","Khadija Raza","Computer Science","2022","CS-1002 DS-B"
"22I-0548","Usman Naveed","Computer Science","2022","ISLAMIC DS-B"
"22I-0548","Usman Naveed","Computer Science","2022","CS-1002 DS-B"
"22I-0549","Fatima Sheikh","Computer Science","2022","ISLAMIC DS-B"
"22I-0549","Fatima Sheikh","Computer Science","2022","CS-1002 DS-B"
"22I-0550","Hira Malik","BS Artificial Intelligence","2022","AI4015 BAI-7B"
"22I-0550","Hira Malik","BS Artificial Intelligence","2022","MG3040 BAI-7B"
"22I-0551","Hamza Abbasi","BS Artificial Intelligence","2022","AI4015 BAI-7B"
"22I-0551","Hamza Abbasi","BS Artificial Intelligence","2022","MG3040 BAI-7B"
"22I-0552","Ayesha Hassan","BS Artificial Intelligence","2022","AI4015 BAI-7B"
"22I-0552","Ayesha Hassan","BS Artificial Intelligence","2022","MG3040 BAI-7B"
"22I-0553","Sana Ali","BS Artificial Intelligence","2022","AI4015 BAI-7B"
"22I-0553","Sana Ali","BS Artificial Intelligence","2022","MG3040 BAI-7B"
"22I-0554","Bilal Javed","BS Artificial Intelligence","2022","AI4015 BAI-7B"
"22I-0554","Bilal Javed","BS Artificial Intelligence","2022","MG3040 BAI-7B"
"22I-0555","Zainab Iqbal","BS Artificial Intelligence","2022","AI4015 BAI-7B"
"22I-0555","Zainab Iqbal","BS Artificial Intelligence","2022","MG3040 BAI-7B"
"22I-0556","Iqra Ahmed","BS Data Science","2022","AI4019 BDS-9A"
"22I-0557","Zain Mirza","BS Data Science","2022","AI4019 BDS-9A"
"22I-0558","Maryam Siddiqui","BS Data Science","2022","AI4019 BDS-9A"
"22I-0559","Muhammad Khan","BS Data Science","2022","AI4019 BDS-9A"
"22I-0560","Talha Bhatti","BS Data Science","2022","AI4019 BDS-9A"
"22I-0561","Noor Tariq","BS Data Science","2022","AI4019 BDS-9A"
"22I-0562","Ahmed Chaudhry","BS Artificial Intelligence","2022","AI4019 BAI-9A"
"22I-0563","Omar Qureshi","BS Artificial Intelligence","2022","AI4019 BAI-9A"
"22I-0564","Sara Shah","BS Artificial Intelligence","2022","AI4019 BAI-9A"
"22I-0565","Ali Akhtar","BS Artificial Intelligence","2022","AI4019 BAI-9A"
"22I-0566","Saad Farooq","BS Artificial Intelligence","2022","AI4019 BAI-9A"
"22I-0567","Khadija Raza","BS Artificial Intelligence","2022","AI4019 BAI-9A"
"22I-0568","Usman Naveed","BS Data Science","2022","CS3001 BDS-7C"
"22I-0568","Usman Naveed","BS Data Science","2022","AI4012 BDS-7C"
"22I-0568","Usman Naveed","BS Data Science","2022","MG3040 BDS-7C"
"22I-0568","Usman Naveed","BS Data Science","2022","CL3001 BDS-7C"
"22I-0569","Fatima Sheikh","BS Data Science","2022","CS3001 BDS-7C"
"22I-0569","Fatima Sheikh","BS Data Science","2022","AI4012 BDS-7C"
"22I-0569","Fatima Sheikh","BS Data Science","2022","MG3040 BDS-7C"
"22I-0569","Fatima Sheikh","BS Data Science","2022","CL3001 BDS-7C"
"22I-0570","Hira Malik","BS Data Science","2022","CS3001 BDS-7C"
"22I-0570","Hira Malik","BS Data Science","2022","AI4012 BDS-7C"
"22I-0570","Hira Malik","BS Data Science","2022","MG3040 BDS-7C"
"22I-0570","Hira Malik","BS Data Science","2022","CL3001 BDS-7C"
"22I-0571","Hamza Abbasi","BS Data Science","2022","CS3001 BDS-7C"
"22I-0571","Hamza Abbasi","BS Data Science","2022","AI4012 BDS-7C"
"22I-0571","Hamza Abbasi","BS Data Science","2022","MG3040 BDS-7C"
"22I-0571","Hamza Abbasi","BS Data Science","2022","CL3001 BDS-7C"
"22I-0572","Ayesha Hassan","BS Data Science","2022","CS3001 BDS-7C"
"22I-0572","Ayesha Hassan","BS Data Science","2022","AI4012 BDS-7C"
"22I-0572","Ayesha Hassan","BS Data Science","2022","MG3040 BDS-7C"
"22I-0572","Ayesha Hassan","BS Data Science","2022","CL3001 BDS-7C"
"22I-0573","Sana Ali","BS Data Science","2022","CS3001 BDS-7C"
"22I-0573","Sana Ali","BS Data Science","2022","AI4012 BDS-7C"
"22I-0573","Sana Ali","BS Data Science","2022","MG3040 BDS-7C"
"22I-0573","Sana Ali","BS Data Science","2022","CL3001 BDS-7C"
"22I-0574","Bilal Javed","BS Data Science","2022","MG3040 BDS-7B"
"22I-0574","Bilal Javed","BS Data Science","2022","CS4059 BDS-7B"
"22I-0574","Bilal Javed","BS Data Science","2022","AI4012 BDS-7B"
"22I-0574","Bilal Javed","BS Data Science","2022","CS3001 BDS-7B"
"22I-0574","Bilal Javed","BS Data Science","2022","CL3001 BDS-7B"
"22I-0575","Zainab Iqbal","BS Data Science","2022","MG3040 BDS-7B"
"22I-0575","Zainab Iqbal","BS Data Science","2022","CS4059 BDS-7B"
"22I-0575","Zainab Iqbal","BS Data Science","2022","AI4012 BDS-7B"
"22I-0575","Zainab Iqbal","BS Data Science","2022","CS3001 BDS-7B"
"22I-0575","Zainab Iqbal","BS Data Science","2022","CL3001 BDS-7B"
"22I-0576","Iqra Ahmed","BS Data Science","2022","MG3040 BDS-7B"
"22I-0576","Iqra Ahmed","BS Data Science","2022","CS4059 BDS-7B"
"22I-0576","Iqra Ahmed","BS Data Science","2022","AI4012 BDS-7B"
"22I-0576","Iqra Ahmed","BS Data Science","2022","CS3001 BDS-7B"
"22I-0576","Iqra Ahmed","BS Data Science","2022","CL3001 BDS-7B"
"22I-0577","Zain Mirza","BS Data Science","2022","MG3040 BDS-7B"
"22I-0577","Zain Mirza","BS Data Science","2022","CS4059 BDS-7B"
"22I-0577","Zain Mirza","BS Data Science","2022","AI4012 BDS-7B"
"22I-0577","Zain Mirza","BS Data Science","2022","CS3001 BDS-7B"
"22I-0577","Zain Mirza","BS Data Science","2022","CL3001 BDS-7B"
"22I-0578","Maryam Siddiqui","BS Data Science","2022","MG3040 BDS-7B"
"22I-0578","Maryam Siddiqui","BS Data Science","2022","CS4059 BDS-7B"
"22I-0578","Maryam Siddiqui","BS Data Science","2022","AI4012 BDS-7B"
"22I-0578","Maryam Siddiqui","BS Data Science","2022","CS3001 BDS-7B"
"22I-0578","Maryam Siddiqui","BS Data Science","2022","CL3001 BDS-7B"
"22I-0579","Muhammad Khan","BS Data Science","2022","MG3040 BDS-7B"
"22I-0579","Muhammad Khan","BS Data Science","2022","CS4059 BDS-7B"
"22I-0579","Muhammad Khan","BS Data Science","2022","AI4012 BDS-7B"
"22I-0579","Muhammad Khan","BS Data Science","2022","CS3001 BDS-7B"
"22I-0579","Muhammad Khan","BS Data Science","2022","CL3001 BDS-7B"
"22I-0580","Talha Bhatti","BS Data Science","2022","CS4059 BDS-7A"
"22I-0580","Talha Bhatti","BS Data Science","2022","MG3040 BDS-7A"
"22I-0580","Talha Bhatti","BS Data Science","2022","CL3001 BDS-7A"
"22I-0580","Talha Bhatti","BS Data Science","2022","AI4015 BDS-7A"
"22I-0580","Talha Bhatti","BS Data Science","2022","AI4012 BDS-7A"
"22I-0581","Noor Tariq","BS Data Science","2022","CS4059 BDS-7A"
"22I-0581","Noor Tariq","BS Data Science","2022","MG3040 BDS-7A"
"22I-0581","Noor Tariq","BS Data Science","2022","CL3001 BDS-7A"
"22I-0581","Noor Tariq","BS Data Science","2022","AI4015 BDS-7A"
"22I-0581","Noor Tariq","BS Data Science","2022","AI4012 BDS-7A"
"22I-0582","Ahmed Chaudhry","BS Data Science","2022","CS4059 BDS-7A"
"22I-0582","Ahmed Chaudhry","BS Data Science","2022","MG3040 BDS-7A"
"22I-0582","Ahmed Chaudhry","BS Data Science","2022","CL3001 BDS-7A"
"22I-0582","Ahmed Chaudhry","BS Data Science","2022","AI4015 BDS-7A"
"22I-0582","Ahmed Chaudhry","BS Data Science","2022","AI4012 BDS-7A"
"22I-0583","Omar Qureshi","BS Data Science","2022","CS4059 BDS-7A"
"22I-0583","Omar Qureshi","BS Data Science","2022","MG3040 BDS-7A"
"22I-0583","Omar Qureshi","BS Data Science","2022","CL3001 BDS-7A"
"22I-0583","Omar Qureshi","BS Data Science","2022","AI4015 BDS-7A"
"22I-0583","Omar Qureshi","BS Data Science","2022","AI4012 BDS-7A"
"22I-0584","Sara Shah","BS Data Science","2022","CS4059 BDS-7A"
"22I-0584","Sara Shah","BS Data Science","2022","MG3040 BDS-7A"
"22I-0584","Sara Shah","BS Data Science","2022","CL3001 BDS-7A"
"22I-0584","Sara Shah","BS Data Science","2022","AI4015 BDS-7A"
"22I-0584","Sara Shah","BS Data Science","2022","AI4012 BDS-7A"
"22I-0585","Ali Akhtar","BS Data Science","2022","CS4059 BDS-7A"
"22I-0585","Ali Akhtar","BS Data Science","2022","MG3040 BDS-7A"
"22I-0585","Ali Akhtar","BS Data Science","2022","CL3001 BDS-7A"
"22I-0585","Ali Akhtar","BS Data Science","2022","AI4015 BDS-7A"
"22I-0585","Ali Akhtar","BS Data Science","2022","AI4012 BDS-7A"
"22I-0586","Saad Farooq","BS Computer Science","2022","CS3014 BCS-7A"
"22I-0586","Saad Farooq","BS Computer Science","2022","CS4044 BCS-7A"
"22I-0586","Saad Farooq","BS Computer Science","2022","CS4075 BCS-7A"
"22I-0586","Saad Farooq","BS Computer Science","2022","CS4045 BCS-7A"
"22I-0586","Saad Farooq","BS Computer Science","2022","CS4095 BCS-7A"
"22I-0587","Khadija Raza","BS Computer Science","2022","CS3014 BCS-7A"
"22I-0587","Khadija Raza","BS Computer Science","2022","CS4044 BCS-7A"
"22I-0587","Khadija Raza","BS Computer Science","2022","CS4075 BCS-7A"
"22I-0587","Khadija Raza","BS Computer Science","2022","CS4045 BCS-7A"
"22I-0587","Khadija Raza","BS Computer Science","2022","CS4095 BCS-7A"
"22I-0588","Usman Naveed","BS Computer Science","2022","CS3014 BCS-7A"
"22I-0588","Usman Naveed","BS Computer Science","2022","CS4044 BCS-7A"
"22I-0588","Usman Naveed","BS Computer Science","2022","CS4075 BCS-7A"
"22I-0588","Usman Naveed","BS Computer Science","2022","CS4045 BCS-7A"
"22I-0588","Usman Naveed","BS Computer Science","2022","CS4095 BCS-7A"
"22I-0589","Fatima Sheikh","BS Computer Science","2022","CS3014 BCS-7A"
"22I-0589","Fatima Sheikh","BS Computer Science","2022","CS4044 BCS-7A"
"22I-0589","Fatima Sheikh","BS Computer Science","2022","CS4075 BCS-7A"
"22I-0589","Fatima Sheikh","BS Computer Science","2022","CS4045 BCS-7A"
"22I-0589","Fatima Sheikh","BS Computer Science","2022","CS4095 BCS-7A"
"22I-0590","Hira Malik","BS Computer Science","2022","CS3014 BCS-7A"
"22I-0590","Hira Malik","BS Computer Science","2022","CS4044 BCS-7A"
"22I-0590","Hira Malik","BS Computer Science","2022","CS4075 BCS-7A"
"22I-0590","Hira Malik","BS Computer Science","2022","CS4045 BCS-7A"
"22I-0590","Hira Malik","BS Computer Science","2022","CS4095 BCS-7A"
"22I-0591","Hamza Abbasi","BS Computer Science","2022","CS3014 BCS-7A"
"22I-0591","Hamza Abbasi","BS Computer Science","2022","CS4044 BCS-7A"
"22I-0591","Hamza Abbasi","BS Computer Science","2022","CS4075 BCS-7A"
"22I-0591","Hamza Abbasi","BS Computer Science","2022","CS4045 BCS-7A"
"22I-0591","Hamza Abbasi","BS Computer Science","2022","CS4095 BCS-7A"
"22I-0592","Ayesha Hassan","BS Computer Science","2022","CS3014 BCS-7B"
"22I-0592","Ayesha Hassan","BS Computer Science","2022","CS3006 BCS-7B"
"22I-0592","Ayesha Hassan","BS Computer Science","2022","CS4075 BCS-7B"
"22I-0592","Ayesha Hassan","BS Computer Science","2022","CS3002 BCS-7B"
"22I-0592","Ayesha Hassan","BS Computer Science","2022","CS4001 BCS-7B"
"22I-0593","Sana Ali","BS Computer Science","2022","CS3014 BCS-7B"
"22I-0593","Sana Ali","BS Computer Science","2022","CS3006 BCS-7B"
"22I-0593","Sana Ali","BS Computer Science","2022","CS4075 BCS-7B"
"22I-0593","Sana Ali","BS Computer Science","2022","CS3002 BCS-7B"
"22I-0593","Sana Ali","BS Computer Science","2022","CS4001 BCS-7B"
"22I-0594","Bilal Javed","BS Computer Science","2022","CS3014 BCS-7B"
"22I-0594","Bilal Javed","BS Computer Science","2022","CS3006 BCS-7B"
"22I-0594","Bilal Javed","BS Computer Science","2022","CS4075 BCS-7B"
"22I-0594","Bilal Javed","BS Computer Science","2022","CS3002 BCS-7B"
"22I-0594","Bilal Javed","BS Computer Science","2022","CS4001 BCS-7B"
"22I-0595","Zainab Iqbal","BS Computer Science","2022","CS3014 BCS-7B"
"22I-0595","Zainab Iqbal","BS Computer Science","2022","CS3006 BCS-7B"
"22I-0595","Zainab Iqbal","BS Computer Science","2022","CS4075 BCS-7B"
"22I-0595","Zainab Iqbal","BS Computer Science","2022","CS3002 BCS-7B"
"22I-0595","Zainab Iqbal","BS Computer Science","2022","CS4001 BCS-7B"
"22I-0596","Iqra Ahmed","BS Computer Science","2022","CS3014 BCS-7B"
"22I-0596","Iqra Ahmed","BS Computer Science","2022","CS3006 BCS-7B"
"22I-0596","Iqra Ahmed","BS Computer Science","2022","CS4075 BCS-7B"
"22I-0596","Iqra Ahmed","BS Computer Science","2022","CS3002 BCS-7B"
"22I-0596","Iqra Ahmed","BS Computer Science","2022","CS4001 BCS-7B"
"22I-0597","Zain Mirza","BS Computer Science","2022","CS3014 BCS-7B"
"22I-0597","Zain Mirza","BS Computer Science","2022","CS3006 BCS-7B"
"22I-0597","Zain Mirza","BS Computer Science","2022","CS4075 BCS-7B"
"22I-0597","Zain Mirza","BS Computer Science","2022","CS3002 BCS-7B"
"22I-0597","Zain Mirza","BS Computer Science","2022","CS4001 BCS-7B"
"22I-0598","Maryam Siddiqui","BS Computer Science","2022","CS3014 BCS-7C"
"22I-0598","Maryam Siddiqui","BS Computer Science","2022","AI4015 BCS-7C"
"22I-0598","Maryam Siddiqui","BS Computer Science","2022","CS3006 BCS-7C"
"22I-0598","Maryam Siddiqui","BS Computer Science","2022","CS4001 BCS-7C"
"22I-0598","Maryam Siddiqui","BS Computer Science","2022","CS3002 BCS-7C"
"22I-0599","Muhammad Khan","BS Computer Science","2022","CS3014 BCS-7C"
"22I-0599","Muhammad Khan","BS Computer Science","2022","AI4015 BCS-7C"
"22I-0599","Muhammad Khan","BS Computer Science","2022","CS3006 BCS-7C"
"22I-0599","Muhammad Khan","BS Computer Science","2022","CS4001 BCS-7C"
"22I-0599","Muhammad Khan","BS Computer Science","2022","CS3002 BCS-7C"
"22I-0600","Talha Bhatti","BS Computer Science","2022","CS3014 BCS-7C"
"22I-0600","Talha Bhatti","BS Computer Science","2022","AI4015 BCS-7C"
"22I-0600","Talha Bhatti","BS Computer Science","2022","CS3006 BCS-7C"
"22I-0600","Talha Bhatti","BS Computer Science","2022","CS4001 BCS-7C"
"22I-0600","Talha Bhatti","BS Computer Science","2022","CS3002 BCS-7C"
"22I-0601","Noor Tariq","BS Computer Science","2022","CS3014 BCS-7C"
"22I-0601","Noor Tariq","BS Computer Science","2022","AI4015 BCS-7C"
"22I-0601","Noor Tariq","BS Computer Science","2022","CS3006 BCS-7C"
"22I-0601","Noor Tariq","BS Computer Science","2022","CS4001 BCS-7C"
"22I-0601","Noor Tariq","BS Computer Science","2022","CS3002 BCS-7C"
"22I-0602","Ahmed Chaudhry","BS Computer Science","2022","CS3014 BCS-7C"
"22I-0602","Ahmed Chaudhry","BS Computer Science","2022","AI4015 BCS-7C"
"22I-0602","Ahmed Chaudhry","BS Computer Science","2022","CS3006 BCS-7C"
"22I-0602","Ahmed Chaudhry","BS Computer Science","2022","CS4001 BCS-7C"
"22I-0602","Ahmed Chaudhry","BS Computer Science","2022","CS3002 BCS-7C"
"22I-0603","Omar Qureshi","BS Computer Science","2022","CS3014 BCS-7C"
"22I-0603","Omar Qureshi","BS Computer Science","2022","AI4015 BCS-7C"
"22I-0603","Omar Qureshi","BS Computer Science","2022","CS3006 BCS-7C"
"22I-0603","Omar Qureshi","BS Computer Science","2022","CS4001 BCS-7C"
"22I-0603","Omar Qureshi","BS Computer Science","2022","CS3002 BCS-7C"
"22I-0604","Sara Shah","BS Computer Science","2022","CS3014 BCS-7D"
"22I-0604","Sara Shah","BS Computer Science","2022","CS3002 BCS-7D"
"22I-0604","Sara Shah","BS Computer Science","2022","CS4001 BCS-7D"
"22I-0604","Sara Shah","BS Computer Science","2022","CS3006 BCS-7D"
"22I-0605","Ali Akhtar","BS Computer Science","2022","CS3014 BCS-7D"
"22I-0605","Ali Akhtar","BS Computer Science","2022","CS3002 BCS-7D"
"22I-0605","Ali Akhtar","BS Computer Science","2022","CS4001 BCS-7D"
"22I-0605","Ali Akhtar","BS Computer Science","2022","CS3006 BCS-7D"
"22I-0606","Saad Farooq","BS Computer Science","2022","CS3014 BCS-7D"
"22I-0606","Saad Farooq","BS Computer Science","2022","CS3002 BCS-7D"
"22I-0606","Saad Farooq","BS Computer Science","2022","CS4001 BCS-7D"
"22I-0606","Saad Farooq","BS Computer Science","2022","CS3006 BCS-7D"
"22I-0607","Khadija Raza","BS Computer Science","2022","CS3014 BCS-7D"
"22I-0607","Khadija Raza","BS Computer Science","2022","CS3002 BCS-7D"
"22I-0607","Khadija Raza","BS Computer Science","2022","CS4001 BCS-7D"
"22I-0607","Khadija Raza","BS Computer Science","2022","CS3006 BCS-7D"
"22I-0608","Usman Naveed","BS Computer Science","2022","CS3014 BCS-7D"
"22I-0608","Usman Naveed","BS Computer Science","2022","CS3002 BCS-7D"
"22I-0608","Usman Naveed","BS Computer Science","2022","CS4001 BCS-7D"
"22I-0608","Usman Naveed","BS Computer Science","2022","CS3006 BCS-7D"
"22I-0609","Fatima Sheikh","BS Computer Science","2022","CS3014 BCS-7D"
"22I-0609","Fatima Sheikh","BS Computer Science","2022","CS3002 BCS-7D"
"22I-0609","Fatima Sheikh","BS Computer Science","2022","CS4001 BCS-7D"
"22I-0609","Fatima Sheikh","BS Computer Science","2022","CS3006 BCS-7D"
"22I-0610","Hira Malik","BS Computer Science","2022","CS4001 BCS-7E"
"22I-0610","Hira Malik","BS Computer Science","2022","CS3002 BCS-7E"
"22I-0610","Hira Malik","BS Computer Science","2022","CS3014 BCS-7E"
"22I-0611","Hamza Abbasi","BS Computer Science","2022","CS4001 BCS-7E"
"22I-0611","Hamza Abbasi","BS Computer Science","2022","CS3002 BCS-7E"
"22I-0611","Hamza Abbasi","BS Computer Science","2022","CS3014 BCS-7E"
"22I-0612","Ayesha Hassan","BS Computer Science","2022","CS4001 BCS-7E"
"22I-0612","Ayesha Hassan","BS Computer Science","2022","CS3002 BCS-7E"
"22I-0612","Ayesha Hassan","BS Computer Science","2022","CS3014 BCS-7E"
"22I-0613","Sana Ali","BS Computer Science","2022","CS4001 BCS-7E"
"22I-0613","Sana Ali","BS Computer Science","2022","CS3002 BCS-7E"
"22I-0613","Sana Ali","BS Computer Science","2022","CS3014 BCS-7E"
"22I-0614","Bilal Javed","BS Computer Science","2022","CS4001 BCS-7E"
"22I-0614","Bilal Javed","BS Computer Science","2022","CS3002 BCS-7E"
"22I-0614","Bilal Javed","BS Computer Science","2022","CS3014 BCS-7E"
"22I-0615","Zainab Iqbal","BS Computer Science","2022","CS4001 BCS-7E"
"22I-0615","Zainab Iqbal","BS Computer Science","2022","CS3002 BCS-7E"
"22I-0615","Zainab Iqbal","BS Computer Science","2022","CS3014 BCS-7E"
"22I-0616","Iqra Ahmed","BS Computer Science","2022","CS3002 BCS-7F"
"22I-0616","Iqra Ahmed","BS Computer Science","2022","CS4001 BCS-7F"
"22I-0616","Iqra Ahmed","BS Computer Science","2022","CS3014 BCS-7F"
"22I-0617","Zain Mirza","BS Computer Science","2022","CS3002 BCS-7F"
"22I-0617","Zain Mirza","BS Computer Science","2022","CS4001 BCS-7F"
"22I-0617","Zain Mirza","BS Computer Science","2022","CS3014 BCS-7F"
"22I-0618","Maryam Siddiqui","BS Computer Science","2022","CS3002 BCS-7F"
"22I-0618","Maryam Siddiqui","BS Computer Science","2022","CS4001 BCS-7F"
"22I-0618","Maryam Siddiqui","BS Computer Science","2022","CS3014 BCS-7F"
"22I-0619","Muhammad Khan","BS Computer Science","2022","CS3002 BCS-7F"
"22I-0619","Muhammad Khan","BS Computer Science","2022","CS4001 BCS-7F"
"22I-0619","Muhammad Khan","BS Computer Science","2022","CS3014 BCS-7F"
"22I-0620","Talha Bhatti","BS Computer Science","2022","CS3002 BCS-7F"
"22I-0620","Talha Bhatti","BS Computer Science","2022","CS4001 BCS-7F"
"22I-0620","Talha Bhatti","BS Computer Science","2022","CS3014 BCS-7F"
"22I-0621","Noor Tariq","BS Computer Science","2022","CS3002 BCS-7F"
"22I-0621","Noor Tariq","BS Computer Science","2022","CS4001 BCS-7F"
"22I-0621","Noor Tariq","BS Computer Science","2022","CS3014 BCS-7F"
"22I-0622","Ahmed Chaudhry","BS Computer Science","2022","CS4001 BCS-7G"
"22I-0622","Ahmed Chaudhry","BS Computer Science","2022","CS3002 BCS-7G"
"22I-0622","Ahmed Chaudhry","BS Computer Science","2022","CS3014 BCS-7G"
"22I-0623","Omar Qureshi","BS Computer Science","2022","CS4001 BCS-7G"
"22I-0623","Omar Qureshi","BS Computer Science","2022","CS3002 BCS-7G"
"22I-0623","Omar Qureshi","BS Computer Science","2022","CS3014 BCS-7G"
"22I-0624","Sara Shah","BS Computer Science","2022","CS4001 BCS-7G"
"22I-0624","Sara Shah","BS Computer Science","2022","CS3002 BCS-7G"
"22I-0624","Sara Shah","BS Computer Science","2022","CS3014 BCS-7G"
"22I-0625","Ali Akhtar","BS Computer Science","2022","CS4001 BCS-7G"
"22I-0625","Ali Akhtar","BS Computer Science","2022","CS3002 BCS-7G"
"22I-0625","Ali Akhtar","BS Computer Science","2022","CS3014 BCS-7G"
"22I-0626","Saad Farooq","BS Computer Science","2022","CS4001 BCS-7G"
"22I-0626","Saad Farooq","BS Computer Science","2022","CS3002 BCS-7G"
"22I-0626","Saad Farooq","BS Computer Science","2022","CS3014 BCS-7G"
"22I-0627","Khadija Raza","BS Computer Science","2022","CS4001 BCS-7G"
"22I-0627","Khadija Raza","BS Computer Science","2022","CS3002 BCS-7G"
"22I-0627","Khadija Raza","BS Computer Science","2022","CS3014 BCS-7G"
"24I-0628","Usman Naveed","BS Cyber Security","2024","CS2001 BCY-3A"
"24I-0628","Usman Naveed","BS Cyber Security","2024","EE2003 BCY-3A"
"24I-0628","Usman Naveed","BS Cyber Security","2024","CY2004 BCY-3A"
"24I-0628","Usman Naveed","BS Cyber Security","2024","MT1004 BCY-3A"
"24I-0628","Usman Naveed","BS Cyber Security","2024","SS1015 BCY-3A"
"24I-0629","Fatima Sheikh","BS Cyber Security","2024","CS2001 BCY-3A"
"24I-0629","Fatima Sheikh","BS Cyber Security","2024","EE2003 BCY-3A"
"24I-0629","Fatima Sheikh","BS Cyber Security","2024","CY2004 BCY-3A"
"24I-0629","Fatima Sheikh","BS Cyber Security","2024","MT1004 BCY-3A"
"24I-0629","Fatima Sheikh","BS Cyber Security","2024","SS1015 BCY-3A"
"24I-0630","Hira Malik","BS Cyber Security","2024","CS2001 BCY-3A"
"24I-0630","Hira Malik","BS Cyber Security","2024","EE2003 BCY-3A"
"24I-0630","Hira Malik","BS Cyber Security","2024","CY2004 BCY-3A"
"24I-0630","Hira Malik","BS Cyber Security","2024","MT1004 BCY-3A"
"24I-0630","Hira Malik","BS Cyber Security","2024","SS1015 BCY-3A"
"24I-0631","Hamza Abbasi","BS Cyber Security","2024","CS2001 BCY-3A"
"24I-0631","Hamza Abbasi","BS Cyber Security","2024","EE2003 BCY-3A"
"24I-0631","Hamza Abbasi","BS Cyber Security","2024","CY2004 BCY-3A"
"24I-0631","Hamza Abbasi","BS Cyber Security","2024","MT1004 BCY-3A"
"24I-0631","Hamza Abbasi","BS Cyber Security","2024","SS1015 BCY-3A"
"24I-0632","Ayesha Hassan","BS Cyber Security","2024","CS2001 BCY-3A"
"24I-0632","Ayesha Hassan","BS Cyber Security","2024","EE2003 BCY-3A"
"24I-0632","Ayesha Hassan","BS Cyber Security","2024","CY2004 BCY-3A"
"24I-0632","Ayesha Hassan","BS Cyber Security","2024","MT1004 BCY-3A"
"24I-0632","Ayesha Hassan","BS Cyber Security","2024","SS1015 BCY-3A"
"24I-0633","Sana Ali","BS Cyber Security","2024","CS2001 BCY-3A"
"24I-0633","Sana Ali","BS Cyber Security","2024","EE2003 BCY-3A"
"24I-0633","Sana Ali","BS Cyber Security","2024","CY2004 BCY-3A"
"24I-0633","Sana Ali","BS Cyber Security","2024","MT1004 BCY-3A"
"24I-0633","Sana Ali","BS Cyber Security","2024","SS1015 BCY-3A"
"24I-0634","Bilal Javed","BS Cyber Security","2024","CS2001 BCY-3B"
"24I-0634","Bilal Javed","BS Cyber Security","2024","EE2003 BCY-3B"
"24I-0634","Bilal Javed","BS Cyber Security","2024","CY2004 BCY-3B"
"24I-0634","Bilal Javed","BS Cyber Security","2024","MT1004 BCY-3B"
"24I-0634","Bilal Javed","BS Cyber Security","2024","SS1015 BCY-3B"
"24I-0635","Zainab Iqbal","BS Cyber Security","2024","CS2001 BCY-3B"
"24I-0635","Zainab Iqbal","BS Cyber Security","2024","EE2003 BCY-3B"
"24I-0635","Zainab Iqbal","BS Cyber Security","2024","CY2004 BCY-3B"
"24I-0635","Zainab Iqbal","BS Cyber Security","2024","MT1004 BCY-3B"
"24I-0635","Zainab Iqbal","BS Cyber Security","2024","SS1015 BCY-3B"
"24I-0636","Iqra Ahmed","BS Cyber Security","2024","CS2001 BCY-3B"
"24I-0636","Iqra Ahmed","BS Cyber Security","2024","EE2003 BCY-3B"
"24I-0636","Iqra Ahmed","BS Cyber Security","2024","CY2004 BCY-3B"
"24I-0636","Iqra Ahmed","BS Cyber Security","2024","MT1004 BCY-3B"
"24I-0636","Iqra Ahmed","BS Cyber Security","2024","SS1015 BCY-3B"
"24I-0637","Zain Mirza","BS Cyber Security","2024","CS2001 BCY-3B"
"24I-0637","Zain Mirza","BS Cyber Security","2024","EE2003 BCY-3B"
"24I-0637","Zain Mirza","BS Cyber Security","2024","CY2004 BCY-3B"
"24I-0637","Zain Mirza","BS Cyber Security","2024","MT1004 BCY-3B"
"24I-0637","Zain Mirza","BS Cyber Security","2024","SS1015 BCY-3B"
"24I-0638","Maryam Siddiqui","BS Cyber Security","2024","CS2001 BCY-3B"
"24I-0638","Maryam Siddiqui","BS Cyber Security","2024","EE2003 BCY-3B"
"24I-0638","Maryam Siddiqui","BS Cyber Security","2024","CY2004 BCY-3B"
"24I-0638","Maryam Siddiqui","BS Cyber Security","2024","MT1004 BCY-3B"
"24I-0638","Maryam Siddiqui","BS Cyber Security","2024","SS1015 BCY-3B"
"24I-0639","Muhammad Khan","BS Cyber Security","2024","CS2001 BCY-3B"
"24I-0639","Muhammad Khan","BS Cyber Security","2024","EE2003 BCY-3B"
"24I-0639","Muhammad Khan","BS Cyber Security","2024","CY2004 BCY-3B"
"24I-0639","Muhammad Khan","BS Cyber Security","2024","MT1004 BCY-3B"
"24I-0639","Muhammad Khan","BS Cyber Security","2024","SS1015 BCY-3B"
"24I-0640","Talha Bhatti","BS Cyber Security","2024","SS1022 BCY-3C"
"24I-0640","Talha Bhatti","BS Cyber Security","2024","MT1004 BCY-3C"
"24I-0640","Talha Bhatti","BS Cyber Security","2024","EL2003 BCY-3C"
"24I-0640","Talha Bhatti","BS Cyber Security","2024","CS2001 BCY-3C"
"24I-0640","Talha Bhatti","BS Cyber Security","2024","CY2004 BCY-3C"
"24I-0641","Noor Tariq","BS Cyber Security","2024","SS1022 BCY-3C"
"24I-0641","Noor Tariq","BS Cyber Security","2024","MT1004 BCY-3C"
"24I-0641","Noor Tariq","BS Cyber Security","2024","EL2003 BCY-3C"
"24I-0641","Noor Tariq","BS Cyber Security","2024","CS2001 BCY-3C"
"24I-0641","Noor Tariq","BS Cyber Security","2024","CY2004 BCY-3C"
"24I-0642","Ahmed Chaudhry","BS Cyber Security","2024","SS1022 BCY-3C"
"24I-0642","Ahmed Chaudhry","BS Cyber Security","2024","MT1004 BCY-3C"
"24I-0642","Ahmed Chaudhry","BS Cyber Security","2024","EL2003 BCY-3C"
"24I-0642","Ahmed Chaudhry","BS Cyber Security","2024","CS2001 BCY-3C"
"24I-0642","Ahmed Chaudhry","BS Cyber Security","2024","CY2004 BCY-3C"
"24I-0643","Omar Qureshi","BS Cyber Security","2024","SS1022 BCY-3C"
"24I-0643","Omar Qureshi","BS Cyber Security","2024","MT1004 BCY-3C"
"24I-0643","Omar Qureshi","BS Cyber Security","2024","EL2003 BCY-3C"
"24I-0643","Omar Qureshi","BS Cyber Security","2024","CS2001 BCY-3C"
"24I-0643","Omar Qureshi","BS Cyber Security","2024","CY2004 BCY-3C"
"24I-0644","Sara Shah","BS Cyber Security","2024","SS1022 BCY-3C"
"24I-0644","Sara Shah","BS Cyber Security","2024","MT1004 BCY-3C"
"24I-0644","Sara Shah","BS Cyber Security","2024","EL2003 BCY-3C"
"24I-0644","Sara Shah","BS Cyber Security","2024","CS2001 BCY-3C"
"24I-0644","Sara Shah","BS Cyber Security","2024","CY2004 BCY-3C"
"24I-0645","Ali Akhtar","BS Cyber Security","2024","SS1022 BCY-3C"
"24I-0645","Ali Akhtar","BS Cyber Security","2024","MT1004 BCY-3C"
"24I-0645","Ali Akhtar","BS Cyber Security","2024","EL2003 BCY-3C"
"24I-0645","Ali Akhtar","BS Cyber Security","2024","CS2001 BCY-3C"
"24I-0645","Ali Akhtar","BS Cyber Security","2024","CY2004 BCY-3C"
"23I-0646","Saad Farooq","BS Cyber Security","2023","AI2002 BCY-5C"
"23I-0646","Saad Farooq","BS Cyber Security","2023","CS3002 BCY-5C"
"23I-0646","Saad Farooq","BS Cyber Security","2023","CS4032 BCY-5C"
"23I-0646","Saad Farooq","BS Cyber Security","2023","CS2006 BCY-5C"
"23I-0646","Saad Farooq","BS Cyber Security","2023","CS2005 BCY-5C"
"23I-0647","Khadija Raza","BS Cyber Security","2023","AI2002 BCY-5C"
"23I-0647","Khadija Raza","BS Cyber Security","2023","CS3002 BCY-5C"
"23I-0647","Khadija Raza","BS Cyber Security","2023","CS4032 BCY-5C"
"23I-0647","Khadija Raza","BS Cyber Security","2023","CS2006 BCY-5C"
"23I-0647","Khadija Raza","BS Cyber Security","2023","CS2005 BCY-5C"
"23I-0648","Usman Naveed","BS Cyber Security","2023","AI2002 BCY-5C"
"23I-0648","Usman Naveed","BS Cyber Security","2023","CS3002 BCY-5C"
"23I-0648","Usman Naveed","BS Cyber Security","2023","CS4032 BCY-5C"
"23I-0648","Usman Naveed","BS Cyber Security","2023","CS2006 BCY-5C"
"23I-0648","Usman Naveed","BS Cyber Security","2023","CS2005 BCY-5C"
"23I-0649","Fatima Sheikh","BS Cyber Security","2023","AI2002 BCY-5C"
"23I-0649","Fatima Sheikh","BS Cyber Security","2023","CS3002 BCY-5C"
"23I-0649","Fatima Sheikh","BS Cyber Security","2023","CS4032 BCY-5C"
"23I-0649","Fatima Sheikh","BS Cyber Security","2023","CS2006 BCY-5C"
"23I-0649","Fatima Sheikh","BS Cyber Security","2023","CS2005 BCY-5C"
"23I-0650","Hira Malik","BS Cyber Security","2023","AI2002 BCY-5C"
"23I-0650","Hira Malik","BS Cyber Security","2023","CS3002 BCY-5C"
"23I-0650","Hira Malik","BS Cyber Security","2023","CS4032 BCY-5C"
"23I-0650","Hira Malik","BS Cyber Security","2023","CS2006 BCY-5C"
"23I-0650","Hira Malik","BS Cyber Security","2023","CS2005 BCY-5C"
"23I-0651","Hamza Abbasi","BS Cyber Security","2023","AI2002 BCY-5C"
"23I-0651","Hamza Abbasi","BS Cyber Security","2023","CS3002 BCY-5C"
"23I-0651","Hamza Abbasi","BS Cyber Security","2023","CS4032 BCY-5C"
"23I-0651","Hamza Abbasi","BS Cyber Security","2023","CS2006 BCY-5C"
"23I-0651","Hamza Abbasi","BS Cyber Security","2023","CS2005 BCY-5C"
"22I-0652","Ayesha Hassan","Computer Science","2022","CS-1002 CS-G"
"22I-0653","Sana Ali","Computer Science","2022","CS-1002 CS-G"
"22I-0654","Bilal Javed","Computer Science","2022","CS-1002 CS-G"
"22I-0655","Zainab Iqbal","Computer Science","2022","CS-1002 CS-G"
"22I-0656","Iqra Ahmed","Computer Science","2022","CS-1002 CS-G"
"22I-0657","Zain Mirza","Computer Science","2022","CS-1002 CS-G"
"22I-0658","Maryam Siddiqui","Computer Science","2022","CS-1002 SE-C"
"22I-0659","Muhammad Khan","Computer Science","2022","CS-1002 SE-C"
"22I-0660","Talha Bhatti","Computer Science","2022","CS-1002 SE-C"
"22I-0661","Noor Tariq","Computer Science","2022","CS-1002 SE-C"
"22I-0662","Ahmed Chaudhry","Computer Science","2022","CS-1002 SE-C"
"22I-0663","Omar Qureshi","Computer Science","2022","CS-1002 SE-C"
"25I-0664","Sara Shah","BS Computer Science","2025","CL1000 BCS-1H"
"25I-0664","Sara Shah","BS Computer Science","2025","SS1013 BCS-1H"
"25I-0664","Sara Shah","BS Computer Science","2025","CS1002 BCS-1H"
"25I-0664","Sara Shah","BS Computer Science","2025","MT1003 BCS-1H"
"25I-0664","Sara Shah","BS Computer Science","2025","SS1019 BCS-1H"
"25I-0665","Ali Akhtar","BS Computer Science","2025","CL1000 BCS-1H"
"25I-0665","Ali Akhtar","BS Computer Science","2025","SS1013 BCS-1H"
"25I-0665","Ali Akhtar","BS Computer Science","2025","CS1002 BCS-1H"
"25I-0665","Ali Akhtar","BS Computer Science","2025","MT1003 BCS-1H"
"25I-0665","Ali Akhtar","BS Computer Science","2025","SS1019 BCS-1H"
"25I-0666","Saad Farooq","BS Computer Science","2025","CL1000 BCS-1H"
"25I-0666","Saad Farooq","BS Computer Science","2025","SS1013 BCS-1H"
"25I-0666","Saad Farooq","BS Computer Science","2025","CS1002 BCS-1H"
"25I-0666","Saad Farooq","BS Computer Science","2025","MT1003 BCS-1H"
"25I-0666","Saad Farooq","BS Computer Science","2025","SS1019 BCS-1H"
"25I-0667","Khadija Raza","BS Computer Science","2025","CL1000 BCS-1H"
"25I-0667","Khadija Raza","BS Computer Science","2025","SS1013 BCS-1H"
"25I-0667","Khadija Raza","BS Computer Science","2025","CS1002 BCS-1H"
"25I-0667","Khadija Raza","BS Computer Science","2025","MT1003 BCS-1H"
"25I-0667","Khadija Raza","BS Computer Science","2025","SS1019 BCS-1H"
"25I-0668","Usman Naveed","BS Computer Science","2025","CL1000 BCS-1H"
"25I-0668","Usman Naveed","BS Computer Science","2025","SS1013 BCS-1H"
"25I-0668","Usman Naveed","BS Computer Science","2025","CS1002 BCS-1H"
"25I-0668","Usman Naveed","BS Computer Science","2025","MT1003 BCS-1H"
"25I-0668","Usman Naveed","BS Computer Science","2025","SS1019 BCS-1H"
"25I-0669","Fatima Sheikh","BS Computer Science","2025","CL1000 BCS-1H"
"25I-0669","Fatima Sheikh","BS Computer Science","2025","SS1013 BCS-1H"
"25I-0669","Fatima Sheikh","BS Computer Science","2025","CS1002 BCS-1H"
"25I-0669","Fatima Sheikh","BS Computer Science","2025","MT1003 BCS-1H"
"25I-0669","Fatima Sheikh","BS Computer Science","2025","SS1019 BCS-1H"
"25I-0670","Hira Malik","BS Computer Science","2025","CL1000 BCS-1E"
"25I-0670","Hira Malik","BS Computer Science","2025","SS1007 BCS-1E"
"25I-0670","Hira Malik","BS Computer Science","2025","MT1003 BCS-1E"
"25I-0670","Hira Malik","BS Computer Science","2025","CS1002 BCS-1E"
"25I-0670","Hira Malik","BS Computer Science","2025","SS1019 BCS-1E"
"25I-0671","Hamza Abbasi","BS Computer Science","2025","CL1000 BCS-1E"
"25I-0671","Hamza Abbasi","BS Computer Science","2025","SS1007 BCS-1E"
"25I-0671","Hamza Abbasi","BS Computer Science","2025","MT1003 BCS-1E"
"25I-0671","Hamza Abbasi","BS Computer Science","2025","CS1002 BCS-1E"
"25I-0671","Hamza Abbasi","BS Computer Science","2025","SS1019 BCS-1E"
"25I-0672","Ayesha Hassan","BS Computer Science","2025","CL1000 BCS-1E"
"25I-0672","Ayesha Hassan","BS Computer Science","2025","SS1007 BCS-1E"
"25I-0672","Ayesha Hassan","BS Computer Science","2025","MT1003 BCS-1E"
"25I-0672","Ayesha Hassan","BS Computer Science","2025","CS1002 BCS-1E"
"25I-0672","Ayesha Hassan","BS Computer Science","2025","SS1019 BCS-1E"
"25I-0673","Sana Ali","BS Computer Science","2025","CL1000 BCS-1E"
"25I-0673","Sana Ali","BS Computer Science","2025","SS1007 BCS-1E"
"25I-0673","Sana Ali","BS Computer Science","2025","MT1003 BCS-1E"
"25I-0673","Sana Ali","BS Computer Science","2025","CS1002 BCS-1E"
"25I-0673","Sana Ali","BS Computer Science","2025","SS1019 BCS-1E"
"25I-0674","Bilal Javed","BS Computer Science","2025","CL1000 BCS-1E"
"25I-0674","Bilal Javed","BS Computer Science","2025","SS1007 BCS-1E"
"25I-0674","Bilal Javed","BS Computer Science","2025","MT1003 BCS-1E"
"25I-0674","Bilal Javed","BS Computer Science","2025","CS1002 BCS-1E"
"25I-0674","Bilal Javed","BS Computer Science","2025","SS1019 BCS-1E"
"25I-0675","Zainab Iqbal","BS Computer Science","2025","CL1000 BCS-1E"
"25I-0675","Zainab Iqbal","BS Computer Science","2025","SS1007 BCS-1E"
"25I-0675","Zainab Iqbal","BS Computer Science","2025","MT1003 BCS-1E"
"25I-0675","Zainab Iqbal","BS Computer Science","2025","CS1002 BCS-1E"
"25I-0675","Zainab Iqbal","BS Computer Science","2025","SS1019 BCS-1E"
"22I-0676","Iqra Ahmed","Computer Science","2022","CS-1002 AI-C"
"22I-0677","Zain Mirza","Computer Science","2022","CS-1002 AI-C"
"22I-0678","Maryam Siddiqui","Computer Science","2022","CS-1002 AI-C"
"22I-0679","Muhammad Khan","Computer Science","2022","CS-1002 AI-C"
"22I-0680","Talha Bhatti","Computer Science","2022","CS-1002 AI-C"
"22I-0681","Noor Tariq","Computer Science","2022","CS-1002 AI-C"
"22I-0682","Ahmed Chaudhry","Computer Science","2022","CS-1002 CS-F"
"22I-0683","Omar Qureshi","Computer Science","2022","CS-1002 CS-F"
"22I-0684","Sara Shah","Computer Science","2022","CS-1002 CS-F"
"22I-0685","Ali Akhtar","Computer Science","2022","CS-1002 CS-F"
"22I-0686","Saad Farooq","Computer Science","2022","CS-1002 CS-F"
"22I-0687","Khadija Raza","Computer Science","2022","CS-1002 CS-F"
"25I-0688","Usman Naveed","BS Computer Science","2025","SL1012 BCS-1E1"
"25I-0689","Fatima Sheikh","BS Computer Science","2025","SL1012 BCS-1E1"
"25I-0690","Hira Malik","BS Computer Science","2025","SL1012 BCS-1E1"
"25I-0691","Hamza Abbasi","BS Computer Science","2025","SL1012 BCS-1E1"
"25I-0692","Ayesha Hassan","BS Computer Science","2025","SL1012 BCS-1E1"
"25I-0693","Sana Ali","BS Computer Science","2025","SL1012 BCS-1E1"
"25I-0694","Bilal Javed","BS Computer Science","2025","SL1012 BCS-1E2"
"25I-0695","Zainab Iqbal","BS Computer Science","2025","SL1012 BCS-1E2"
"25I-0696","Iqra Ahmed","BS Computer Science","2025","SL1012 BCS-1E2"
"25I-0697","Zain Mirza","BS Computer Science","2025","SL1012 BCS-1E2"
"25I-0698","Maryam Siddiqui","BS Computer Science","2025","SL1012 BCS-1E2"
"25I-0699","Muhammad Khan","BS Computer Science","2025","SL1012 BCS-1E2"
"25I-0700","Talha Bhatti","BS Software Engineering","2025","SL1012 BSE-1D1"
"25I-0701","Noor Tariq","BS Software Engineering","2025","SL1012 BSE-1D1"
"25I-0702","Ahmed Chaudhry","BS Software Engineering","2025","SL1012 BSE-1D1"
"25I-0703","Omar Qureshi","BS Software Engineering","2025","SL1012 BSE-1D1"
"25I-0704","Sara Shah","BS Software Engineering","2025","SL1012 BSE-1D1"
"25I-0705","Ali Akhtar","BS Software Engineering","2025","SL1012 BSE-1D1"
"25I-0706","Saad Farooq","BS Computer Science","2025","SL1012 BCS-1H1"
"25I-0707","Khadija Raza","BS Computer Science","2025","SL1012 BCS-1H1"
"25I-0708","Usman Naveed","BS Computer Science","2025","SL1012 BCS-1H1"
"25I-0709","Fatima Sheikh","BS Computer Science","2025","SL1012 BCS-1H1"
"25I-0710","Hira Malik","BS Computer Science","2025","SL1012 BCS-1H1"
"25I-0711","Hamza Abbasi","BS Computer Science","2025","SL1012 BCS-1H1"
"25I-0712","Ayesha Hassan","BS Artificial Intelligence","2025","SL1012 BAI-1C1"
"25I-0713","Sana Ali","BS Artificial Intelligence","2025","SL1012 BAI-1C1"
"25I-0714","Bilal Javed","BS Artificial Intelligence","2025","SL1012 BAI-1C1"
"25I-0715","Zainab Iqbal","BS Artificial Intelligence","2025","SL1012 BAI-1C1"
"25I-0716","Iqra Ahmed","BS Artificial Intelligence","2025","SL1012 BAI-1C1"
"25I-0717","Zain Mirza","BS Artificial Intelligence","2025","SL1012 BAI-1C1"
"25I-0718","Maryam Siddiqui","BS Computer Science","2025","SL1012 BCS-1H2"
"25I-0719","Muhammad Khan","BS Computer Science","2025","SL1012 BCS-1H2"
"25I-0720","Talha Bhatti","BS Computer Science","2025","SL1012 BCS-1H2"
"25I-0721","Noor Tariq","BS Computer Science","2025","SL1012 BCS-1H2"
"25I-0722","Ahmed Chaudhry","BS Computer Science","2025","SL1012 BCS-1H2"
"25I-0723","Omar Qureshi","BS Computer Science","2025","SL1012 BCS-1H2"
"25I-0724","Sara Shah","BS Artificial Intelligence","2025","SL1012 BAI-1C2"
"25I-0725","Ali Akhtar","BS Artificial Intelligence","2025","SL1012 BAI-1C2"
"25I-0726","Saad Farooq","BS Artificial Intelligence","2025","SL1012 BAI-1C2"
"25I-0727","Khadija Raza","BS Artificial Intelligence","2025","SL1012 BAI-1C2"
"25I-0728","Usman Naveed","BS Artificial Intelligence","2025","SL1012 BAI-1C2"
"25I-0729","Fatima Sheikh","BS Artificial Intelligence","2025","SL1012 BAI-1C2"
"25I-0730","Hira Malik","BS Software Engineering","2025","SL1012 BSE-1D2"
"25I-0731","Hamza Abbasi","BS Software Engineering","2025","SL1012 BSE-1D2"
"25I-0732","Ayesha Hassan","BS Software Engineering","2025","SL1012 BSE-1D2"
"25I-0733","Sana Ali","BS Software Engineering","2025","SL1012 BSE-1D2"
"25I-0734","Bilal Javed","BS Software Engineering","2025","SL1012 BSE-1D2"
"25I-0735","Zainab Iqbal","BS Software Engineering","2025","SL1012 BSE-1D2"
"22I-0736","Iqra Ahmed","Computer Science","2022","CY5003 MCY-2A"
"22I-0736","Iqra Ahmed","Computer Science","2022","CY5002 MCY-2A"
"22I-0737","Zain Mirza","Computer Science","2022","CY5003 MCY-2A"
"22I-0737","Zain Mirza","Computer Science","2022","CY5002 MCY-2A"
"22I-0738","Maryam Siddiqui","Computer Science","2022","CY5003 MCY-2A"
"22I-0738","Maryam Siddiqui","Computer Science","2022","CY5002 MCY-2A"
"22I-0739","Muhammad Khan","Computer Science","2022","CY5003 MCY-2A"
"22I-0739","Muhammad Khan","Computer Science","2022","CY5002 MCY-2A"
"22I-0740","Talha Bhatti","Computer Science","2022","CY5003 MCY-2A"
"22I-0740","Talha Bhatti","Computer Science","2022","CY5002 MCY-2A"
"22I-0741","Noor Tariq","Computer Science","2022","CY5003 MCY-2A"
"22I-0741","Noor Tariq","Computer Science","2022","CY5002 MCY-2A"
"23I-0742","Ahmed Chaudhry","BS Cyber Security","2023","CS2006 BCY-5A"
"23I-0742","Ahmed Chaudhry","BS Cyber Security","2023","CS3002 BCY-5A"
"23I-0742","Ahmed Chaudhry","BS Cyber Security","2023","CS2005 BCY-5A"
"23I-0742","Ahmed Chaudhry","BS Cyber Security","2023","AI2002 BCY-5A"
"23I-0742","Ahmed Chaudhry","BS Cyber Security","2023","CS4032 BCY-5A"
"23I-0743","Omar Qureshi","BS Cyber Security","2023","CS2006 BCY-5A"
"23I-0743","Omar Qureshi","BS Cyber Security","2023","CS3002 BCY-5A"
"23I-0743","Omar Qureshi","BS Cyber Security","2023","CS2005 BCY-5A"
"23I-0743","Omar Qureshi","BS Cyber Security","2023","AI2002 BCY-5A"
"23I-0743","Omar Qureshi","BS Cyber Security","2023","CS4032 BCY-5A"
"23I-0744","Sara Shah","BS Cyber Security","2023","CS2006 BCY-5A"
"23I-0744","Sara Shah","BS Cyber Security","2023","CS3002 BCY-5A"
"23I-0744","Sara Shah","BS Cyber Security","2023","CS2005 BCY-5A"
"23I-0744","Sara Shah","BS Cyber Security","2023","AI2002 BCY-5A"
"23I-0744","Sara Shah","BS Cyber Security","2023","CS4032 BCY-5A"
"23I-0745","Ali Akhtar","BS Cyber Security","2023","CS2006 BCY-5A"
"23I-0745","Ali Akhtar","BS Cyber Security","2023","CS3002 BCY-5A"
"23I-0745","Ali Akhtar","BS Cyber Security","2023","CS2005 BCY-5A"
"23I-0745","Ali Akhtar","BS Cyber Security","2023","AI2002 BCY-5A"
"23I-0745","Ali Akhtar","BS Cyber Security","2023","CS4032 BCY-5A"
"23I-0746","Saad Farooq","BS Cyber Security","2023","CS2006 BCY-5A"
"23I-0746","Saad Farooq","BS Cyber Security","2023","CS3002 BCY-5A"
"23I-0746","Saad Farooq","BS Cyber Security","2023","CS2005 BCY-5A"
"23I-0746","Saad Farooq","BS Cyber Security","2023","AI2002 BCY-5A"
"23I-0746","Saad Farooq","BS Cyber Security","2023","CS4032 BCY-5A"
"23I-0747","Khadija Raza","BS Cyber Security","2023","CS2006 BCY-5A"
"23I-0747","Khadija Raza","BS Cyber Security","2023","CS3002 BCY-5A"
"23I-0747","Khadija Raza","BS Cyber Security","2023","CS2005 BCY-5A"
"23I-0747","Khadija Raza","BS Cyber Security","2023","AI2002 BCY-5A"
"23I-0747","Khadija Raza","BS Cyber Security","2023","CS4032 BCY-5A"
"25I-0748","Usman Naveed","Computer Science","2025","CS5146 MAAIHS-1A"
"25I-0748","Usman Naveed","Computer Science","2025","CS5147 MAAIHS-1A"
"25I-0749","Fatima Sheikh","Computer Science","2025","CS5146 MAAIHS-1A"
"25I-0749","Fatima Sheikh","Computer Science","2025","CS5147 MAAIHS-1A"
"25I-0750","Hira Malik","Computer Science","2025","CS5146 MAAIHS-1A"
"25I-0750","Hira Malik","Computer Science","2025","CS5147 MAAIHS-1A"
"25I-0751","Hamza Abbasi","Computer Science","2025","CS5146 MAAIHS-1A"
"25I-0751","Hamza Abbasi","Computer Science","2025","CS5147 MAAIHS-1A"
"25I-0752","Ayesha Hassan","Computer Science","2025","CS5146 MAAIHS-1A"
"25I-0752","Ayesha Hassan","Computer Science","2025","CS5147 MAAIHS-1A"
"25I-0753","Sana Ali","Computer Science","2025","CS5146 MAAIHS-1A"
"25I-0753","Sana Ali","Computer Science","2025","CS5147 MAAIHS-1A"
"25I-0754","Bilal Javed","Computer Science","2025","SE5002 MSE-1A"
"25I-0754","Bilal Javed","Computer Science","2025","SE5003 MSE-1A"
"25I-0754","Bilal Javed","Computer Science","2025","CS4002 MSE-1A"
"25I-0755","Zainab Iqbal","Computer Science","2025","SE5002 MSE-1A"
"25I-0755","Zainab Iqbal","Computer Science","2025","SE5003 MSE-1A"
"25I-0755","Zainab Iqbal","Computer Science","2025","CS4002 MSE-1A"
"25I-0756","Iqra Ahmed","Computer Science","2025","SE5002 MSE-1A"
"25I-0756","Iqra Ahmed","Computer Science","2025","SE5003 MSE-1A"
"25I-0756","Iqra Ahmed","Computer Science","2025","CS4002 MSE-1A"
"25I-0757","Zain Mirza","Computer Science","2025","SE5002 MSE-1A"
"25I-0757","Zain Mirza","Computer Science","2025","SE5003 MSE-1A"
"25I-0757","Zain Mirza","Computer Science","2025","CS4002 MSE-1A"
"25I-0758","Maryam Siddiqui","Computer Science","2025","SE5002 MSE-1A"
"25I-0758","Maryam Siddiqui","Computer Science","2025","SE5003 MSE-1A"
"25I-0758","Maryam Siddiqui","Computer Science","2025","CS4002 MSE-1A"
"25I-0759","Muhammad Khan","Computer Science","2025","SE5002 MSE-1A"
"25I-0759","Muhammad Khan","Computer Science","2025","SE5003 MSE-1A"
"25I-0759","Muhammad Khan","Computer Science","2025","CS4002 MSE-1A"
"22I-0760","Talha Bhatti","Computer Science","2022","UHQI PHD-C"
"22I-0761","Noor Tariq","Computer Science","2022","UHQI PHD-C"
"22I-0762","Ahmed Chaudhry","Computer Science","2022","UHQI PHD-C"
"22I-0763","Omar Qureshi","Computer Science","2022","UHQI PHD-C"
"22I-0764","Sara Shah","Computer Science","2022","UHQI PHD-C"
"22I-0765","Ali Akhtar","Computer Science","2022","UHQI PHD-C"
"25I-0766","Saad Farooq","Computer Science","2025","CS6006 PCS-1B"
"25I-0767","Khadija Raza","Computer Science","2025","CS6006 PCS-1B"
"25I-0768","Usman Naveed","Computer Science","2025","CS6006 PCS-1B"
"25I-0769","Fatima Sheikh","Computer Science","2025","CS6006 PCS-1B"
"25I-0770","Hira Malik","Computer Science","2025","CS6006 PCS-1B"
"25I-0771","Hamza Abbasi","Computer Science","2025","CS6006 PCS-1B"
"23I-0772","Ayesha Hassan","BS Cyber Security","2023","CS2005 BCY-5B"
"23I-0772","Ayesha Hassan","BS Cyber Security","2023","CS3002 BCY-5B"
"23I-0772","Ayesha Hassan","BS Cyber Security","2023","CS2006 BCY-5B"
"23I-0772","Ayesha Hassan","BS Cyber Security","2023","AI2002 BCY-5B"
"23I-0772","Ayesha Hassan","BS Cyber Security","2023","CS4032 BCY-5B"
"23I-0773","Sana Ali","BS Cyber Security","2023","CS2005 BCY-5B"
"23I-0773","Sana Ali","BS Cyber Security","2023","CS3002 BCY-5B"
"23I-0773","Sana Ali","BS Cyber Security","2023","CS2006 BCY-5B"
"23I-0773","Sana Ali","BS Cyber Security","2023","AI2002 BCY-5B"
"23I-0773","Sana Ali","BS Cyber Security","2023","CS4032 BCY-5B"
"23I-0774","Bilal Javed","BS Cyber Security","2023","CS2005 BCY-5B"
"23I-0774","Bilal Javed","BS Cyber Security","2023","CS3002 BCY-5B"
"23I-0774","Bilal Javed","BS Cyber Security","2023","CS2006 BCY-5B"
"23I-0774","Bilal Javed","BS Cyber Security","2023","AI2002 BCY-5B"
"23I-0774","Bilal Javed","BS Cyber Security","2023","CS4032 BCY-5B"
"23I-0775","Zainab Iqbal","BS Cyber Security","2023","CS2005 BCY-5B"
"23I-0775","Zainab Iqbal","BS Cyber Security","2023","CS3002 BCY-5B"
"23I-0775","Zainab Iqbal","BS Cyber Security","2023","CS2006 BCY-5B"
"23I-0775","Zainab Iqbal","BS Cyber Security","2023","AI2002 BCY-5B"
"23I-0775","Zainab Iqbal","BS Cyber Security","2023","CS4032 BCY-5B"
"23I-0776","Iqra Ahmed","BS Cyber Security","2023","CS2005 BCY-5B"
"23I-0776","Iqra Ahmed","BS Cyber Security","2023","CS3002 BCY-5B"
"23I-0776","Iqra Ahmed","BS Cyber Security","2023","CS2006 BCY-5B"
"23I-0776","Iqra Ahmed","BS Cyber Security","2023","AI2002 BCY-5B"
"23I-0776","Iqra Ahmed","BS Cyber Security","2023","CS4032 BCY-5B"
"23I-0777","Zain Mirza","BS Cyber Security","2023","CS2005 BCY-5B"
"23I-0777","Zain Mirza","BS Cyber Security","2023","CS3002 BCY-5B"
"23I-0777","Zain Mirza","BS Cyber Security","2023","CS2006 BCY-5B"
"23I-0777","Zain Mirza","BS Cyber Security","2023","AI2002 BCY-5B"
"23I-0777","Zain Mirza","BS Cyber Security","2023","CS4032 BCY-5B"
"25I-0778","Maryam Siddiqui","BS Data Science","2025","MT1003 BDS-1B"
"25I-0778","Maryam Siddiqui","BS Data Science","2025","CS1002 BDS-1B"
"25I-0778","Maryam Siddiqui","BS Data Science","2025","SS1012 BDS-1B"
"25I-0778","Maryam Siddiqui","BS Data Science","2025","SS1019 BDS-1B"
"25I-0778","Maryam Siddiqui","BS Data Science","2025","CL1000 BDS-1B"
"25I-0779","Muhammad Khan","BS Data Science","2025","MT1003 BDS-1B"
"25I-0779","Muhammad Khan","BS Data Science","2025","CS1002 BDS-1B"
"25I-0779","Muhammad Khan","BS Data Science","2025","SS1012 BDS-1B"
"25I-0779","Muhammad Khan","BS Data Science","2025","SS1019 BDS-1B"
"25I-0779","Muhammad Khan","BS Data Science","2025","CL1000 BDS-1B"
"25I-0780","Talha Bhatti","BS Data Science","2025","MT1003 BDS-1B"
"25I-0780","Talha Bhatti","BS Data Science","2025","CS1002 BDS-1B"
"25I-0780","Talha Bhatti","BS Data Science","2025","SS1012 BDS-1B"
"25I-0780","Talha Bhatti","BS Data Science","2025","SS1019 BDS-1B"
"25I-0780","Talha Bhatti","BS Data Science","2025","CL1000 BDS-1B"
"25I-0781","Noor Tariq","BS Data Science","2025","MT1003 BDS-1B"
"25I-0781","Noor Tariq","BS Data Science","2025","CS1002 BDS-1B"
"25I-0781","Noor Tariq","BS Data Science","2025","SS1012 BDS-1B"
"25I-0781","Noor Tariq","BS Data Science","2025","SS1019 BDS-1B"
"25I-0781","Noor Tariq","BS Data Science","2025","CL1000 BDS-1B"
"25I-0782","Ahmed Chaudhry","BS Data Science","2025","MT1003 BDS-1B"
"25I-0782","Ahmed Chaudhry","BS Data Science","2025","CS1002 BDS-1B"
"25I-0782","Ahmed Chaudhry","BS Data Science","2025","SS1012 BDS-1B"
"25I-0782","Ahmed Chaudhry","BS Data Science","2025","SS1019 BDS-1B"
"25I-0782","Ahmed Chaudhry","BS Data Science","2025","CL1000 BDS-1B"
"25I-0783","Omar Qureshi","BS Data Science","2025","MT1003 BDS-1B"
"25I-0783","Omar Qureshi","BS Data Science","2025","CS1002 BDS-1B"
"25I-0783","Omar Qureshi","BS Data Science","2025","SS1012 BDS-1B"
"25I-0783","Omar Qureshi","BS Data Science","2025","SS1019 BDS-1B"
"25I-0783","Omar Qureshi","BS Data Science","2025","CL1000 BDS-1B"
"22I-0784","Sara Shah","BS Computer Science","2022","MG4069 BCS-9A"
"22I-0784","Sara Shah","BS Computer Science","2022","MT2002 BCS-9A"
"22I-0785","Ali Akhtar","BS Computer Science","2022","MG4069 BCS-9A"
"22I-0785","Ali Akhtar","BS Computer Science","2022","MT2002 BCS-9A"
"22I-0786","Saad Farooq","BS Computer Science","2022","MG4069 BCS-9A"
"22I-0786","Saad Farooq","BS Computer Science","2022","MT2002 BCS-9A"
"22I-0787","Khadija Raza","BS Computer Science","2022","MG4069 BCS-9A"
"22I-0787","Khadija Raza","BS Computer Science","2022","MT2002 BCS-9A"
"22I-0788","Usman Naveed","BS Computer Science","2022","MG4069 BCS-9A"
"22I-0788","Usman Naveed","BS Computer Science","2022","MT2002 BCS-9A"
"22I-0789","Fatima Sheikh","BS Computer Science","2022","MG4069 BCS-9A"
"22I-0789","Fatima Sheikh","BS Computer Science","2022","MT2002 BCS-9A"
"22I-0790","Hira Malik","BS Computer Science","2022","MG4069 BCS-9B"
"22I-0791","Hamza Abbasi","BS Computer Science","2022","MG4069 BCS-9B"
"22I-0792","Ayesha Hassan","BS Computer Science","2022","MG4069 BCS-9B"
"22I-0793","Sana Ali","BS Computer Science","2022","MG4069 BCS-9B"
"22I-0794","Bilal Javed","BS Computer Science","2022","MG4069 BCS-9B"
"22I-0795","Zainab Iqbal","BS Computer Science","2022","MG4069 BCS-9B"
"22I-0796","Iqra Ahmed","BS Computer Science","2022","CS4001 BCS-7H"
"22I-0797","Zain Mirza","BS Computer Science","2022","CS4001 BCS-7H"
"22I-0798","Maryam Siddiqui","BS Computer Science","2022","CS4001 BCS-7H"
"22I-0799","Muhammad Khan","BS Computer Science","2022","CS4001 BCS-7H"
"22I-0800","Talha Bhatti","BS Computer Science","2022","CS4001 BCS-7H"
"22I-0801","Noor Tariq","BS Computer Science","2022","CS4001 BCS-7H"
"22I-0802","Ahmed Chaudhry","BS Artificial Intelligence","2022","MG3040 BAI-7C"
"22I-0803","Omar Qureshi","BS Artificial Intelligence","2022","MG3040 BAI-7C"
"22I-0804","Sara Shah","BS Artificial Intelligence","2022","MG3040 BAI-7C"
"22I-0805","Ali Akhtar","BS Artificial Intelligence","2022","MG3040 BAI-7C"
"22I-0806","Saad Farooq","BS Artificial Intelligence","2022","MG3040 BAI-7C"
"22I-0807","Khadija Raza","BS Artificial Intelligence","2022","MG3040 BAI-7C"
"25I-0808","Usman Naveed","BS Cyber Security","2025","CS1002 BCY-1A"
"25I-0808","Usman Naveed","BS Cyber Security","2025","MT1003 BCY-1A"
"25I-0808","Usman Naveed","BS Cyber Security","2025","SS1013 BCY-1A"
"25I-0808","Usman Naveed","BS Cyber Security","2025","NS1001 BCY-1A"
"25I-0808","Usman Naveed","BS Cyber Security","2025","SS1012 BCY-1A"
"25I-0809","Fatima Sheikh","BS Cyber Security","2025","CS1002 BCY-1A"
"25I-0809","Fatima Sheikh","BS Cyber Security","2025","MT1003 BCY-1A"
"25I-0809","Fatima Sheikh","BS Cyber Security","2025","SS1013 BCY-1A"
"25I-0809","Fatima Sheikh","BS Cyber Security","2025","NS1001 BCY-1A"
"25I-0809","Fatima Sheikh","BS Cyber Security","2025","SS1012 BCY-1A"
"25I-0810","Hira Malik","BS Cyber Security","2025","CS1002 BCY-1A"
"25I-0810","Hira Malik","BS Cyber Security","2025","MT1003 BCY-1A"
"25I-0810","Hira Malik","BS Cyber Security","2025","SS1013 BCY-1A"
"25I-0810","Hira Malik","BS Cyber Security","2025","NS1001 BCY-1A"
"25I-0810","Hira Malik","BS Cyber Security","2025","SS1012 BCY-1A"
"25I-0811","Hamza Abbasi","BS Cyber Security","2025","CS1002 BCY-1A"
"25I-0811","Hamza Abbasi","BS Cyber Security","2025","MT1003 BCY-1A"
"25I-0811","Hamza Abbasi","BS Cyber Security","2025","SS1013 BCY-1A"
"25I-0811","Hamza Abbasi","BS Cyber Security","2025","NS1001 BCY-1A"
"25I-0811","Hamza Abbasi","BS Cyber Security","2025","SS1012 BCY-1A"
"25I-0812","Ayesha Hassan","BS Cyber Security","2025","CS1002 BCY-1A"
"25I-0812","Ayesha Hassan","BS Cyber Security","2025","MT1003 BCY-1A"
"25I-0812","Ayesha Hassan","BS Cyber Security","2025","SS1013 BCY-1A"
"25I-0812","Ayesha Hassan","BS Cyber Security","2025","NS1001 BCY-1A"
"25I-0812","Ayesha Hassan","BS Cyber Security","2025","SS1012 BCY-1A"
"25I-0813","Sana Ali","BS Cyber Security","2025","CS1002 BCY-1A"
"25I-0813","Sana Ali","BS Cyber Security","2025","MT1003 BCY-1A"
"25I-0813","Sana Ali","BS Cyber Security","2025","SS1013 BCY-1A"
"25I-0813","Sana Ali","BS Cyber Security","2025","NS1001 BCY-1A"
"25I-0813","Sana Ali","BS Cyber Security","2025","SS1012 BCY-1A"
"25I-0814","Bilal Javed","BS Cyber Security","2025","CS1002 BCY-1B"
"25I-0814","Bilal Javed","BS Cyber Security","2025","MT1003 BCY-1B"
"25I-0814","Bilal Javed","BS Cyber Security","2025","NS1001 BCY-1B"
"25I-0814","Bilal Javed","BS Cyber Security","2025","SS1013 BCY-1B"
"25I-0814","Bilal Javed","BS Cyber Security","2025","CL1000 BCY-1B"
"25I-0815","Zainab Iqbal","BS Cyber Security","2025","CS1002 BCY-1B"
"25I-0815","Zainab Iqbal","BS Cyber Security","2025","MT1003 BCY-1B"
"25I-0815","Zainab Iqbal","BS Cyber Security","2025","NS1001 BCY-1B"
"25I-0815","Zainab Iqbal","BS Cyber Security","2025","SS1013 BCY-1B"
"25I-0815","Zainab Iqbal","BS Cyber Security","2025","CL1000 BCY-1B"
"25I-0816","Iqra Ahmed","BS Cyber Security","2025","CS1002 BCY-1B"
"25I-0816","Iqra Ahmed","BS Cyber Security","2025","MT1003 BCY-1B"
"25I-0816","Iqra Ahmed","BS Cyber Security","2025","NS1001 BCY-1B"
"25I-0816","Iqra Ahmed","BS Cyber Security","2025","SS1013 BCY-1B"
"25I-0816","Iqra Ahmed","BS Cyber Security","2025","CL1000 BCY-1B"
"25I-0817","Zain Mirza","BS Cyber Security","2025","CS1002 BCY-1B"
"25I-0817","Zain Mirza","BS Cyber Security","2025","MT1003 BCY-1B"
"25I-0817","Zain Mirza","BS Cyber Security","2025","NS1001 BCY-1B"
"25I-0817","Zain Mirza","BS Cyber Security","2025","SS1013 BCY-1B"
"25I-0817","Zain Mirza","BS Cyber Security","2025","CL1000 BCY-1B"
"25I-0818","Maryam Siddiqui","BS Cyber Security","2025","CS1002 BCY-1B"
"25I-0818","Maryam Siddiqui","BS Cyber Security","2025","MT1003 BCY-1B"
"25I-0818","Maryam Siddiqui","BS Cyber Security","2025","NS1001 BCY-1B"
"25I-0818","Maryam Siddiqui","BS Cyber Security","2025","SS1013 BCY-1B"
"25I-0818","Maryam Siddiqui","BS Cyber Security","2025","CL1000 BCY-1B"
"25I-0819","Muhammad Khan","BS Cyber Security","2025","CS1002 BCY-1B"
"25I-0819","Muhammad Khan","BS Cyber Security","2025","MT1003 BCY-1B"
"25I-0819","Muhammad Khan","BS Cyber Security","2025","NS1001 BCY-1B"
"25I-0819","Muhammad Khan","BS Cyber Security","2025","SS1013 BCY-1B"
"25I-0819","Muhammad Khan","BS Cyber Security","2025","CL1000 BCY-1B"
"22I-0820","Talha Bhatti","Computer Science","2022","ARTSH CY-B"
"22I-0821","Noor Tariq","Computer Science","2022","ARTSH CY-B"
"22I-0822","Ahmed Chaudhry","Computer Science","2022","ARTSH CY-B"
"22I-0823","Omar Qureshi","Computer Science","2022","ARTSH CY-B"
"22I-0824","Sara Shah","Computer Science","2022","ARTSH CY-B"
"22I-0825","Ali Akhtar","Computer Science","2022","ARTSH CY-B"
"25I-0826","Saad Farooq","BS Cyber Security","2025","NS1001 BCY-1C"
"25I-0826","Saad Farooq","BS Cyber Security","2025","SS1012 BCY-1C"
"25I-0826","Saad Farooq","BS Cyber Security","2025","CS1002 BCY-1C"
"25I-0826","Saad Farooq","BS Cyber Security","2025","MT1003 BCY-1C"
"25I-0826","Saad Farooq","BS Cyber Security","2025","CL1000 BCY-1C"
"25I-0827","Khadija Raza","BS Cyber Security","2025","NS1001 BCY-1C"
"25I-0827","Khadija Raza","BS Cyber Security","2025","SS1012 BCY-1C"
"25I-0827","Khadija Raza","BS Cyber Security","2025","CS1002 BCY-1C"
"25I-0827","Khadija Raza","BS Cyber Security","2025","MT1003 BCY-1C"
"25I-0827","Khadija Raza","BS Cyber Security","2025","CL1000 BCY-1C"
"25I-0828","Usman Naveed","BS Cyber Security","2025","NS1001 BCY-1C"
"25I-0828","Usman Naveed","BS Cyber Security","2025","SS1012 BCY-1C"
"25I-0828","Usman Naveed","BS Cyber Security","2025","CS1002 BCY-1C"
"25I-0828","Usman Naveed","BS Cyber Security","2025","MT1003 BCY-1C"
"25I-0828","Usman Naveed","BS Cyber Security","2025","CL1000 BCY-1C"
"25I-0829","Fatima Sheikh","BS Cyber Security","2025","NS1001 BCY-1C"
"25I-0829","Fatima Sheikh","BS Cyber Security","2025","SS1012 BCY-1C"
"25I-0829","Fatima Sheikh","BS Cyber Security","2025","CS1002 BCY-1C"
"25I-0829","Fatima Sheikh","BS Cyber Security","2025","MT1003 BCY-1C"
"25I-0829","Fatima Sheikh","BS Cyber Security","2025","CL1000 BCY-1C"
"25I-0830","Hira Malik","BS Cyber Security","2025","NS1001 BCY-1C"
"25I-0830","Hira Malik","BS Cyber Security","2025","SS1012 BCY-1C"
"25I-0830","Hira Malik","BS Cyber Security","2025","CS1002 BCY-1C"
"25I-0830","Hira Malik","BS Cyber Security","2025","MT1003 BCY-1C"
"25I-0830","Hira Malik","BS Cyber Security","2025","CL1000 BCY-1C"
"25I-0831","Hamza Abbasi","BS Cyber Security","2025","NS1001 BCY-1C"
"25I-0831","Hamza Abbasi","BS Cyber Security","2025","SS1012 BCY-1C"
"25I-0831","Hamza Abbasi","BS Cyber Security","2025","CS1002 BCY-1C"
"25I-0831","Hamza Abbasi","BS Cyber Security","2025","MT1003 BCY-1C"
"25I-0831","Hamza Abbasi","BS Cyber Security","2025","CL1000 BCY-1C"
"22I-0832","Ayesha Hassan","BS Cyber Security","2022","CY3002 BCY-9A"
"22I-0832","Ayesha Hassan","BS Cyber Security","2022","CY4048 BCY-9A"
"22I-0832","Ayesha Hassan","BS Cyber Security","2022","YL3002 BCY-9A"
"22I-0833","Sana Ali","BS Cyber Security","2022","CY3002 BCY-9A"
"22I-0833","Sana Ali","BS Cyber Security","2022","CY4048 BCY-9A"
"22I-0833","Sana Ali","BS Cyber Security","2022","YL3002 BCY-9A"
"22I-0834","Bilal Javed","BS Cyber Security","2022","CY3002 BCY-9A"
"22I-0834","Bilal Javed","BS Cyber Security","2022","CY4048 BCY-9A"
"22I-0834","Bilal Javed","BS Cyber Security","2022","YL3002 BCY-9A"
"22I-0835","Zainab Iqbal","BS Cyber Security","2022","CY3002 BCY-9A"
"22I-0835","Zainab Iqbal","BS Cyber Security","2022","CY4048 BCY-9A"
"22I-0835","Zainab Iqbal","BS Cyber Security","2022","YL3002 BCY-9A"
"22I-0836","Iqra Ahmed","BS Cyber Security","2022","CY3002 BCY-9A"
"22I-0836","Iqra Ahmed","BS Cyber Security","2022","CY4048 BCY-9A"
"22I-0836","Iqra Ahmed","BS Cyber Security","2022","YL3002 BCY-9A"
"22I-0837","Zain Mirza","BS Cyber Security","2022","CY3002 BCY-9A"
"22I-0837","Zain Mirza","BS Cyber Security","2022","CY4048 BCY-9A"
"22I-0837","Zain Mirza","BS Cyber Security","2022","YL3002 BCY-9A"
"22I-0838","Maryam Siddiqui","Computer Science","2022","PFLAB CY-C"
"22I-0838","Maryam Siddiqui","Computer Science","2022","ARTSH CY-C"
"22I-0839","Muhammad Khan","Computer Science","2022","PFLAB CY-C"
"22I-0839","Muhammad Khan","Computer Science","2022","ARTSH CY-C"
"22I-0840","Talha Bhatti","Computer Science","2022","PFLAB CY-C"
"22I-0840","Talha Bhatti","Computer Science","2022","ARTSH CY-C"
"22I-0841","Noor Tariq","Computer Science","2022","PFLAB CY-C"
"22I-0841","Noor Tariq","Computer Science","2022","ARTSH CY-C"
"22I-0842","Ahmed Chaudhry","Computer Science","2022","PFLAB CY-C"
"22I-0842","Ahmed Chaudhry","Computer Science","2022","ARTSH CY-C"
"22I-0843","Omar Qureshi","Computer Science","2022","PFLAB CY-C"
"22I-0843","Omar Qureshi","Computer Science","2022","ARTSH CY-C"
"25I-0844","Sara Shah","BS Software Engineering","2025","CL1002 BSE-1F"
"25I-0844","Sara Shah","BS Software Engineering","2025","CS1002 BSE-1F"
"25I-0845","Ali Akhtar","BS Software Engineering","2025","CL1002 BSE-1F"
"25I-0845","Ali Akhtar","BS Software Engineering","2025","CS1002 BSE-1F"
"25I-0846","Saad Farooq","BS Software Engineering","2025","CL1002 BSE-1F"
"25I-0846","Saad Farooq","BS Software Engineering","2025","CS1002 BSE-1F"
"25I-0847","Khadija Raza","BS Software Engineering","2025","CL1002 BSE-1F"
"25I-0847","Khadija Raza","BS Software Engineering","2025","CS1002 BSE-1F"
"25I-0848","Usman Naveed","BS Software Engineering","2025","CL1002 BSE-1F"
"25I-0848","Usman Naveed","BS Software Engineering","2025","CS1002 BSE-1F"
"25I-0849","Fatima Sheikh","BS Software Engineering","2025","CL1002 BSE-1F"
"25I-0849","Fatima Sheikh","BS Software Engineering","2025","CS1002 BSE-1F"
"25I-0850","Hira Malik","BS Computer Science","2025","SL1012 BCS-1A1"
"25I-0851","Hamza Abbasi","BS Computer Science","2025","SL1012 BCS-1A1"
"25I-0852","Ayesha Hassan","BS Computer Science","2025","SL1012 BCS-1A1"
"25I-0853","Sana Ali","BS Computer Science","2025","SL1012 BCS-1A1"
"25I-0854","Bilal Javed","BS Computer Science","2025","SL1012 BCS-1A1"
"25I-0855","Zainab Iqbal","BS Computer Science","2025","SL1012 BCS-1A1"
"25I-0856","Iqra Ahmed","BS Computer Science","2025","SL1012 BCS-1A2"
"25I-0857","Zain Mirza","BS Computer Science","2025","SL1012 BCS-1A2"
"25I-0858","Maryam Siddiqui","BS Computer Science","2025","SL1012 BCS-1A2"
"25I-0859","Muhammad Khan","BS Computer Science","2025","SL1012 BCS-1A2"
"25I-0860","Talha Bhatti","BS Computer Science","2025","SL1012 BCS-1A2"
"25I-0861","Noor Tariq","BS Computer Science","2025","SL1012 BCS-1A2"
"25I-0862","Ahmed Chaudhry","BS Computer Science","2025","SL1012 BCS-1D1"
"25I-0863","Omar Qureshi","BS Computer Science","2025","SL1012 BCS-1D1"
"25I-0864","Sara Shah","BS Computer Science","2025","SL1012 BCS-1D1"
"25I-0865","Ali Akhtar","BS Computer Science","2025","SL1012 BCS-1D1"
"25I-0866","Saad Farooq","BS Computer Science","2025","SL1012 BCS-1D1"
"25I-0867","Khadija Raza","BS Computer Science","2025","SL1012 BCS-1D1"
"25I-0868","Usman Naveed","BS Computer Science","2025","SL1012 BCS-1D2"
"25I-0869","Fatima Sheikh","BS Computer Science","2025","SL1012 BCS-1D2"
"25I-0870","Hira Malik","BS Computer Science","2025","SL1012 BCS-1D2"
"25I-0871","Hamza Abbasi","BS Computer Science","2025","SL1012 BCS-1D2"
"25I-0872","Ayesha Hassan","BS Computer Science","2025","SL1012 BCS-1D2"
"25I-0873","Sana Ali","BS Computer Science","2025","SL1012 BCS-1D2"
"25I-0874","Bilal Javed","BS Software Engineering","2025","SL1012 BSE-1B1"
"25I-0875","Zainab Iqbal","BS Software Engineering","2025","SL1012 BSE-1B1"
"25I-0876","Iqra Ahmed","BS Software Engineering","2025","SL1012 BSE-1B1"
"25I-0877","Zain Mirza","BS Software Engineering","2025","SL1012 BSE-1B1"
"25I-0878","Maryam Siddiqui","BS Software Engineering","2025","SL1012 BSE-1B1"
"25I-0879","Muhammad Khan","BS Software Engineering","2025","SL1012 BSE-1B1"
"25I-0880","Talha Bhatti","BS Computer Science","2025","SL1012 BCS-1C1"
"25I-0881","Noor Tariq","BS Computer Science","2025","SL1012 BCS-1C1"
"25I-0882","Ahmed Chaudhry","BS Computer Science","2025","SL1012 BCS-1C1"
"25I-0883","Omar Qureshi","BS Computer Science","2025","SL1012 BCS-1C1"
"25I-0884","Sara Shah","BS Computer Science","2025","SL1012 BCS-1C1"
"25I-0885","Ali Akhtar","BS Computer Science","2025","SL1012 BCS-1C1"
"25I-0886","Saad Farooq","BS Data Science","2025","SL1012 BDS-1B1"
"25I-0887","Khadija Raza","BS Data Science","2025","SL1012 BDS-1B1"
"25I-0888","Usman Naveed","BS Data Science","2025","SL1012 BDS-1B1"
"25I-0889","Fatima Sheikh","BS Data Science","2025","SL1012 BDS-1B1"
"25I-0890","Hira Malik","BS Data Science","2025","SL1012 BDS-1B1"
"25I-0891","Hamza Abbasi","BS Data Science","2025","SL1012 BDS-1B1"
"25I-0892","Ayesha Hassan","BS Software Engineering","2025","SL1012 BSE-1B2"
"25I-0893","Sana Ali","BS Software Engineering","2025","SL1012 BSE-1B2"
"25I-0894","Bilal Javed","BS Software Engineering","2025","SL1012 BSE-1B2"
"25I-0895","Zainab Iqbal","BS Software Engineering","2025","SL1012 BSE-1B2"
"25I-0896","Iqra Ahmed","BS Software Engineering","2025","SL1012 BSE-1B2"
"25I-0897","Zain Mirza","BS Software Engineering","2025","SL1012 BSE-1B2"
"25I-0898","Maryam Siddiqui","BS Computer Science","2025","SL1012 BCS-1C2"
"25I-0899","Muhammad Khan","BS Computer Science","2025","SL1012 BCS-1C2"
"25I-0900","Talha Bhatti","BS Computer Science","2025","SL1012 BCS-1C2"
"25I-0901","Noor Tariq","BS Computer Science","2025","SL1012 BCS-1C2"
"25I-0902","Ahmed Chaudhry","BS Computer Science","2025","SL1012 BCS-1C2"
"25I-0903","Omar Qureshi","BS Computer Science","2025","SL1012 BCS-1C2"
"25I-0904","Sara Shah","BS Data Science","2025","SL1012 BDS-1B2"
"25I-0905","Ali Akhtar","BS Data Science","2025","SL1012 BDS-1B2"
"25I-0906","Saad Farooq","BS Data Science","2025","SL1012 BDS-1B2"
"25I-0907","Khadija Raza","BS Data Science","2025","SL1012 BDS-1B2"
"25I-0908","Usman Naveed","BS Data Science","2025","SL1012 BDS-1B2"
"25I-0909","Fatima Sheikh","BS Data Science","2025","SL1012 BDS-1B2"
"22I-0910","Hira Malik","Computer Science","2022","UHQI PHD-A"
"22I-0911","Hamza Abbasi","Computer Science","2022","UHQI PHD-A"
"22I-0912","Ayesha Hassan","Computer Science","2022","UHQI PHD-A"
"22I-0913","Sana Ali","Computer Science","2022","UHQI PHD-A"
"22I-0914","Bilal Javed","Computer Science","2022","UHQI PHD-A"
"22I-0915","Zainab Iqbal","Computer Science","2022","UHQI PHD-A"
"25I-0916","Iqra Ahmed","BS Software Engineering","2025","MT1003 BSE-1E"
"25I-0916","Iqra Ahmed","BS Software Engineering","2025","SS1013 BSE-1E"
"25I-0916","Iqra Ahmed","BS Software Engineering","2025","NS1001 BSE-1E"
"25I-0916","Iqra Ahmed","BS Software Engineering","2025","SS1012 BSE-1E"
"25I-0916","Iqra Ahmed","BS Software Engineering","2025","CS1002 BSE-1E"
"25I-0917","Zain Mirza","BS Software Engineering","2025","MT1003 BSE-1E"
"25I-0917","Zain Mirza","BS Software Engineering","2025","SS1013 BSE-1E"
"25I-0917","Zain Mirza","BS Software Engineering","2025","NS1001 BSE-1E"
"25I-0917","Zain Mirza","BS Software Engineering","2025","SS1012 BSE-1E"
"25I-0917","Zain Mirza","BS Software Engineering","2025","CS1002 BSE-1E"
"25I-0918","Maryam Siddiqui","BS Software Engineering","2025","MT1003 BSE-1E"
"25I-0918","Maryam Siddiqui","BS Software Engineering","2025","SS1013 BSE-1E"
"25I-0918","Maryam Siddiqui","BS Software Engineering","2025","NS1001 BSE-1E"
"25I-0918","Maryam Siddiqui","BS Software Engineering","2025","SS1012 BSE-1E"
"25I-0918","Maryam Siddiqui","BS Software Engineering","2025","CS1002 BSE-1E"
"25I-0919","Muhammad Khan","BS Software Engineering","2025","MT1003 BSE-1E"
"25I-0919","Muhammad Khan","BS Software Engineering","2025","SS1013 BSE-1E"
"25I-0919","Muhammad Khan","BS Software Engineering","2025","NS1001 BSE-1E"
"25I-0919","Muhammad Khan","BS Software Engineering","2025","SS1012 BSE-1E"
"25I-0919","Muhammad Khan","BS Software Engineering","2025","CS1002 BSE-1E"
"25I-0920","Talha Bhatti","BS Software Engineering","2025","MT1003 BSE-1E"
"25I-0920","Talha Bhatti","BS Software Engineering","2025","SS1013 BSE-1E"
"25I-0920","Talha Bhatti","BS Software Engineering","2025","NS1001 BSE-1E"
"25I-0920","Talha Bhatti","BS Software Engineering","2025","SS1012 BSE-1E"
"25I-0920","Talha Bhatti","BS Software Engineering","2025","CS1002 BSE-1E"
"25I-0921","Noor Tariq","BS Software Engineering","2025","MT1003 BSE-1E"
"25I-0921","Noor Tariq","BS Software Engineering","2025","SS1013 BSE-1E"
"25I-0921","Noor Tariq","BS Software Engineering","2025","NS1001 BSE-1E"
"25I-0921","Noor Tariq","BS Software Engineering","2025","SS1012 BSE-1E"
"25I-0921","Noor Tariq","BS Software Engineering","2025","CS1002 BSE-1E"
"22I-0922","Ahmed Chaudhry","Computer Science","2022","ARTSH SE-D"
"22I-0923","Omar Qureshi","Computer Science","2022","ARTSH SE-D"
"22I-0924","Sara Shah","Computer Science","2022","ARTSH SE-D"
"22I-0925","Ali Akhtar","Computer Science","2022","ARTSH SE-D"
"22I-0926","Saad Farooq","Computer Science","2022","ARTSH SE-D"
"22I-0927","Khadija Raza","Computer Science","2022","ARTSH SE-D"
"25I-0928","Usman Naveed","BS Artificial Intelligence","2025","IDESS101 BAI-1B"
"25I-0928","Usman Naveed","BS Artificial Intelligence","2025","CS1002 BAI-1B"
"25I-0928","Usman Naveed","BS Artificial Intelligence","2025","MT1003 BAI-1B"
"25I-0928","Usman Naveed","BS Artificial Intelligence","2025","SS1019 BAI-1B"
"25I-0928","Usman Naveed","BS Artificial Intelligence","2025","SS1012 BAI-1B"
"25I-0929","Fatima Sheikh","BS Artificial Intelligence","2025","IDESS101 BAI-1B"
"25I-0929","Fatima Sheikh","BS Artificial Intelligence","2025","CS1002 BAI-1B"
"25I-0929","Fatima Sheikh","BS Artificial Intelligence","2025","MT1003 BAI-1B"
"25I-0929","Fatima Sheikh","BS Artificial Intelligence","2025","SS1019 BAI-1B"
"25I-0929","Fatima Sheikh","BS Artificial Intelligence","2025","SS1012 BAI-1B"
"25I-0930","Hira Malik","BS Artificial Intelligence","2025","IDESS101 BAI-1B"
"25I-0930","Hira Malik","BS Artificial Intelligence","2025","CS1002 BAI-1B"
"25I-0930","Hira Malik","BS Artificial Intelligence","2025","MT1003 BAI-1B"
"25I-0930","Hira Malik","BS Artificial Intelligence","2025","SS1019 BAI-1B"
"25I-0930","Hira Malik","BS Artificial Intelligence","2025","SS1012 BAI-1B"
"25I-0931","Hamza Abbasi","BS Artificial Intelligence","2025","IDESS101 BAI-1B"
"25I-0931","Hamza Abbasi","BS Artificial Intelligence","2025","CS1002 BAI-1B"
"25I-0931","Hamza Abbasi","BS Artificial Intelligence","2025","MT1003 BAI-1B"
"25I-0931","Hamza Abbasi","BS Artificial Intelligence","2025","SS1019 BAI-1B"
"25I-0931","Hamza Abbasi","BS Artificial Intelligence","2025","SS1012 BAI-1B"
"25I-0932","Ayesha Hassan","BS Artificial Intelligence","2025","IDESS101 BAI-1B"
"25I-0932","Ayesha Hassan","BS Artificial Intelligence","2025","CS1002 BAI-1B"
"25I-0932","Ayesha Hassan","BS Artificial Intelligence","2025","MT1003 BAI-1B"
"25I-0932","Ayesha Hassan","BS Artificial Intelligence","2025","SS1019 BAI-1B"
"25I-0932","Ayesha Hassan","BS Artificial Intelligence","2025","SS1012 BAI-1B"
"25I-0933","Sana Ali","BS Artificial Intelligence","2025","IDESS101 BAI-1B"
"25I-0933","Sana Ali","BS Artificial Intelligence","2025","CS1002 BAI-1B"
"25I-0933","Sana Ali","BS Artificial Intelligence","2025","MT1003 BAI-1B"
"25I-0933","Sana Ali","BS Artificial Intelligence","2025","SS1019 BAI-1B"
"25I-0933","Sana Ali","BS Artificial Intelligence","2025","SS1012 BAI-1B"
"25I-0934","Bilal Javed","BS Data Science","2025","MT1003 BDS-1C"
"25I-0934","Bilal Javed","BS Data Science","2025","CS1002 BDS-1C"
"25I-0934","Bilal Javed","BS Data Science","2025","SS1012 BDS-1C"
"25I-0934","Bilal Javed","BS Data Science","2025","SS1013 BDS-1C"
"25I-0934","Bilal Javed","BS Data Science","2025","SS1019 BDS-1C"
"25I-0935","Zainab Iqbal","BS Data Science","2025","MT1003 BDS-1C"
"25I-0935","Zainab Iqbal","BS Data Science","2025","CS1002 BDS-1C"
"25I-0935","Zainab Iqbal","BS Data Science","2025","SS1012 BDS-1C"
"25I-0935","Zainab Iqbal","BS Data Science","2025","SS1013 BDS-1C"
"25I-0935","Zainab Iqbal","BS Data Science","2025","SS1019 BDS-1C"
"25I-0936","Iqra Ahmed","BS Data Science","2025","MT1003 BDS-1C"
"25I-0936","Iqra Ahmed","BS Data Science","2025","CS1002 BDS-1C"
"25I-0936","Iqra Ahmed","BS Data Science","2025","SS1012 BDS-1C"
"25I-0936","Iqra Ahmed","BS Data Science","2025","SS1013 BDS-1C"
"25I-0936","Iqra Ahmed","BS Data Science","2025","SS1019 BDS-1C"
"25I-0937","Zain Mirza","BS Data Science","2025","MT1003 BDS-1C"
"25I-0937","Zain Mirza","BS Data Science","2025","CS1002 BDS-1C"
"25I-0937","Zain Mirza","BS Data Science","2025","SS1012 BDS-1C"
"25I-0937","Zain Mirza","BS Data Science","2025","SS1013 BDS-1C"
"25I-0937","Zain Mirza","BS Data Science","2025","SS1019 BDS-1C"
"25I-0938","Maryam Siddiqui","BS Data Science","2025","MT1003 BDS-1C"
"25I-0938","Maryam Siddiqui","BS Data Science","2025","CS1002 BDS-1C"
"25I-0938","Maryam Siddiqui","BS Data Science","2025","SS1012 BDS-1C"
"25I-0938","Maryam Siddiqui","BS Data Science","2025","SS1013 BDS-1C"
"25I-0938","Maryam Siddiqui","BS Data Science","2025","SS1019 BDS-1C"
"25I-0939","Muhammad Khan","BS Data Science","2025","MT1003 BDS-1C"
"25I-0939","Muhammad Khan","BS Data Science","2025","CS1002 BDS-1C"
"25I-0939","Muhammad Khan","BS Data Science","2025","SS1012 BDS-1C"
"25I-0939","Muhammad Khan","BS Data Science","2025","SS1013 BDS-1C"
"25I-0939","Muhammad Khan","BS Data Science","2025","SS1019 BDS-1C"
"24I-0940","Talha Bhatti","Computer Science","2024","SS1022 BDB-3B"
"24I-0941","Noor Tariq","Computer Science","2024","SS1022 BDB-3B"
"24I-0942","Ahmed Chaudhry","Computer Science","2024","SS1022 BDB-3B"
"24I-0943","Omar Qureshi","Computer Science","2024","SS1022 BDB-3B"
"24I-0944","Sara Shah","Computer Science","2024","SS1022 BDB-3B"
"24I-0945","Ali Akhtar","Computer Science","2024","SS1022 BDB-3B"
"22I-0946","Saad Farooq","Computer Science","2022","CS4001 Block-A"
"22I-0947","Khadija Raza","Computer Science","2022","CS4001 Block-A"
"22I-0948","Usman Naveed","Computer Science","2022","CS4001 Block-A"
"22I-0949","Fatima Sheikh","Computer Science","2022","CS4001 Block-A"
"22I-0950","Hira Malik","Computer Science","2022","CS4001 Block-A"
"22I-0951","Hamza Abbasi","Computer Science","2022","CS4001 Block-A"
"25I-0952","Ayesha Hassan","BS Cyber Security","2025","SS1012 BCY-1D"
"25I-0952","Ayesha Hassan","BS Cyber Security","2025","MT1003 BCY-1D"
"25I-0952","Ayesha Hassan","BS Cyber Security","2025","NS1001 BCY-1D"
"25I-0952","Ayesha Hassan","BS Cyber Security","2025","CS1002 BCY-1D"
"25I-0952","Ayesha Hassan","BS Cyber Security","2025","SS1013 BCY-1D"
"25I-0953","Sana Ali","BS Cyber Security","2025","SS1012 BCY-1D"
"25I-0953","Sana Ali","BS Cyber Security","2025","MT1003 BCY-1D"
"25I-0953","Sana Ali","BS Cyber Security","2025","NS1001 BCY-1D"
"25I-0953","Sana Ali","BS Cyber Security","2025","CS1002 BCY-1D"
"25I-0953","Sana Ali","BS Cyber Security","2025","SS1013 BCY-1D"
"25I-0954","Bilal Javed","BS Cyber Security","2025","SS1012 BCY-1D"
"25I-0954","Bilal Javed","BS Cyber Security","2025","MT1003 BCY-1D"
"25I-0954","Bilal Javed","BS Cyber Security","2025","NS1001 BCY-1D"
"25I-0954","Bilal Javed","BS Cyber Security","2025","CS1002 BCY-1D"
"25I-0954","Bilal Javed","BS Cyber Security","2025","SS1013 BCY-1D"
"25I-0955","Zainab Iqbal","BS Cyber Security","2025","SS1012 BCY-1D"
"25I-0955","Zainab Iqbal","BS Cyber Security","2025","MT1003 BCY-1D"
"25I-0955","Zainab Iqbal","BS Cyber Security","2025","NS1001 BCY-1D"
"25I-0955","Zainab Iqbal","BS Cyber Security","2025","CS1002 BCY-1D"
"25I-0955","Zainab Iqbal","BS Cyber Security","2025","SS1013 BCY-1D"
"25I-0956","Iqra Ahmed","BS Cyber Security","2025","SS1012 BCY-1D"
"25I-0956","Iqra Ahmed","BS Cyber Security","2025","MT1003 BCY-1D"
"25I-0956","Iqra Ahmed","BS Cyber Security","2025","NS1001 BCY-1D"
"25I-0956","Iqra Ahmed","BS Cyber Security","2025","CS1002 BCY-1D"
"25I-0956","Iqra Ahmed","BS Cyber Security","2025","SS1013 BCY-1D"
"25I-0957","Zain Mirza","BS Cyber Security","2025","SS1012 BCY-1D"
"25I-0957","Zain Mirza","BS Cyber Security","2025","MT1003 BCY-1D"
"25I-0957","Zain Mirza","BS Cyber Security","2025","NS1001 BCY-1D"
"25I-0957","Zain Mirza","BS Cyber Security","2025","CS1002 BCY-1D"
"25I-0957","Zain Mirza","BS Cyber Security","2025","SS1013 BCY-1D"
"25I-0958","Maryam Siddiqui","BS Computer Science","2025","SL1012 BCS-1G1"
"25I-0959","Muhammad Khan","BS Computer Science","2025","SL1012 BCS-1G1"
"25I-0960","Talha Bhatti","BS Computer Science","2025","SL1012 BCS-1G1"
"25I-0961","Noor Tariq","BS Computer Science","2025","SL1012 BCS-1G1"
"25I-0962","Ahmed Chaudhry","BS Computer Science","2025","SL1012 BCS-1G1"
"25I-0963","Omar Qureshi","BS Computer Science","2025","SL1012 BCS-1G1"
"25I-0964","Sara Shah","BS Data Science","2025","SL1012 BDS-1A1"
"25I-0965","Ali Akhtar","BS Data Science","2025","SL1012 BDS-1A1"
"25I-0966","Saad Farooq","BS Data Science","2025","SL1012 BDS-1A1"
"25I-0967","Khadija Raza","BS Data Science","2025","SL1012 BDS-1A1"
"25I-0968","Usman Naveed","BS Data Science","2025","SL1012 BDS-1A1"
"25I-0969","Fatima Sheikh","BS Data Science","2025","SL1012 BDS-1A1"
"25I-0970","Hira Malik","BS Computer Science","2025","SL1012 BCS-1G2"
"25I-0971","Hamza Abbasi","BS Computer Science","2025","SL1012 BCS-1G2"
"25I-0972","Ayesha Hassan","BS Computer Science","2025","SL1012 BCS-1G2"
"25I-0973","Sana Ali","BS Computer Science","2025","SL1012 BCS-1G2"
"25I-0974","Bilal Javed","BS Computer Science","2025","SL1012 BCS-1G2"
"25I-0975","Zainab Iqbal","BS Computer Science","2025","SL1012 BCS-1G2"
"25I-0976","Iqra Ahmed","BS Data Science","2025","SL1012 BDS-1A2"
"25I-0977","Zain Mirza","BS Data Science","2025","SL1012 BDS-1A2"
"25I-0978","Maryam Siddiqui","BS Data Science","2025","SL1012 BDS-1A2"
"25I-0979","Muhammad Khan","BS Data Science","2025","SL1012 BDS-1A2"
"25I-0980","Talha Bhatti","BS Data Science","2025","SL1012 BDS-1A2"
"25I-0981","Noor Tariq","BS Data Science","2025","SL1012 BDS-1A2"
"25I-0982","Ahmed Chaudhry","BS Computer Science","2025","SL1012 BCS-1F1"
"25I-0983","Omar Qureshi","BS Computer Science","2025","SL1012 BCS-1F1"
"25I-0984","Sara Shah","BS Computer Science","2025","SL1012 BCS-1F1"
"25I-0985","Ali Akhtar","BS Computer Science","2025","SL1012 BCS-1F1"
"25I-0986","Saad Farooq","BS Computer Science","2025","SL1012 BCS-1F1"
"25I-0987","Khadija Raza","BS Computer Science","2025","SL1012 BCS-1F1"
"25I-0988","Usman Naveed","BS Software Engineering","2025","SL1012 BSE-1C1"
"25I-0989","Fatima Sheikh","BS Software Engineering","2025","SL1012 BSE-1C1"
"25I-0990","Hira Malik","BS Software Engineering","2025","SL1012 BSE-1C1"
"25I-0991","Hamza Abbasi","BS Software Engineering","2025","SL1012 BSE-1C1"
"25I-0992","Ayesha Hassan","BS Software Engineering","2025","SL1012 BSE-1C1"
"25I-0993","Sana Ali","BS Software Engineering","2025","SL1012 BSE-1C1"
"25I-0994","Bilal Javed","BS Computer Science","2025","SL1012 BCS-1F2"
"25I-0995","Zainab Iqbal","BS Computer Science","2025","SL1012 BCS-1F2"
"25I-0996","Iqra Ahmed","BS Computer Science","2025","SL1012 BCS-1F2"
"25I-0997","Zain Mirza","BS Computer Science","2025","SL1012 BCS-1F2"
"25I-0998","Maryam Siddiqui","BS Computer Science","2025","SL1012 BCS-1F2"
"25I-0999","Muhammad Khan","BS Computer Science","2025","SL1012 BCS-1F2"
"25I-1000","Talha Bhatti","BS Software Engineering","2025","SL1012 BSE-1C2"
"25I-1001","Noor Tariq","BS Software Engineering","2025","SL1012 BSE-1C2"
"25I-1002","Ahmed Chaudhry","BS Software Engineering","2025","SL1012 BSE-1C2"
"25I-1003","Omar Qureshi","BS Software Engineering","2025","SL1012 BSE-1C2"
"25I-1004","Sara Shah","BS Software Engineering","2025","SL1012 BSE-1C2"
"25I-1005","Ali Akhtar","BS Software Engineering","2025","SL1012 BSE-1C2"
"22I-1006","Saad Farooq","Computer Science","2022","ARTSH D-402"
"22I-1007","Khadija Raza","Computer Science","2022","ARTSH D-402"
"22I-1008","Usman Naveed","Computer Science","2022","ARTSH D-402"
"22I-1009","Fatima Sheikh","Computer Science","2022","ARTSH D-402"
"22I-1010","Hira Malik","Computer Science","2022","ARTSH D-402"
"22I-1011","Hamza Abbasi","Computer Science","2022","ARTSH D-402"
"22I-1012","Ayesha Hassan","Computer Science","2022","ARTSH SE-E"
"22I-1013","Sana Ali","Computer Science","2022","ARTSH SE-E"
"22I-1014","Bilal Javed","Computer Science","2022","ARTSH SE-E"
"22I-1015","Zainab Iqbal","Computer Science","2022","ARTSH SE-E"
"22I-1016","Iqra Ahmed","Computer Science","2022","ARTSH SE-E"
"22I-1017","Zain Mirza","Computer Science","2022","ARTSH SE-E"
"22I-1018","Maryam Siddiqui","BS Computer Science","2022","AI4015 BCS-7"
"22I-1019","Muhammad Khan","BS Computer Science","2022","AI4015 BCS-7"
"22I-1020","Talha Bhatti","BS Computer Science","2022","AI4015 BCS-7"
"22I-1021","Noor Tariq","BS Computer Science","2022","AI4015 BCS-7"
"22I-1022","Ahmed Chaudhry","BS Computer Science","2022","AI4015 BCS-7"
"22I-1023","Omar Qureshi","BS Computer Science","2022","AI4015 BCS-7"
"22I-1024","Sara Shah","Computer Science","2022","ARTSH CY-A"
"22I-1025","Ali Akhtar","Computer Science","2022","ARTSH CY-A"
"22I-1026","Saad Farooq","Computer Science","2022","ARTSH CY-A"
"22I-1027","Khadija Raza","Computer Science","2022","ARTSH CY-A"
"22I-1028","Usman Naveed","Computer Science","2022","ARTSH CY-A"
"22I-1029","Fatima Sheikh","Computer Science","2022","ARTSH CY-A"
"22I-1030","Hira Malik","Computer Science","2022","ARTSH CY-D"
"22I-1031","Hamza Abbasi","Computer Science","2022","ARTSH CY-D"
"22I-1032","Ayesha Hassan","Computer Science","2022","ARTSH CY-D"
"22I-1033","Sana Ali","Computer Science","2022","ARTSH CY-D"
"22I-1034","Bilal Javed","Computer Science","2022","ARTSH CY-D"
"22I-1035","Zainab Iqbal","Computer Science","2022","ARTSH CY-D"
"25I-1036","Iqra Ahmed","BS Computer Science","2025","SL1012 BCS-1B1"
"25I-1037","Zain Mirza","BS Computer Science","2025","SL1012 BCS-1B1"
"25I-1038","Maryam Siddiqui","BS Computer Science","2025","SL1012 BCS-1B1"
"25I-1039","Muhammad Khan","BS Computer Science","2025","SL1012 BCS-1B1"
"25I-1040","Talha Bhatti","BS Computer Science","2025","SL1012 BCS-1B1"
"25I-1041","Noor Tariq","BS Computer Science","2025","SL1012 BCS-1B1"
"25I-1042","Ahmed Chaudhry","BS Software Engineering","2025","SL1012 BSE-1A1"
"25I-1043","Omar Qureshi","BS Software Engineering","2025","SL1012 BSE-1A1"
"25I-1044","Sara Shah","BS Software Engineering","2025","SL1012 BSE-1A1"
"25I-1045","Ali Akhtar","BS Software Engineering","2025","SL1012 BSE-1A1"
"25I-1046","Saad Farooq","BS Software Engineering","2025","SL1012 BSE-1A1"
"25I-1047","Khadija Raza","BS Software Engineering","2025","SL1012 BSE-1A1"
"25I-1048","Usman Naveed","BS Computer Science","2025","SL1012 BCS-1B2"
"25I-1049","Fatima Sheikh","BS Computer Science","2025","SL1012 BCS-1B2"
"25I-1050","Hira Malik","BS Computer Science","2025","SL1012 BCS-1B2"
"25I-1051","Hamza Abbasi","BS Computer Science","2025","SL1012 BCS-1B2"
"25I-1052","Ayesha Hassan","BS Computer Science","2025","SL1012 BCS-1B2"
"25I-1053","Sana Ali","BS Computer Science","2025","SL1012 BCS-1B2"
"25I-1054","Bilal Javed","BS Cyber Security","2025","SL1012 BCY-1C2"
"25I-1055","Zainab Iqbal","BS Cyber Security","2025","SL1012 BCY-1C2"
"25I-1056","Iqra Ahmed","BS Cyber Security","2025","SL1012 BCY-1C2"
"25I-1057","Zain Mirza","BS Cyber Security","2025","SL1012 BCY-1C2"
"25I-1058","Maryam Siddiqui","BS Cyber Security","2025","SL1012 BCY-1C2"
"25I-1059","Muhammad Khan","BS Cyber Security","2025","SL1012 BCY-1C2"
"25I-1060","Talha Bhatti","BS Artificial Intelligence","2025","SL1012 BAI-1A1"
"25I-1061","Noor Tariq","BS Artificial Intelligence","2025","SL1012 BAI-1A1"
"25I-1062","Ahmed Chaudhry","BS Artificial Intelligence","2025","SL1012 BAI-1A1"
"25I-1063","Omar Qureshi","BS Artificial Intelligence","2025","SL1012 BAI-1A1"
"25I-1064","Sara Shah","BS Artificial Intelligence","2025","SL1012 BAI-1A1"
"25I-1065","Ali Akhtar","BS Artificial Intelligence","2025","SL1012 BAI-1A1"
"25I-1066","Saad Farooq","BS Cyber Security","2025","SL1012 BCY-1C1"
"25I-1067","Khadija Raza","BS Cyber Security","2025","SL1012 BCY-1C1"
"25I-1068","Usman Naveed","BS Cyber Security","2025","SL1012 BCY-1C1"
"25I-1069","Fatima Sheikh","BS Cyber Security","2025","SL1012 BCY-1C1"
"25I-1070","Hira Malik","BS Cyber Security","2025","SL1012 BCY-1C1"
"25I-1071","Hamza Abbasi","BS Cyber Security","2025","SL1012 BCY-1C1"
"25I-1072","Ayesha Hassan","BS Artificial Intelligence","2025","SL1012 BAI-1A2"
"25I-1073","Sana Ali","BS Artificial Intelligence","2025","SL1012 BAI-1A2"
"25I-1074","Bilal Javed","BS Artificial Intelligence","2025","SL1012 BAI-1A2"
"25I-1075","Zainab Iqbal","BS Artificial Intelligence","2025","SL1012 BAI-1A2"
"25I-1076","Iqra Ahmed","BS Artificial Intelligence","2025","SL1012 BAI-1A2"
"25I-1077","Zain Mirza","BS Artificial Intelligence","2025","SL1012 BAI-1A2"
"25I-1078","Maryam Siddiqui","BS Software Engineering","2025","SL1012 BSE-1A2"
"25I-1079","Muhammad Khan","BS Software Engineering","2025","SL1012 BSE-1A2"
"25I-1080","Talha Bhatti","BS Software Engineering","2025","SL1012 BSE-1A2"
"25I-1081","Noor Tariq","BS Software Engineering","2025","SL1012 BSE-1A2"
"25I-1082","Ahmed Chaudhry","BS Software Engineering","2025","SL1012 BSE-1A2"
"25I-1083","Omar Qureshi","BS Software Engineering","2025","SL1012 BSE-1A2"
"22I-1084","Sara Shah","Computer Science","2022","BREAK ALL"
"22I-1084","Sara Shah","Computer Science","2022","FYP ALL"
"22I-1085","Ali Akhtar","Computer Science","2022","BREAK ALL"
"22I-1085","Ali Akhtar","Computer Science","2022","FYP ALL"
"22I-1086","Saad Farooq","Computer Science","2022","BREAK ALL"
"22I-1086","Saad Farooq","Computer Science","2022","FYP ALL"
"22I-1087","Khadija Raza","Computer Science","2022","BREAK ALL"
"22I-1087","Khadija Raza","Computer Science","2022","FYP ALL"
"22I-1088","Usman Naveed","Computer Science","2022","BREAK ALL"
"22I-1088","Usman Naveed","Computer Science","2022","FYP ALL"
"22I-1089","Fatima Sheikh","Computer Science","2022","BREAK ALL"
"22I-1089","Fatima Sheikh","Computer Science","2022","FYP ALL"
"22I-1090","Hira Malik","Computer Science","2022","UHQI fall-2025"
"22I-1091","Hamza Abbasi","Computer Science","2022","UHQI fall-2025"
"22I-1092","Ayesha Hassan","Computer Science","2022","UHQI fall-2025"
"22I-1093","Sana Ali","Computer Science","2022","UHQI fall-2025"
"22I-1094","Bilal Javed","Computer Science","2022","UHQI fall-2025"
"22I-1095","Zainab Iqbal","Computer Science","2022","UHQI fall-2025"
"24I-1096","Iqra Ahmed","Computer Science","2024","PFCSA D-301"
"24I-1097","Zain Mirza","Computer Science","2024","PFCSA D-301"
"24I-1098","Maryam Siddiqui","Computer Science","2024","PFCSA D-301"
"24I-1099","Muhammad Khan","Computer Science","2024","PFCSA D-301"
"24I-1100","Talha Bhatti","Computer Science","2024","PFCSA D-301"
"24I-1101","Noor Tariq","Computer Science","2024","PFCSA D-301"
"24I-1102","Ahmed Chaudhry","Computer Science","2024","PFCSB D-302"
"24I-1103","Omar Qureshi","Computer Science","2024","PFCSB D-302"
"24I-1104","Sara Shah","Computer Science","2024","PFCSB D-302"
"24I-1105","Ali Akhtar","Computer Science","2024","PFCSB D-302"
"24I-1106","Saad Farooq","Computer Science","2024","PFCSB D-302"
"24I-1107","Khadija Raza","Computer Science","2024","PFCSB D-302"
"24I-1108","Usman Naveed","Computer Science","2024","PFCSC D-303"
"24I-1109","Fatima Sheikh","Computer Science","2024","PFCSC D-303"
"24I-1110","Hira Malik","Computer Science","2024","PFCSC D-303"
"24I-1111","Hamza Abbasi","Computer Science","2024","PFCSC D-303"
"24I-1112","Ayesha Hassan","Computer Science","2024","PFCSC D-303"
"24I-1113","Sana Ali","Computer Science","2024","PFCSC D-303"
"24I-1114","Bilal Javed","Computer Science","2024","PFCSD D-304"
"24I-1115","Zainab Iqbal","Computer Science","2024","PFCSD D-304"
"24I-1116","Iqra Ahmed","Computer Science","2024","PFCSD D-304"
"24I-1117","Zain Mirza","Computer Science","2024","PFCSD D-304"
"24I-1118","Maryam Siddiqui","Computer Science","2024","PFCSD D-304"
"24I-1119","Muhammad Khan","Computer Science","2024","PFCSD D-304"
"24I-1120","Talha Bhatti","Computer Science","2024","PFCSE D-305"
"24I-1121","Noor Tariq","Computer Science","2024","PFCSE D-305"
"24I-1122","Ahmed Chaudhry","Computer Science","2024","PFCSE D-305"
"24I-1123","Omar Qureshi","Computer Science","2024","PFCSE D-305"
"24I-1124","Sara Shah","Computer Science","2024","PFCSE D-305"
"24I-1125","Ali Akhtar","Computer Science","2024","PFCSE D-305"
"24I-1126","Saad Farooq","Computer Science","2024","PFCSF D-306"
"24I-1127","Khadija Raza","Computer Science","2024","PFCSF D-306"
"24I-1128","Usman Naveed","Computer Science","2024","PFCSF D-306"
"24I-1129","Fatima Sheikh","Computer Science","2024","PFCSF D-306"
"24I-1130","Hira Malik","Computer Science","2024","PFCSF D-306"
"24I-1131","Hamza Abbasi","Computer Science","2024","PFCSF D-306"
"24I-1132","Ayesha Hassan","Computer Science","2024","PFCSG D-315"
"24I-1133","Sana Ali","Computer Science","2024","PFCSG D-315"
"24I-1134","Bilal Javed","Computer Science","2024","PFCSG D-315"
"24I-1135","Zainab Iqbal","Computer Science","2024","PFCSG D-315"
"24I-1136","Iqra Ahmed","Computer Science","2024","PFCSG D-315"
"24I-1137","Zain Mirza","Computer Science","2024","PFCSG D-315"
"24I-1138","Maryam Siddiqui","Computer Science","2024","PFCSH D-316"
"24I-1139","Muhammad Khan","Computer Science","2024","PFCSH D-316"
"24I-1140","Talha Bhatti","Computer Science","2024","PFCSH D-316"
"24I-1141","Noor Tariq","Computer Science","2024","PFCSH D-316"
"24I-1142","Ahmed Chaudhry","Computer Science","2024","PFCSH D-316"
"24I-1143","Omar Qureshi","Computer Science","2024","PFCSH D-316"
"25I-1144","Sara Shah","BS Cyber Security","2025","SL1012 BCY-1A1"
"25I-1145","Ali Akhtar","BS Cyber Security","2025","SL1012 BCY-1A1"
"25I-1146","Saad Farooq","BS Cyber Security","2025","SL1012 BCY-1A1"
"25I-1147","Khadija Raza","BS Cyber Security","2025","SL1012 BCY-1A1"
"25I-1148","Usman Naveed","BS Cyber Security","2025","SL1012 BCY-1A1"
"25I-1149","Fatima Sheikh","BS Cyber Security","2025","SL1012 BCY-1A1"
"25I-1150","Hira Malik","BS Cyber Security","2025","SL1012 BCY-1A2"
"25I-1151","Hamza Abbasi","BS Cyber Security","2025","SL1012 BCY-1A2"
"25I-1152","Ayesha Hassan","BS Cyber Security","2025","SL1012 BCY-1A2"
"25I-1153","Sana Ali","BS Cyber Security","2025","SL1012 BCY-1A2"
"25I-1154","Bilal Javed","BS Cyber Security","2025","SL1012 BCY-1A2"
"25I-1155","Zainab Iqbal","BS Cyber Security","2025","SL1012 BCY-1A2"
"25I-1156","Iqra Ahmed","BS Cyber Security","2025","SL1012 BCY-1B1"
"25I-1157","Zain Mirza","BS Cyber Security","2025","SL1012 BCY-1B1"
"25I-1158","Maryam Siddiqui","BS Cyber Security","2025","SL1012 BCY-1B1"
"25I-1159","Muhammad Khan","BS Cyber Security","2025","SL1012 BCY-1B1"
"25I-1160","Talha Bhatti","BS Cyber Security","2025","SL1012 BCY-1B1"
"25I-1161","Noor Tariq","BS Cyber Security","2025","SL1012 BCY-1B1"
"25I-1162","Ahmed Chaudhry","BS Cyber Security","2025","SL1012 BCY-1B2"
"25I-1163","Omar Qureshi","BS Cyber Security","2025","SL1012 BCY-1B2"
"25I-1164","Sara Shah","BS Cyber Security","2025","SL1012 BCY-1B2"
"25I-1165","Ali Akhtar","BS Cyber Security","2025","SL1012 BCY-1B2"
"25I-1166","Saad Farooq","BS Cyber Security","2025","SL1012 BCY-1B2"
"25I-1167","Khadija Raza","BS Cyber Security","2025","SL1012 BCY-1B2"
"25I-1168","Usman Naveed","BS Artificial Intelligence","2025","SL1012 BAI-1B2"
"25I-1169","Fatima Sheikh","BS Artificial Intelligence","2025","SL1012 BAI-1B2"
"25I-1170","Hira Malik","BS Artificial Intelligence","2025","SL1012 BAI-1B2"
"25I-1171","Hamza Abbasi","BS Artificial Intelligence","2025","SL1012 BAI-1B2"
"25I-1172","Ayesha Hassan","BS Artificial Intelligence","2025","SL1012 BAI-1B2"
"25I-1173","Sana Ali","BS Artificial Intelligence","2025","SL1012 BAI-1B2"
"25I-1174","Bilal Javed","BS Cyber Security","2025","SL1012 BCY-1D1"
"25I-1175","Zainab Iqbal","BS Cyber Security","2025","SL1012 BCY-1D1"
"25I-1176","Iqra Ahmed","BS Cyber Security","2025","SL1012 BCY-1D1"
"25I-1177","Zain Mirza","BS Cyber Security","2025","SL1012 BCY-1D1"
"25I-1178","Maryam Siddiqui","BS Cyber Security","2025","SL1012 BCY-1D1"
"25I-1179","Muhammad Khan","BS Cyber Security","2025","SL1012 BCY-1D1"
"25I-1180","Talha Bhatti","BS Software Engineering","2025","SL1012 BSE-1E1"
"25I-1181","Noor Tariq","BS Software Engineering","2025","SL1012 BSE-1E1"
"25I-1182","Ahmed Chaudhry","BS Software Engineering","2025","SL1012 BSE-1E1"
"25I-1183","Omar Qureshi","BS Software Engineering","2025","SL1012 BSE-1E1"
"25I-1184","Sara Shah","BS Software Engineering","2025","SL1012 BSE-1E1"
"25I-1185","Ali Akhtar","BS Software Engineering","2025","SL1012 BSE-1E1"
"25I-1186","Saad Farooq","BS Data Science","2025","SL1012 BDS-1C1"
"25I-1187","Khadija Raza","BS Data Science","2025","SL1012 BDS-1C1"
"25I-1188","Usman Naveed","BS Data Science","2025","SL1012 BDS-1C1"
"25I-1189","Fatima Sheikh","BS Data Science","2025","SL1012 BDS-1C1"
"25I-1190","Hira Malik","BS Data Science","2025","SL1012 BDS-1C1"
"25I-1191","Hamza Abbasi","BS Data Science","2025","SL1012 BDS-1C1"
"25I-1192","Ayesha Hassan","BS Cyber Security","2025","SL1012 BCY-1D2"
"25I-1193","Sana Ali","BS Cyber Security","2025","SL1012 BCY-1D2"
"25I-1194","Bilal Javed","BS Cyber Security","2025","SL1012 BCY-1D2"
"25I-1195","Zainab Iqbal","BS Cyber Security","2025","SL1012 BCY-1D2"
"25I-1196","Iqra Ahmed","BS Cyber Security","2025","SL1012 BCY-1D2"
"25I-1197","Zain Mirza","BS Cyber Security","2025","SL1012 BCY-1D2"
"25I-1198","Maryam Siddiqui","BS Software Engineering","2025","SL1012 BSE-1E2"
"25I-1199","Muhammad Khan","BS Software Engineering","2025","SL1012 BSE-1E2"
"25I-1200","Talha Bhatti","BS Software Engineering","2025","SL1012 BSE-1E2"
"25I-1201","Noor Tariq","BS Software Engineering","2025","SL1012 BSE-1E2"
"25I-1202","Ahmed Chaudhry","BS Software Engineering","2025","SL1012 BSE-1E2"
"25I-1203","Omar Qureshi","BS Software Engineering","2025","SL1012 BSE-1E2"
"25I-1204","Sara Shah","BS Data Science","2025","SL1012 BDS-1C2"
"25I-1205","Ali Akhtar","BS Data Science","2025","SL1012 BDS-1C2"
"25I-1206","Saad Farooq","BS Data Science","2025","SL1012 BDS-1C2"
"25I-1207","Khadija Raza","BS Data Science","2025","SL1012 BDS-1C2"
"25I-1208","Usman Naveed","BS Data Science","2025","SL1012 BDS-1C2"
"25I-1209","Fatima Sheikh","BS Data Science","2025","SL1012 BDS-1C2"
"25I-1210","Hira Malik","BS Artificial Intelligence","2025","SL1012 BAI-1B1"
"25I-1211","Hamza Abbasi","BS Artificial Intelligence","2025","SL1012 BAI-1B1"
"25I-1212","Ayesha Hassan","BS Artificial Intelligence","2025","SL1012 BAI-1B1"
"25I-1213","Sana Ali","BS Artificial Intelligence","2025","SL1012 BAI-1B1"
"25I-1214","Bilal Javed","BS Artificial Intelligence","2025","SL1012 BAI-1B1"
"25I-1215","Zainab Iqbal","BS Artificial Intelligence","2025","SL1012 BAI-1B1"
