Day,TimeSlot,StartTime,EndTime,Room ID,Room Name,Course Section Code,Course Code,Course Title,Section,Department
"Monday","slot-1","08:30","09:50","c-301","C-301","CS-1002 CS-A","CS-1002","Programming Fundamentals","CS-A","Computer Science"
"Monday","slot-2","10:00","11:20","c-301","C-301","MT1003 BCS-1A","MT1003","Calculus and Analytical Geometry","BCS-1A","Sciences & Humanities"
"Monday","slot-4","01:00","02:45","c-301","C-301","SS1013 BCS-1A","SS1013","Ideology and Constitution of Pakistan","BCS-1A","Sciences & Humanities"
"Monday","slot-8","18:45","20:05","d-301","D-301","CS6062 PCS-1A","CS6062","Vision-Based AI Agent","PCS-1A","Computer Science"
"Monday","slot-1","08:30","09:50","c-302","C-302","MT1003 BCS-1B","MT1003","Calculus and Analytical Geometry","BCS-1B","Sciences & Humanities"
"Monday","slot-2","10:00","11:20","c-302","C-302","CS-1002 CS-B","CS-1002","Programming Fundamentals","CS-B","Computer Science"
"Monday","slot-4","01:00","02:45","c-302","C-302","SS1007 BCS-1B","SS1007","Islamic Studies/Ethics","BCS-1B","Sciences & Humanities"
"Monday","slot-7","17:20","18:40","d-302","D-302","CS5037 MCS-2A","CS5037","Data Visualization","MCS-2A","Computer Science"
"Monday","slot-8","18:45","20:05","d-302","D-302","CS5009 MCS-1A","CS5009","Advanced Operating Systems","MCS-1A","Computer Science"
"Monday","slot-1","08:30","09:50","c-303","C-303","MT1003 BCS-1C","MT1003","Calculus and Analytical Geometry","BCS-1C","Sciences & Humanities"
"Monday","slot-2","10:00","11:20","c-303","C-303","CS-1002 CS-C","CS-1002","Programming Fundamentals","CS-C","Computer Science"
"Monday","slot-4","01:00","02:45","c-303","C-303","SS1013 BCS-1C","SS1013","Ideology and Constitution of Pakistan","BCS-1C","Sciences & Humanities"
"Monday","slot-7","17:20","18:40","d-303","D-303","CY5004 MCY-1A","CY5004","Secure System Design","MCY-1A","Cyber Security"
"Monday","slot-8","18:45","20:05","d-303","D-303","CY5005 MCY-1A","CY5005","Applied Information Security","MCY-1A","Cyber Security"
"Monday","slot-1","08:30","09:50","c-304","C-304","CS-1002 CS-D","CS-1002","Programming Fundamentals","CS-D","Computer Science"
"Monday","slot-2","10:00","11:20","c-304","C-304","MT1003 BCS-1D","MT1003","Calculus and Analytical Geometry","BCS-1D","Sciences & Humanities"
"Monday","slot-3","11:30","12:25","c-304","C-304","SS1019 BCS-1F","SS1019","Understanding Sirat-Un-Nabi (PBUH)","BCS-1F","Sciences & Humanities"
"Monday","slot-4","01:00","02:45","c-304","C-304","SS1007 BCS-1D","SS1007","Islamic Studies/Ethics","BCS-1D","Sciences & Humanities"
"Monday","slot-7","17:20","18:40","d-304","D-304","RESERVED A","RESERVED","Reserved for Adv Comp Vision","A","Computer Science"
"Monday","slot-1","08:30","10:15","c-305","C-305","SS1012 BCS-1G","SS1012","Functional English","BCS-1G","Sciences & Humanities"
"Monday","slot-2","10:30","11:25","c-305","C-305","SS1019 BCS-3J","SS1019","Understanding Sirat-Un-Nabi (PBUH)","BCS-3J","Sciences & Humanities"
"Monday","slot-3","11:30","12:50","c-305","C-305","EE1005 BCS-3J","EE1005","Digital Logic Design","BCS-3J","Electrical Engineering"
"Monday","slot-4","01:00","02:45","c-305","C-305","SS1012 BCS-1F","SS1012","Functional English","BCS-1F","Sciences & Humanities"
"Monday","slot-7","17:20","18:40","d-305","D-305","CS5031 MAI-3A","CS5031","Applied Computer Vision","MAI-3A","Artificial Intelligence"
"Monday","slot-8","18:45","20:05","d-305","D-305","CS5020 MAI-3A","CS5020","Agentic AI","MAI-3A","Artificial Intelligence"
"Monday","slot-1","08:30","09:50","c-307","C-307","CS2001 BCS-3A","CS2001","Data Structures","BCS-3A","Computer Science"
"Monday","slot-2","10:00","11:20","c-307","C-307","CS3004 BCS-3A","CS3004","Software Design and Analysis","BCS-3A","Computer Science"
"Monday","slot-3","11:30","12:50","c-307","C-307","CS2001 BCS-3C","CS2001","Data Structures","BCS-3C","Computer Science"
"Monday","slot-4","13:00","14:20","c-307","C-307","EE1005 BCS-3A","EE1005","Digital Logic Design","BCS-3A","Electrical Engineering"
"Monday","slot-7","17:20","18:40","d-306","D-306","CS5020 MDS-3A","CS5020","Agentic AI","MDS-3A","Data Science"
"Monday","slot-8","18:45","20:05","d-306","D-306","AI5004 MDS-3A","AI5004","Advanced Topics in Generative AI","MDS-3A","Artificial Intelligence"
"Monday","slot-2","10:00","11:20","c-308","C-308","CS2001 BCS-3B","CS2001","Data Structures","BCS-3B","Computer Science"
"Monday","slot-3","11:30","12:50","c-308","C-308","MT1004 BCS-3D","MT1004","Linear Algebra","BCS-3D","Sciences & Humanities"
"Monday","slot-4","13:00","14:20","c-308","C-308","CS3004 BCS-3B","CS3004","Software Design and Analysis","BCS-3B","Computer Science"
"Monday","slot-5","14:30","15:50","c-308","C-308","CS1004 BCS-3A","CS1004","Object Oriented Programming","BCS-3A","Computer Science"
"Monday","slot-6","15:55","17:15","c-308","C-308","CS1004 BCS-3B","CS1004","Object Oriented Programming","BCS-3B","Computer Science"
"Monday","slot-7","17:20","18:40","d-311","D-311","CS4002 MAI-1A","CS4002","Applied Programming","MAI-1A","Artificial Intelligence"
"Monday","slot-8","18:45","20:05","d-311","D-311","DS5002 MDS-1A","DS5002","Data Science Tools and Techniques","MDS-1A","Data Science"
"Monday","slot-1","08:30","09:50","c-309","C-309","CS3004 BCS-3C","CS3004","Software Design and Analysis","BCS-3C","Computer Science"
"Monday","slot-2","10:00","11:20","c-309","C-309","CS2001 BCS-3E","CS2001","Data Structures","BCS-3E","Computer Science"
"Monday","slot-3","11:30","12:50","c-309","C-309","CS3004 BCS-3E","CS3004","Software Design and Analysis","BCS-3E","Computer Science"
"Monday","slot-4","13:00","14:20","c-309","C-309","MT1004 BCS-3C","MT1004","Linear Algebra","BCS-3C","Sciences & Humanities"
"Monday","slot-5","14:30","15:50","c-309","C-309","MT1003 BCS-3Z","MT1003","Calculus and Analytical Geometry","BCS-3Z","Sciences & Humanities"
"Monday","slot-6","15:55","17:15","c-309","C-309","CS1005 BCS-3A","CS1005","Discrete Structures","BCS-3A","Computer Science"
"Monday","slot-7","17:20","18:40","d-312","D-312","AI2003 MCI-1A","AI2003","Programming for AI","MCI-1A","Artificial Intelligence"
"Monday","slot-8","18:45","20:05","d-312","D-312","CS2015 MCI-1A","CS2015","Data Structures and Algorithms","MCI-1A","Computer Science"
"Monday","slot-1","08:30","09:50","c-310","C-310","CS2001 BCS-3D","CS2001","Data Structures","BCS-3D","Computer Science"
"Monday","slot-3","11:30","12:50","c-310","C-310","MT1004 BCS-3F","MT1004","Linear Algebra","BCS-3F","Sciences & Humanities"
"Monday","slot-4","13:00","14:20","c-310","C-310","CS3004 BCS-3D","CS3004","Software Design and Analysis","BCS-3D","Computer Science"
"Monday","slot-5","14:30","15:50","c-310","C-310","EE1005 BCS-3E","EE1005","Digital Logic Design","BCS-3E","Electrical Engineering"
"Monday","slot-1","08:30","09:50","c-311","C-311","SS1022 BCS-3F","SS1022","Understanding of Holy Quran I/Ethics I","BCS-3F","Sciences & Humanities"
"Monday","slot-1","08:30","09:50","c-311","C-311","SS1022 BCS-3F","SS1022","Understanding of Holy Quran II/Ethics II","BCS-3F","Sciences & Humanities"
"Monday","slot-1","09:30","11:20","c-311","C-311"," A","","","A","Computer Science"
"Monday","slot-3","11:30","12:50","c-311","C-311","MT1004 BCS-3B","MT1004","Linear Algebra","BCS-3B","Sciences & Humanities"
"Monday","slot-4","13:00","14:20","c-311","C-311","MT1004 BCS-3G","MT1004","Linear Algebra","BCS-3G","Sciences & Humanities"
"Monday","slot-5","14:30","15:50","c-311","C-311","SS1022 BCS-3G","SS1022","Understanding of Holy Quran I/Ethics I","BCS-3G","Sciences & Humanities"
"Monday","slot-5","14:30","15:50","c-311","C-311","SS1022 BCS-3G","SS1022","Understanding of Holy Quran II/Ethics II","BCS-3G","Sciences & Humanities"
"Monday","slot-5","02:30","04:20","c-311","C-311"," A","","","A","Computer Science"
"Monday","slot-7","17:20","18:40","d-314","D-314","SE5032 MSE-2A","SE5032","Empirical Software Engineering","MSE-2A","Software Engineering"
"Monday","slot-8","18:45","20:05","d-314","D-314","SE5008 MSE-2A","SE5008","Engineering AI based Software","MSE-2A","Software Engineering"
"Monday","slot-4","13:00","14:20","c-401","C-401","EE1005 BCS-3H","EE1005","Digital Logic Design","BCS-3H","Electrical Engineering"
"Monday","slot-5","02:30","03:25","c-401","C-401","SS1019 BCS-3H","SS1019","Understanding Sirat-Un-Nabi (PBUH)","BCS-3H","Sciences & Humanities"
"Monday","slot-1","08:30","09:50","c-402","C-402","EE3009 BCS-5A","EE3009","Computer Architecture","BCS-5A","Electrical Engineering"
"Monday","slot-3","11:30","12:50","c-402","C-402","CS3014 BCS-5A","CS3014","Applied Human Computer Interaction","BCS-5A","Computer Science"
"Monday","slot-4","13:00","14:20","c-402","C-402","CS3001 BCS-5A","CS3001","Computer Networks","BCS-5A","Computer Science"
"Monday","slot-5","14:30","15:50","c-402","C-402","EE2003 BCS-5A","EE2003","Computer Organization and Assembly Language","BCS-5A","Electrical Engineering"
"Monday","slot-6","15:55","17:15","c-402","C-402","EE2003 BCS-5B","EE2003","Computer Organization and Assembly Language","BCS-5B","Electrical Engineering"
"Monday","slot-7","17:20","18:40","d-316","D-316","AI5002 MAI-1A","AI5002","Mathematical Foundations of AI","MAI-1A","Artificial Intelligence"
"Monday","slot-8","18:45","20:05","d-316","D-316","AI5002 MAI-1B","AI5002","Mathematical Foundations of AI","MAI-1B","Artificial Intelligence"
"Monday","slot-2","10:00","11:20","c-403","C-403","EE3009 BCS-5B","EE3009","Computer Architecture","BCS-5B","Electrical Engineering"
"Monday","slot-4","13:00","14:20","c-403","C-403","CS3014 BCS-5B","CS3014","Applied Human Computer Interaction","BCS-5B","Computer Science"
"Monday","slot-5","14:30","15:50","c-403","C-403","CS3001 BCS-5B","CS3001","Computer Networks","BCS-5B","Computer Science"
"Monday","slot-6","15:55","17:15","c-403","C-403","CS6018 PCS-1A","CS6018","Recent Advances in Deep Learning","PCS-1A","Computer Science"
"Monday","slot-7","17:20","18:40","d-401","D-401","SE6002 PSE-1A","SE6002","Advanced Empirical Software Engineering","PSE-1A","Software Engineering"
"Monday","slot-8","18:45","20:05","d-401","D-401","CS6006 PCS-1A","CS6006","Cyber and Network Security","PCS-1A","Computer Science"
"Monday","slot-1","08:30","09:50","c-404","C-404","CS3001 BCS-5D","CS3001","Computer Networks","BCS-5D","Computer Science"
"Monday","slot-2","10:00","11:20","c-404","C-404","CS3001 BCS-5C","CS3001","Computer Networks","BCS-5C","Computer Science"
"Monday","slot-3","11:30","12:50","c-404","C-404","EE3009 BCS-5C","EE3009","Computer Architecture","BCS-5C","Electrical Engineering"
"Monday","slot-4","13:00","14:20","c-404","C-404","CS3014 BCS-5C","CS3014","Applied Human Computer Interaction","BCS-5C","Computer Science"
"Monday","slot-1","08:30","09:50","c-405","C-405","SS2012 BCS-5F","SS2012","Technical and Business Writing","BCS-5F","Sciences & Humanities"
"Monday","slot-2","10:00","11:20","c-405","C-405","CS2009 BCS-5F","CS2009","Design and Analysis of Algorithms","BCS-5F","Computer Science"
"Monday","slot-3","11:30","12:50","c-405","C-405","SS2012 BCS-5G","SS2012","Technical and Business Writing","BCS-5G","Sciences & Humanities"
"Monday","slot-4","13:00","14:20","c-405","C-405","EE3009 BCS-5D","EE3009","Computer Architecture","BCS-5D","Electrical Engineering"
"Monday","slot-3","11:30","12:50","c-406","C-406","CS2009 BCS-5E","CS2009","Design and Analysis of Algorithms","BCS-5E","Computer Science"
"Monday","slot-4","13:00","14:20","c-406","C-406","SS2012 BCS-5E","SS2012","Technical and Business Writing","BCS-5E","Sciences & Humanities"
"Monday","slot-3","11:30","12:50","c-407","C-407","CS3014 BCS-5D","CS3014","Applied Human Computer Interaction","BCS-5D","Computer Science"
"Monday","slot-4","13:00","14:20","c-407","C-407","CS2009 BCS-5G","CS2009","Design and Analysis of Algorithms","BCS-5G","Computer Science"
"Monday","slot-2","10:00","11:20","c-408","C-408","AI2002 BSE-5A","AI2002","Artificial Intelligence","BSE-5A","Artificial Intelligence"
"Monday","slot-3","11:30","12:50","c-408","C-408","AI2002 BSE-5B","AI2002","Artificial Intelligence","BSE-5B","Artificial Intelligence"
"Monday","slot-4","13:00","14:20","c-408","C-408","CS2009 BSE-5B","CS2009","Design and Analysis of Algorithms","BSE-5B","Software Engineering"
"Monday","slot-1","08:30","09:50","c-409","C-409","SS2012 BSE-5C","SS2012","Technical and Business Writing","BSE-5C","Software Engineering"
"Monday","slot-2","10:00","11:20","c-409","C-409","SE3002 BSE-5C","SE3002","Software Quality Engineering","BSE-5C","Software Engineering"
"Monday","slot-3","11:30","12:50","c-409","C-409","CS2009 BSE-5A","CS2009","Design and Analysis of Algorithms","BSE-5A","Software Engineering"
"Monday","slot-4","01:00","02:45","c-409","C-409","SS1012 BSE-1A","SS1012","Functional English","BSE-1A","Software Engineering"
"Monday","slot-1","08:30","09:50","c-601","C-601","NS1001 BSE-1B","NS1001","Applied Physics","BSE-1B","Software Engineering"
"Monday","slot-2","10:00","11:20","c-601","C-601","NS1001 BSE-1A","NS1001","Applied Physics","BSE-1A","Software Engineering"
"Monday","slot-3","11:30","01:15","c-601","C-601","SS1015 BSE-3C","SS1015","Pakistan Studies","BSE-3C","Software Engineering"
"Monday","slot-1","08:30","09:50","c-602","C-602","CS-1002 SE-A","CS-1002","Programming Fundamentals","SE-A","Computer Science"
"Monday","slot-2","10:00","11:20","c-602","C-602","CS-1002 SE-B","CS-1002","Programming Fundamentals","SE-B","Computer Science"
"Monday","slot-3","11:30","12:50","c-602","C-602","MT1003 BSE-1C","MT1003","Calculus and Analytical Geometry","BSE-1C","Software Engineering"
"Monday","slot-4","13:00","14:20","c-602","C-602","MT1003 BSE-1D","MT1003","Calculus and Analytical Geometry","BSE-1D","Software Engineering"
"Monday","slot-1","08:30","09:50","c-603","C-603","CS2001 BSE-3A","CS2001","Data Structures","BSE-3A","Software Engineering"
"Monday","slot-2","10:00","11:20","c-603","C-603","CS2001 BSE-3B","CS2001","Data Structures","BSE-3B","Software Engineering"
"Monday","slot-3","11:30","12:50","c-603","C-603","SE1001 BSE-3A","SE1001","Introduction to Software Engineering","BSE-3A","Software Engineering"
"Monday","slot-4","13:00","14:20","c-603","C-603","EE2003 BSE-3A","EE2003","Computer Organization and Assembly Language","BSE-3A","Software Engineering"
"Monday","slot-5","14:30","15:50","c-603","C-603","EE2003 BSE-3B","EE2003","Computer Organization and Assembly Language","BSE-3B","Software Engineering"
"Monday","slot-6","15:55","17:15","c-603","C-603","CS1004 BSE-3A","CS1004","Object Oriented Programming","BSE-3A","Software Engineering"
"Monday","slot-1","08:30","09:50","c-604","C-604","SE3005 BSE-5B","SE3005","Software Construction and Development","BSE-5B","Software Engineering"
"Monday","slot-2","10:00","11:20","c-604","C-604","MT1004 BSE-3C","MT1004","Linear Algebra","BSE-3C","Software Engineering"
"Monday","slot-3","11:30","12:50","c-604","C-604","SE4001 BSE-9A","SE4001","Software Re-Engineering","BSE-9A","Software Engineering"
"Monday","slot-4","01:00","02:45","c-604","C-604","ARTSH SE-B","ARTSH","Arts & Humanities","SE-B","Computer Science"
"Monday","slot-1","08:30","09:50","c-605","C-605","CS-1002 SE-F","CS-1002","Programming Fundamentals","SE-F","Computer Science"
"Monday","slot-1","08:30","09:50","c-607","C-607","MT1004 BSE-3D","MT1004","Linear Algebra","BSE-3D","Software Engineering"
"Monday","slot-2","10:00","10:55","c-607","C-607","SS1022 BSE-3D","SS1022","Understanding of Holy Quran II/Ethics II","BSE-3D","Software Engineering"
"Monday","slot-3","11:30","12:50","c-607","C-607","CS3002 BSE-7A","CS3002","Information Security","BSE-7A","Software Engineering"
"Monday","slot-4","13:00","14:20","c-607","C-607","SE3005 BSE-5A","SE3005","Software Construction and Development","BSE-5A","Software Engineering"
"Monday","slot-2","10:00","11:20","c-609","C-609","CS3002 BSE-7B","CS3002","Information Security","BSE-7B","Software Engineering"
"Monday","slot-3","11:30","12:50","c-609","C-609","CS3006 BSE-7B","CS3006","Parallel and Distributed Computing","BSE-7B","Software Engineering"
"Monday","slot-4","13:00","14:20","c-609","C-609","SE1001 BSE-3B","SE1001","Introduction to Software Engineering","BSE-3B","Software Engineering"
"Monday","slot-2","10:00","11:20","d-301","D-301","MT1003 BAI-1A","MT1003","Calculus and Analytical Geometry","BAI-1A","Artificial Intelligence"
"Monday","slot-3","11:30","12:50","d-301","D-301","CS-1002 AI-A","CS-1002","Programming Fundamentals","AI-A","Computer Science"
"Monday","slot-4","01:00","02:45","d-301","D-301","SS1013 BAI-1A","SS1013","Ideology and Constitution of Pakistan","BAI-1A","Artificial Intelligence"
"Monday","slot-1","08:30","09:50","d-302","D-302","CS4049 BCY-7A","CS4049","Blockchain and Cryptocurrency","BCY-7A","Cyber Security"
"Monday","slot-3","11:30","12:50","d-302","D-302","CS4049 BCY-7B","CS4049","Blockchain and Cryptocurrency","BCY-7B","Cyber Security"
"Monday","slot-4","13:00","14:20","d-302","D-302","CS4001 BSE-9A","CS4001","Professional Practices in IT","BSE-9A","Software Engineering"
"Monday","slot-1","08:30","09:50","d-303","D-303","EE2003 BAI-3A","EE2003","Computer Organization and Assembly Language","BAI-3A","Artificial Intelligence"
"Monday","slot-2","10:00","11:20","d-303","D-303","CS2001 BAI-3A","CS2001","Data Structures","BAI-3A","Artificial Intelligence"
"Monday","slot-3","11:30","12:50","d-303","D-303","MT1004 BAI-3C","MT1004","Linear Algebra","BAI-3C","Artificial Intelligence"
"Monday","slot-1","08:30","09:50","d-304","D-304","CS2001 BAI-3B","CS2001","Data Structures","BAI-3B","Artificial Intelligence"
"Monday","slot-2","10:00","11:20","d-304","D-304","CS1004 BAI-3A","CS1004","Object Oriented Programming","BAI-3A","Artificial Intelligence"
"Monday","slot-3","11:30","12:50","d-304","D-304","EE2003 BAI-3B","EE2003","Computer Organization and Assembly Language","BAI-3B","Artificial Intelligence"
"Monday","slot-4","13:00","14:20","d-304","D-304","AI2001 BAI-3B","AI2001","Programming for AI","BAI-3B","Artificial Intelligence"
"Monday","slot-5","03:00","06:00","d-304","D-304","CS6039 PCS-1A","CS6039","Advanced Computer Vision","PCS-1A","Computer Science"
"Monday","slot-1","08:30","09:50","d-305","D-305","AI3001 BAI-5A","AI3001","Knowledge Representation and Reasoning","BAI-5A","Artificial Intelligence"
"Monday","slot-3","11:30","12:50","d-305","D-305","CS2009 BAI-5A","CS2009","Design and Analysis of Algorithms","BAI-5A","Artificial Intelligence"
"Monday","slot-4","13:00","14:20","d-305","D-305","CS3001 BAI-5A","CS3001","Computer Networks","BAI-5A","Artificial Intelligence"
"Monday","slot-1","08:30","09:50","d-306","D-306","CS2009 BAI-5B","CS2009","Design and Analysis of Algorithms","BAI-5B","Artificial Intelligence"
"Monday","slot-2","10:00","11:20","d-306","D-306","SS2012 BAI-5B","SS2012","Technical and Business Writing","BAI-5B","Artificial Intelligence"
"Monday","slot-3","11:30","12:50","d-306","D-306","CS2009 BAI-5C","CS2009","Design and Analysis of Algorithms","BAI-5C","Artificial Intelligence"
"Monday","slot-4","13:00","14:20","d-306","D-306","SS2012 BAI-5C","SS2012","Technical and Business Writing","BAI-5C","Artificial Intelligence"
"Monday","slot-1","08:30","10:15","d-311","D-311","SS1012 BDS-1A","SS1012","Functional English","BDS-1A","Data Science"
"Monday","slot-3","11:30","12:50","d-311","D-311","AI2001 BAI-3A","AI2001","Programming for AI","BAI-3A","Artificial Intelligence"
"Monday","slot-1","08:30","09:50","d-312","D-312","MT1004 BDS-3B","MT1004","Linear Algebra","BDS-3B","Data Science"
"Monday","slot-2","10:00","11:20","d-312","D-312","MT1004 BDS-3A","MT1004","Linear Algebra","BDS-3A","Data Science"
"Monday","slot-3","11:30","12:25","d-312","D-312","SS1019 BAI-1C","SS1019","Understanding Sirat-Un-Nabi (PBUH)","BAI-1C","Artificial Intelligence"
"Monday","slot-1","08:30","09:50","d-313","D-313","TUTORIAL A","TUTORIAL","Tutorial Batch 26","A","Computer Science"
"Monday","slot-2","10:00","11:20","d-313","D-313","TUTORIAL A","TUTORIAL","Tutorial Batch 26","A","Computer Science"
"Monday","slot-3","11:30","12:50","d-313","D-313","TUTORIAL A","TUTORIAL","Tutorial Batch 26","A","Computer Science"
"Monday","slot-5","14:30","15:50","d-313","D-313","FCS A","FCS","FCS","A","Computer Science"
"Monday","slot-6","15:55","17:15","d-313","D-313","FCS A","FCS","FCS","A","Computer Science"
"Monday","slot-2","10:00","11:20","d-314","D-314","SS2012 BDS-5A","SS2012","Technical and Business Writing","BDS-5A","Data Science"
"Monday","slot-3","11:30","12:50","d-314","D-314","CS2009 BDS-5A","CS2009","Design and Analysis of Algorithms","BDS-5A","Data Science"
"Monday","slot-5","14:30","15:50","d-314","D-314","SS1022 BDS-3A","SS1022","Understanding of Holy Quran I/Ethics I","BDS-3A","Data Science"
"Monday","slot-5","14:30","15:50","d-314","D-314","SS1022 BDS-3A","SS1022","Understanding of Holy Quran II/Ethics II","BDS-3A","Data Science"
"Monday","slot-5","03:10","05:00","d-314","D-314"," A","","","A","Computer Science"
"Monday","slot-2","10:00","11:20","d-315","D-315","CS2009 BDS-5B","CS2009","Design and Analysis of Algorithms","BDS-5B","Data Science"
"Monday","slot-3","11:30","12:50","d-315","D-315","SS2012 BDS-5B","SS2012","Technical and Business Writing","BDS-5B","Data Science"
"Monday","slot-1","08:30","09:50","d-316","D-316","MG3040 BAI-7A","MG3040","Methods in Business Research","BAI-7A","Artificial Intelligence"
"Monday","slot-2","10:00","11:20","d-316","D-316","AI4015 BAI-7A","AI4015","Agentic Artificial Intelligence","BAI-7A","Artificial Intelligence"
"Monday","slot-3","12:30","02:15","d-316","D-316","ISLAMIC DS-B","ISLAMIC","Islamic","DS-B","Computer Science"
"Monday","slot-6","15:55","17:15","d-316","D-316","AI4013 BAI-7A","AI4013","AI Product Development","BAI-7A","Artificial Intelligence"
"Monday","slot-1","08:30","09:50","d-401","D-401","AI4015 BAI-7B","AI4015","Agentic Artificial Intelligence","BAI-7B","Artificial Intelligence"
"Monday","slot-2","10:00","11:20","d-401","D-401","MG3040 BAI-7B","MG3040","Methods in Business Research","BAI-7B","Artificial Intelligence"
"Monday","slot-3","11:30","12:50","d-401","D-401","CY4054 BAI-7A","CY4054","Blockchain Technologies and Applications","BAI-7A","Artificial Intelligence"
"Monday","slot-4","13:00","14:20","d-401","D-401","AI4019 BAI-7A","AI4019","Edge Computing and Intelligent Systems","BAI-7A","Artificial Intelligence"
"Monday","slot-5","14:30","15:50","d-401","D-401","AI4012 BAI-7A","AI4012","Multiagent Systems and Game Theory","BAI-7A","Artificial Intelligence"
"Monday","slot-3","11:30","12:50","d-402","D-402","AI4019 BDS-9A","AI4019","Edge Computing and Intelligent Systems","BDS-9A","Artificial Intelligence"
"Monday","slot-3","11:30","12:50","d-402","D-402","AI4019 BAI-9A","AI4019","Edge Computing and Intelligent Systems","BAI-9A","Artificial Intelligence"
"Monday","slot-4","13:00","14:20","d-402","D-402","CS3001 BDS-7C","CS3001","Computer Networks","BDS-7C","Data Science"
"Monday","slot-1","08:30","09:50","d-403","D-403","MG3040 BDS-7B","MG3040","Methods in Business Research","BDS-7B","Data Science"
"Monday","slot-2","10:00","11:20","d-403","D-403","CS4059 BDS-7B","CS4059","Fundamentals of Computer Vision","BDS-7B","Data Science"
"Monday","slot-3","11:30","12:50","d-403","D-403","CS4059 BDS-7A","CS4059","Fundamentals of Computer Vision","BDS-7A","Data Science"
"Monday","slot-4","13:00","14:20","d-403","D-403","MG3040 BDS-7A","MG3040","Methods in Business Research","BDS-7A","Data Science"
"Monday","slot-1","08:30","09:50","d-404","D-404","CS3014 BCS-7A","CS3014","Applied Human Computer Interaction","BCS-7A","Computer Science"
"Monday","slot-2","10:00","11:20","d-404","D-404","CS3014 BCS-7B","CS3014","Applied Human Computer Interaction","BCS-7B","Computer Science"
"Monday","slot-3","11:30","12:50","d-404","D-404","CS4044 BCS-7A","CS4044","Fundamentals of Software Project Management","BCS-7A","Computer Science"
"Monday","slot-1","08:30","09:50","d-405","D-405","CS3014 BCS-7C","CS3014","Applied Human Computer Interaction","BCS-7C","Computer Science"
"Monday","slot-2","10:00","11:20","d-405","D-405","CS3014 BCS-7D","CS3014","Applied Human Computer Interaction","BCS-7D","Computer Science"
"Monday","slot-1","08:30","09:50","d-406","D-406","CS4001 BCS-7E","CS4001","Professional Practices in IT","BCS-7E","Computer Science"
"Monday","slot-2","10:00","11:20","d-406","D-406","CS3002 BCS-7E","CS3002","Information Security","BCS-7E","Computer Science"
"Monday","slot-3","11:30","12:50","d-406","D-406","AI4015 BCS-7C","AI4015","Agentic Artificial Intelligence","BCS-7C","Artificial Intelligence"
"Monday","slot-4","13:00","14:20","d-406","D-406","CS3006 BCS-7B","CS3006","Parallel and Distributed Computing","BCS-7B","Computer Science"
"Monday","slot-5","14:30","15:50","d-406","D-406","CS3006 BCS-7C","CS3006","Parallel and Distributed Computing","BCS-7C","Computer Science"
"Monday","slot-1","08:30","09:50","d-411","D-411","CS3002 BCS-7F","CS3002","Information Security","BCS-7F","Computer Science"
"Monday","slot-2","10:00","11:20","d-411","D-411","CS4001 BCS-7F","CS4001","Professional Practices in IT","BCS-7F","Computer Science"
"Monday","slot-3","11:30","12:50","d-411","D-411","CS4075 BCS-7A","CS4075","Cloud Computing","BCS-7A","Computer Science"
"Monday","slot-4","13:00","14:20","d-411","D-411","CS4075 BCS-7B","CS4075","Cloud Computing","BCS-7B","Computer Science"
"Monday","slot-1","08:30","09:50","d-412","D-412","CS4001 BCS-7G","CS4001","Professional Practices in IT","BCS-7G","Computer Science"
"Monday","slot-2","10:00","11:20","d-412","D-412","CS3002 BCS-7G","CS3002","Information Security","BCS-7G","Computer Science"
"Monday","slot-3","11:30","12:50","d-412","D-412","CS4045 BCS-7A","CS4045","Deep Learning for Perception","BCS-7A","Computer Science"
"Monday","slot-3","11:30","12:50","d-413","D-413","CS4095 BCS-7A","CS4095","Embedded Control of Robotics","BCS-7A","Computer Science"
"Monday","slot-1","08:30","09:50","d-414","D-414","CS2001 BCY-3A","CS2001","Data Structures","BCY-3A","Cyber Security"
"Monday","slot-3","11:30","12:50","d-414","D-414","EE2003 BCY-3A","EE2003","Computer Organization and Assembly Language","BCY-3A","Cyber Security"
"Monday","slot-4","13:00","14:20","d-414","D-414","CY2004 BCY-3A","CY2004","Cyber Security","BCY-3A","Cyber Security"
"Monday","slot-2","10:00","11:20","d-415","D-415","CS2001 BCY-3B","CS2001","Data Structures","BCY-3B","Cyber Security"
"Monday","slot-4","13:00","14:20","d-415","D-415","EE2003 BCY-3B","EE2003","Computer Organization and Assembly Language","BCY-3B","Cyber Security"
"Monday","slot-5","14:30","15:50","d-415","D-415","CY2004 BCY-3B","CY2004","Cyber Security","BCY-3B","Cyber Security"
"Monday","slot-1","09:00","09:55","d-416","D-416","SS1022 BCY-3C","SS1022","Understanding of Holy Quran II/Ethics II","BCY-3C","Cyber Security"
"Monday","slot-2","10:00","11:20","d-416","D-416","MT1004 BCY-3C","MT1004","Linear Algebra","BCY-3C","Cyber Security"
"Monday","slot-1","08:30","09:50","d-501","D-501","AI2002 BCY-5C","AI2002","Artificial Intelligence","BCY-5C","Artificial Intelligence"
"Monday","slot-2","10:00","11:20","d-501","D-501","CS3002 BCY-5C","CS3002","Information Security","BCY-5C","Cyber Security"
"Monday","slot-4","13:00","14:20","d-501","D-501","CS4032 BCY-5C","CS4032","Web Programming","BCY-5C","Cyber Security"
"Monday","slot-5","14:30","15:50","d-501","D-501","CS2006 BCY-5C","CS2006","Operating Systems","BCY-5C","Cyber Security"
"Monday","slot-2","10:00","11:20","d-503","D-503","CY4048 BCY-7A","CY4048","Security Operations and Administration","BCY-7A","Cyber Security"
"Monday","slot-3","11:30","12:50","d-503","D-503","CY4048 BCY-7B","CY4048","Security Operations and Administration","BCY-7B","Cyber Security"
"Monday","slot-2","10:00","11:20","d-504","D-504","CS4075 BCY-7B","CS4075","Cloud Computing","BCY-7B","Cyber Security"
"Monday","slot-3","11:30","12:50","d-504","D-504","CS4075 BCY-7A","CS4075","Cloud Computing","BCY-7A","Cyber Security"
"Monday","slot-3","11:30","12:50","c-110","C-110","CS4039 BCS-7A","CS4039","Software for Mobile Devices","BCS-7A","Computer Science"
"Monday","slot-4","13:00","14:20","c-110","C-110","RESERVED A","RESERVED","Reserved For FDC","A","Computer Science"
"Monday","slot-5","14:30","15:50","c-110","C-110","RESERVED A","RESERVED","Reserved For FDC","A","Computer Science"
"Monday","lab-1","08:30","11:15","it-lab-1-d-210","IT Lab 1 (D-210)","CL1000 BSE-1C","CL1000","Introduction to Information and Communication Technology","BSE-1C","Software Engineering"
"Monday","lab-2","11:30","14:15","it-lab-1-d-210","IT Lab 1 (D-210)","CS-1002 CS-G","CS-1002","Programming Fundamentals Lab","CS-G","Computer Science"
"Monday","lab-3","14:30","17:15","it-lab-1-d-210","IT Lab 1 (D-210)","CS-1002 SE-C","CS-1002","Programming Fundamentals Lab","SE-C","Computer Science"
"Monday","lab-1","08:30","11:15","it-lab-2-d-211","IT Lab 2 (D-211)","CL1000 BCS-1H","CL1000","Introduction to Information and Communication Technology","BCS-1H","Computer Science"
"Monday","lab-2","11:30","14:15","it-lab-2-d-211","IT Lab 2 (D-211)","CL1000 BCS-1E","CL1000","Introduction to Information and Communication Technology","BCS-1E","Computer Science"
"Monday","lab-3","14:30","17:15","it-lab-2-d-211","IT Lab 2 (D-211)","CL1000 BSE-1D","CL1000","Introduction to Information and Communication Technology","BSE-1D","Software Engineering"
"Monday","lab-1","08:30","11:15","it-lab-3-d-213","IT Lab 3 (D-213)","CS-1002 AI-C","CS-1002","Programming Fundamentals Lab","AI-C","Computer Science"
"Monday","lab-2","11:30","14:15","it-lab-3-d-213","IT Lab 3 (D-213)","EL2003 BDS-3B","EL2003","Computer Organization and Assembly Language - Lab","BDS-3B","Data Science"
"Monday","lab-3","14:30","17:15","it-lab-3-d-213","IT Lab 3 (D-213)","DL3001 BDS-5A","DL3001","Data Analysis and Visualization - Lab","BDS-5A","Data Science"
"Monday","lab-1","08:30","11:15","it-lab-4-gpu-d-203","IT Lab 4-GPU (D-203)","AL3002 BAI-5C","AL3002","Machine Learning - Lab","BAI-5C","Artificial Intelligence"
"Monday","lab-2","11:30","14:15","it-lab-4-gpu-d-203","IT Lab 4-GPU (D-203)","DL2001 BDS-3A","DL2001","Introduction to Data Science - Lab","BDS-3A","Data Science"
"Monday","lab-3","14:30","17:15","it-lab-4-gpu-d-203","IT Lab 4-GPU (D-203)","AL2001 BAI-3C","AL2001","Programming for AI - Lab","BAI-3C","Artificial Intelligence"
"Monday","lab-1","08:30","11:15","margala-1-c-209","Margala 1 (C-209)","CS-1002 CS-F","CS-1002","Programming Fundamentals Lab","CS-F","Computer Science"
"Monday","lab-2","11:30","14:15","margala-1-c-209","Margala 1 (C-209)","CL1000 BDS-1A","CL1000","Introduction to Information and Communication Technology","BDS-1A","Data Science"
"Monday","lab-3","14:30","17:15","margala-1-c-209","Margala 1 (C-209)","CL2001 BCS-3J","CL2001","Data Structures - Lab","BCS-3J","Computer Science"
"Monday","lab-1","08:30","11:15","margala-3-c-211","Margala 3 (C-211)","CS-1002 DS-B","CS-1002","Programming Fundamentals Lab","DS-B","Computer Science"
"Monday","lab-2","11:30","14:15","margala-3-c-211","Margala 3 (C-211)","AL2002 BSE-5C","AL2002","Artificial Intelligence - Lab","BSE-5C","Artificial Intelligence"
"Monday","lab-3","14:30","17:15","margala-3-c-211","Margala 3 (C-211)","CL2001 BDS-3B","CL2001","Data Structures - Lab","BDS-3B","Data Science"
"Monday","lab-1","08:30","11:15","margala-4-c-212","Margala 4 (C-212","CL2001 BCS-3H","CL2001","Data Structures - Lab","BCS-3H","Computer Science"
"Monday","lab-2","11:30","14:15","margala-4-c-212","Margala 4 (C-212","EL2003 BSE-3D","EL2003","Computer Organization and Assembly Language - Lab","BSE-3D","Software Engineering"
"Monday","lab-3","14:30","17:15","margala-4-c-212","Margala 4 (C-212","CL2001 BSE-3C","CL2001","Data Structures - Lab","BSE-3C","Software Engineering"
"Monday","lab-1","08:30","11:15","rawal-1-c-509","Rawal 1 (C-509)","CL3001 BCS-5E","CL3001","Computer Networks - Lab","BCS-5E","Computer Science"
"Monday","lab-2","11:30","14:15","rawal-1-c-509","Rawal 1 (C-509)","CL3001 BCS-5F","CL3001","Computer Networks - Lab","BCS-5F","Computer Science"
"Monday","lab-3","14:30","17:15","rawal-1-c-509","Rawal 1 (C-509)","CL1004 BCS-3C","CL1004","Object Oriented Programming - Lab","BCS-3C","Computer Science"
"Monday","lab-1","08:30","11:15","c-rawal-4-c-512","C-Rawal 4 (C-512)","CL3001 BDS-7A","CL3001","Computer Networks - Lab","BDS-7A","Data Science"
"Monday","lab-2","11:30","14:15","c-rawal-4-c-512","C-Rawal 4 (C-512)","CL3001 BAI-5B","CL3001","Computer Networks - Lab","BAI-5B","Artificial Intelligence"
"Monday","lab-3","14:30","17:15","c-rawal-4-c-512","C-Rawal 4 (C-512)","DL3004 BDS-5B","DL3004","Data Warehousing and Business Intellligence - Lab","BDS-5B","Data Science"
"Monday","lab-1","08:30","11:15","cyber-d-514","Cyber (D-514)","CL2001 BAI-3C","CL2001","Data Structures - Lab","BAI-3C","Artificial Intelligence"
"Monday","lab-2","11:30","14:15","cyber-d-514","Cyber (D-514)","EL2003 BCY-3C","EL2003","Computer Organization and Assembly Language - Lab","BCY-3C","Cyber Security"
"Monday","lab-3","14:30","17:15","cyber-d-514","Cyber (D-514)","PROJECT A","PROJECT","Project (CY)","A","Computer Science"
"Monday","lab-3","14:30","17:15","call-1-a-213","CALL-1 (A-213)","SL1012 BCS-1E1","SL1012","Functional English - Lab","BCS-1E1","Software Engineering"
"Monday","lab-3","14:30","17:15","call-2-a-214","CALL-2 (A-214)","SL1012 BCS-1E2","SL1012","Functional English - Lab","BCS-1E2","Software Engineering"
"Monday","lab-1","08:30","11:15","call-3-a-308","CALL-3 (A-308)","SL1012 BSE-1D1","SL1012","Functional English - Lab","BSE-1D1","Software Engineering"
"Monday","lab-2","11:30","14:15","call-3-a-308","CALL-3 (A-308)","SL1012 BCS-1H1","SL1012","Functional English - Lab","BCS-1H1","Software Engineering"
"Monday","lab-3","14:30","17:15","call-3-a-308","CALL-3 (A-308)","SL1012 BAI-1C1","SL1012","Functional English - Lab","BAI-1C1","Artificial Intelligence"
"Monday","lab-2","11:30","14:15","mehran-2-a-306","Mehran-2 (A-306)","SL1012 BCS-1H2","SL1012","Functional English - Lab","BCS-1H2","Software Engineering"
"Monday","lab-3","14:30","17:15","mehran-2-a-306","Mehran-2 (A-306)","SL1012 BAI-1C2","SL1012","Functional English - Lab","BAI-1C2","Artificial Intelligence"
"Monday","lab-1","08:30","11:15","b-computing-3","B-Computing-3","SL1012 BSE-1D2","SL1012","Functional English - Lab","BSE-1D2","Software Engineering"
"Monday","lab-1","08:30","11:15","b-digital","B-Digital","EL1005 BCS-3G","EL1005","Digital Logic Design - Lab","BCS-3G","Electrical Engineering"
"Monday","lab-3","14:30","17:15","b-digital","B-Digital","EL1005 BCS-3F","EL1005","Digital Logic Design - Lab","BCS-3F","Electrical Engineering"
"Monday","lab-4","17:20","20:05","b-digital","B-Digital"," A","",".","A","Computer Science"
"Tuesday","slot-1","08:30","09:50","c-301","C-301","CS1002 BCS-1F","CS1002","Programming Fundamentals","BCS-1F","Computer Science"
"Tuesday","slot-2","10:00","11:20","c-301","C-301","MT1003 BCS-1F","MT1003","Calculus and Analytical Geometry","BCS-1F","Sciences & Humanities"
"Tuesday","slot-4","01:00","02:45","c-301","C-301","SS1013 BCS-1F","SS1013","Ideology and Constitution of Pakistan","BCS-1F","Sciences & Humanities"
"Tuesday","slot-1","08:30","09:50","c-302","C-302","MT1003 BCS-1G","MT1003","Calculus and Analytical Geometry","BCS-1G","Sciences & Humanities"
"Tuesday","slot-2","10:00","11:20","c-302","C-302","CS1002 BCS-1G","CS1002","Programming Fundamentals","BCS-1G","Computer Science"
"Tuesday","slot-4","01:00","02:45","c-302","C-302","SS1007 BCS-1G","SS1007","Islamic Studies/Ethics","BCS-1G","Sciences & Humanities"
"Tuesday","slot-7","17:20","18:40","d-302","D-302","CY5003 MCY-2A","CY5003","Securing Cloud Computing","MCY-2A","Cyber Security"
"Tuesday","slot-1","08:30","10:15","c-303","C-303","SS1013 BCS-1H","SS1013","Ideology and Constitution of Pakistan","BCS-1H","Sciences & Humanities"
"Tuesday","slot-3","11:30","12:50","c-303","C-303","CS1002 BCS-1H","CS1002","Programming Fundamentals","BCS-1H","Computer Science"
"Tuesday","slot-4","13:00","14:20","c-303","C-303","MT1003 BCS-1H","MT1003","Calculus and Analytical Geometry","BCS-1H","Sciences & Humanities"
"Tuesday","slot-5","14:30","15:50","c-303","C-303","FCS A","FCS","FCS","A","Computer Science"
"Tuesday","slot-1","08:30","10:15","c-304","C-304","SS1007 BCS-1E","SS1007","Islamic Studies/Ethics","BCS-1E","Sciences & Humanities"
"Tuesday","slot-3","11:30","12:50","c-304","C-304","MT1003 BCS-1E","MT1003","Calculus and Analytical Geometry","BCS-1E","Sciences & Humanities"
"Tuesday","slot-4","13:00","14:20","c-304","C-304","CS1002 BCS-1E","CS1002","Programming Fundamentals","BCS-1E","Computer Science"
"Tuesday","slot-5","02:30","03:25","c-304","C-304","SS1019 BCS-1B","SS1019","Understanding Sirat-Un-Nabi (PBUH)","BCS-1B","Sciences & Humanities"
"Tuesday","slot-8","18:45","20:05","d-304","D-304","AI5001 MAI-1B","AI5001","Advanced Artificial Intelligence","MAI-1B","Artificial Intelligence"
"Tuesday","slot-1","08:30","10:15","c-305","C-305","SS1012 BCS-1B","SS1012","Functional English","BCS-1B","Sciences & Humanities"
"Tuesday","slot-3","11:30","12:50","c-305","C-305","CS2001 BCS-3F","CS2001","Data Structures","BCS-3F","Computer Science"
"Tuesday","slot-4","13:00","14:20","c-305","C-305","EE1005 BCS-3F","EE1005","Digital Logic Design","BCS-3F","Electrical Engineering"
"Tuesday","slot-7","17:20","18:40","d-305","D-305","CS5005 MCS-1A","CS5005","Advanced Analysis of Algorithms","MCS-1A","Computer Science"
"Tuesday","slot-1","08:30","09:50","c-307","C-307","CS3004 BCS-3F","CS3004","Software Design and Analysis","BCS-3F","Computer Science"
"Tuesday","slot-2","10:00","11:20","c-307","C-307","CS2006 BCY-5A","CS2006","Operating Systems","BCY-5A","Cyber Security"
"Tuesday","slot-4","13:00","14:20","c-307","C-307","CS2006 BDS-5A","CS2006","Operating Systems","BDS-5A","Data Science"
"Tuesday","slot-5","14:30","15:50","c-307","C-307","CS1004 BCS-3C","CS1004","Object Oriented Programming","BCS-3C","Computer Science"
"Tuesday","slot-6","15:55","17:15","c-307","C-307","CS1004 BCS-3D","CS1004","Object Oriented Programming","BCS-3D","Computer Science"
"Tuesday","slot-7","17:20","18:40","d-306","D-306","DS5007 MDS-1A","DS5007","Natural Language Processing","MDS-1A","Data Science"
"Tuesday","slot-8","18:45","20:05","d-306","D-306","DS5003 MDS-1A","DS5003","Statistical and Mathematical Methods for DS","MDS-1A","Data Science"
"Tuesday","slot-1","08:30","09:50","c-308","C-308","EE1005 BCS-3G","EE1005","Digital Logic Design","BCS-3G","Electrical Engineering"
"Tuesday","slot-2","10:00","11:20","c-308","C-308","CS2001 BCS-3G","CS2001","Data Structures","BCS-3G","Computer Science"
"Tuesday","slot-3","11:30","12:50","c-308","C-308","MT1004 BCS-3E","MT1004","Linear Algebra","BCS-3E","Sciences & Humanities"
"Tuesday","slot-4","13:00","14:20","c-308","C-308","CS3004 BCS-3G","CS3004","Software Design and Analysis","BCS-3G","Computer Science"
"Tuesday","slot-6","15:55","17:15","c-308","C-308","CS1005 BCS-3B","CS1005","Discrete Structures","BCS-3B","Computer Science"
"Tuesday","slot-1","08:30","09:50","c-309","C-309","CS3004 BCS-3H","CS3004","Software Design and Analysis","BCS-3H","Computer Science"
"Tuesday","slot-3","11:30","12:50","c-309","C-309","CS2001 BCS-3H","CS2001","Data Structures","BCS-3H","Computer Science"
"Tuesday","slot-4","13:00","14:20","c-309","C-309","MT1004 BCS-3H","MT1004","Linear Algebra","BCS-3H","Sciences & Humanities"
"Tuesday","slot-7","17:20","18:40","d-312","D-312","CS5146 MAAIHS-1A","CS5146","Programming for Digital Health Application","MAAIHS-1A","Computer Science"
"Tuesday","slot-8","18:45","20:05","d-312","D-312","CS5147 MAAIHS-1A","CS5147","Foundation of Health Information Systems","MAAIHS-1A","Computer Science"
"Tuesday","slot-1","08:30","09:50","c-310","C-310","CS2001 BCS-3J","CS2001","Data Structures","BCS-3J","Computer Science"
"Tuesday","slot-2","10:00","11:20","c-310","C-310","EE1005 BCS-3C","EE1005","Digital Logic Design","BCS-3C","Electrical Engineering"
"Tuesday","slot-3","11:30","12:50","c-310","C-310","MT1004 BCS-3J","MT1004","Linear Algebra","BCS-3J","Sciences & Humanities"
"Tuesday","slot-4","13:00","14:20","c-310","C-310","CS3004 BCS-3J","CS3004","Software Design and Analysis","BCS-3J","Computer Science"
"Tuesday","slot-7","17:20","18:40","d-313","D-313","CS5001 MDS-1A","CS5001","Research Methodology","MDS-1A","Data Science"
"Tuesday","slot-8","18:45","20:05","d-313","D-313","CS5001 MAI-1A","CS5001","Research Methodology","MAI-1A","Artificial Intelligence"
"Tuesday","slot-2","10:30","11:25","c-311","C-311","SS1019 BCS-3B","SS1019","Understanding Sirat-Un-Nabi (PBUH)","BCS-3B","Sciences & Humanities"
"Tuesday","slot-3","11:30","12:50","c-311","C-311","EE1005 BCS-3B","EE1005","Digital Logic Design","BCS-3B","Electrical Engineering"
"Tuesday","slot-4","13:00","14:20","c-311","C-311","MT1004 BCS-3A","MT1004","Linear Algebra","BCS-3A","Sciences & Humanities"
"Tuesday","slot-5","14:30","15:50","c-311","C-311","SS1021 BCS-3A","SS1021","Understanding of Holy Quran I/Ethics I","BCS-3A","Sciences & Humanities"
"Tuesday","slot-5","14:30","15:50","c-311","C-311","SS1022 BCS-3A","SS1022","Understanding of Holy Quran II/Ethics II","BCS-3A","Sciences & Humanities"
"Tuesday","slot-5","02:30","04:20","c-311","C-311"," A","","","A","Computer Science"
"Tuesday","slot-7","17:20","18:40","d-314","D-314","SE5002 MSE-1A","SE5002","Advanced Quality Assurance","MSE-1A","Software Engineering"
"Tuesday","slot-8","18:45","20:05","d-314","D-314","SE5003 MSE-1A","SE5003","Advanced Software Architecture","MSE-1A","Software Engineering"
"Tuesday","slot-1","08:30","09:50","c-401","C-401","SS1022 BCS-3E","SS1022","Understanding of Holy Quran I/Ethics I","BCS-3E","Sciences & Humanities"
"Tuesday","slot-1","08:30","09:50","c-401","C-401","SS1022 BCS-3E","SS1022","Understanding of Holy Quran II/Ethics II","BCS-3E","Sciences & Humanities"
"Tuesday","slot-1","09:30","11:20","c-401","C-401"," A","","","A","Computer Science"
"Tuesday","slot-3","11:30","12:25","c-401","C-401","SS1019 BCS-3D","SS1019","Understanding Sirat-Un-Nabi (PBUH)","BCS-3D","Sciences & Humanities"
"Tuesday","slot-4","13:00","14:20","c-401","C-401","EE1005 BCS-3D","EE1005","Digital Logic Design","BCS-3D","Electrical Engineering"
"Tuesday","slot-5","14:30","15:50","c-401","C-401","SS1022 BCS-3C","SS1022","Understanding of Holy Quran I/Ethics I","BCS-3C","Sciences & Humanities"
"Tuesday","slot-5","14:30","15:50","c-401","C-401","SS1022 BCS-3C","SS1022","Understanding of Holy Quran II/Ethics II","BCS-3C","Sciences & Humanities"
"Tuesday","slot-5","03:10","05:00","c-401","C-401"," A","","","A","Computer Science"
"Tuesday","slot-7","05:20","07:10","d-315","D-315","UHQI PHD-C","UHQI","UHQ-I & II","PHD-C","Computer Science"
"Tuesday","slot-1","08:30","09:50","c-402","C-402","CS3001 BCS-5F","CS3001","Computer Networks","BCS-5F","Computer Science"
"Tuesday","slot-2","10:00","11:20","c-402","C-402","EE3009 BCS-5F","EE3009","Computer Architecture","BCS-5F","Electrical Engineering"
"Tuesday","slot-4","13:00","14:20","c-402","C-402","CS3014 BCS-5E","CS3014","Applied Human Computer Interaction","BCS-5E","Computer Science"
"Tuesday","slot-6","04:30","07:30","c-402","C-402","CS6006 PCS-1B","CS6006","Cyber and Network Security","PCS-1B","Computer Science"
"Tuesday","slot-7","04:30","07:30","d-316","D-316","CS6006 PCS-1B","CS6006","Cyber and Network Security","PCS-1B","Computer Science"
"Tuesday","slot-1","08:30","09:50","c-403","C-403","CS2009 BCS-5A","CS2009","Design and Analysis of Algorithms","BCS-5A","Computer Science"
"Tuesday","slot-2","10:00","11:20","c-403","C-403","SS2012 BCS-5A","SS2012","Technical and Business Writing","BCS-5A","Sciences & Humanities"
"Tuesday","slot-3","11:30","12:50","c-403","C-403","CS3014 BCS-5G","CS3014","Applied Human Computer Interaction","BCS-5G","Computer Science"
"Tuesday","slot-4","13:00","14:20","c-403","C-403","CS3014 BCS-5F","CS3014","Applied Human Computer Interaction","BCS-5F","Computer Science"
"Tuesday","slot-1","08:30","09:50","c-404","C-404","EE3009 BCS-5E","EE3009","Computer Architecture","BCS-5E","Electrical Engineering"
"Tuesday","slot-2","10:00","11:20","c-404","C-404","CS3001 BCS-5G","CS3001","Computer Networks","BCS-5G","Computer Science"
"Tuesday","slot-3","11:30","12:50","c-404","C-404","CS3001 BCS-5E","CS3001","Computer Networks","BCS-5E","Computer Science"
"Tuesday","slot-4","13:00","14:20","c-404","C-404","EE3009 BCS-5G","EE3009","Computer Architecture","BCS-5G","Electrical Engineering"
"Tuesday","slot-7","17:20","18:40","d-402","D-402","SE6001 PSE-1A","SE6001","Advanced Topics in Requirements Engineering","PSE-1A","Software Engineering"
"Tuesday","slot-1","08:30","09:50","c-405","C-405","SS2012 BCS-5D","SS2012","Technical and Business Writing","BCS-5D","Sciences & Humanities"
"Tuesday","slot-2","10:00","11:20","c-405","C-405","CS2009 BCS-5D","CS2009","Design and Analysis of Algorithms","BCS-5D","Computer Science"
"Tuesday","slot-3","11:30","12:50","c-405","C-405","CS2009 BCS-5C","CS2009","Design and Analysis of Algorithms","BCS-5C","Computer Science"
"Tuesday","slot-4","13:00","14:20","c-405","C-405","SS2012 BCS-5C","SS2012","Technical and Business Writing","BCS-5C","Sciences & Humanities"
"Tuesday","slot-1","08:30","09:50","c-406","C-406","SS2012 BCS-5B","SS2012","Technical and Business Writing","BCS-5B","Sciences & Humanities"
"Tuesday","slot-2","10:00","11:20","c-406","C-406","CS2009 BCS-5B","CS2009","Design and Analysis of Algorithms","BCS-5B","Computer Science"
"Tuesday","slot-4","01:15","04:15","c-406","C-406","CS6035 PCS-1A","CS6035","Advanced Topics in Parallel and Distributed Systems","PCS-1A","Computer Science"
"Tuesday","slot-2","10:00","11:20","c-407","C-407","CS2007 BSE-9A","CS2007","Human Computer Interaction","BSE-9A","Software Engineering"
"Tuesday","slot-3","11:30","12:50","c-407","C-407","CS4039 BSE-7A","CS4039","Software for Mobile Devices","BSE-7A","Software Engineering"
"Tuesday","slot-4","13:00","14:20","c-407","C-407","CS4039 BSE-7B","CS4039","Software for Mobile Devices","BSE-7B","Software Engineering"
"Tuesday","slot-1","08:30","09:50","c-408","C-408","CS1002 BSE-1C","CS1002","Programming Fundamentals","BSE-1C","Software Engineering"
"Tuesday","slot-2","10:00","11:20","c-408","C-408","NS1001 BSE-1C","NS1001","Applied Physics","BSE-1C","Software Engineering"
"Tuesday","slot-3","11:30","12:50","c-408","C-408","MT1003 BSE-1A","MT1003","Calculus and Analytical Geometry","BSE-1A","Software Engineering"
"Tuesday","slot-4","13:00","14:20","c-408","C-408","MT1003 BSE-1B","MT1003","Calculus and Analytical Geometry","BSE-1B","Software Engineering"
"Tuesday","slot-6","15:55","17:15","c-408","C-408","CS4046 BSE-7A","CS4046","Game Design and Development","BSE-7A","Software Engineering"
"Tuesday","slot-1","08:30","09:50","c-409","C-409","NS1001 BSE-1D","NS1001","Applied Physics","BSE-1D","Software Engineering"
"Tuesday","slot-2","10:00","11:20","c-409","C-409","SE4033 BSE-7A","SE4033","Formal Methods in Software Engineering","BSE-7A","Software Engineering"
"Tuesday","slot-3","11:30","12:50","c-409","C-409","CS1002 BSE-1D","CS1002","Programming Fundamentals","BSE-1D","Software Engineering"
"Tuesday","slot-4","01:00","02:45","c-409","C-409","SS1012 BSE-1C","SS1012","Functional English","BSE-1C","Software Engineering"
"Tuesday","slot-1","08:30","09:50","c-602","C-602","MT1004 BSE-3B","MT1004","Linear Algebra","BSE-3B","Software Engineering"
"Tuesday","slot-2","10:20","11:15","c-602","C-602","SS1022 BSE-3B","SS1022","Understanding of Holy Quran II/Ethics II","BSE-3B","Software Engineering"
"Tuesday","slot-3","11:30","01:15","c-602","C-602","SS1015 BSE-3A","SS1015","Pakistan Studies","BSE-3A","Software Engineering"
"Tuesday","slot-5","14:30","15:50","c-602","C-602","CS2001 BSE-3D","CS2001","Data Structures","BSE-3D","Software Engineering"
"Tuesday","slot-1","08:30","09:50","c-603","C-603","EE2003 BSE-3C","EE2003","Computer Organization and Assembly Language","BSE-3C","Software Engineering"
"Tuesday","slot-2","10:00","11:20","c-603","C-603","SE1001 BSE-3C","SE1001","Introduction to Software Engineering","BSE-3C","Software Engineering"
"Tuesday","slot-3","11:30","12:50","c-603","C-603","SE3002 BSE-5A","SE3002","Software Quality Engineering","BSE-5A","Software Engineering"
"Tuesday","slot-4","13:00","14:20","c-603","C-603","SE3005 BSE-5C","SE3005","Software Construction and Development","BSE-5C","Software Engineering"
"Tuesday","slot-5","14:30","15:50","c-603","C-603","CS3006 BSE-7A","CS3006","Parallel and Distributed Computing","BSE-7A","Software Engineering"
"Tuesday","slot-2","10:00","11:20","c-604","C-604","EE2003 BSE-3D","EE2003","Computer Organization and Assembly Language","BSE-3D","Software Engineering"
"Tuesday","slot-3","11:30","12:50","c-604","C-604","SE1001 BSE-3D","SE1001","Introduction to Software Engineering","BSE-3D","Software Engineering"
"Tuesday","slot-4","01:00","02:45","c-604","C-604","SS1013 BSE-1D","SS1013","Ideology and Constitution of Pakistan","BSE-1D","Software Engineering"
"Tuesday","slot-1","08:30","09:50","c-605","C-605","SS2012 BSE-5A","SS2012","Technical and Business Writing","BSE-5A","Software Engineering"
"Tuesday","slot-2","10:00","11:20","c-605","C-605","MT1004 BSE-3A","MT1004","Linear Algebra","BSE-3A","Software Engineering"
"Tuesday","slot-4","13:00","14:20","c-605","C-605","CS2001 BSE-3C","CS2001","Data Structures","BSE-3C","Software Engineering"
"Tuesday","slot-1","08:30","09:50","c-607","C-607","SE3002 BSE-5B","SE3002","Software Quality Engineering","BSE-5B","Software Engineering"
"Tuesday","slot-2","10:00","11:20","c-607","C-607","SS2012 BSE-5B","SS2012","Technical and Business Writing","BSE-5B","Software Engineering"
"Tuesday","slot-3","11:30","12:50","c-607","C-607","AI4009 BSE-7A","AI4009","Generative AI","BSE-7A","Artificial Intelligence"
"Tuesday","slot-4","13:00","14:20","c-607","C-607","AI4009 BSE-7B","AI4009","Generative AI","BSE-7B","Artificial Intelligence"
"Tuesday","slot-5","14:30","15:50","c-607","C-607","MG4057 BSE-9A","MG4057","AI-Led Transformation","BSE-9A","Software Engineering"
"Tuesday","slot-1","08:30","09:50","c-609","C-609","CS2009 BSE-5C","CS2009","Design and Analysis of Algorithms","BSE-5C","Software Engineering"
"Tuesday","slot-2","10:00","11:20","c-609","C-609","AI2002 BSE-5C","AI2002","Artificial Intelligence","BSE-5C","Artificial Intelligence"
"Tuesday","slot-3","11:30","12:50","c-609","C-609","CS4063 BSE-7A","CS4063","Natural Language Processing","BSE-7A","Software Engineering"
"Tuesday","slot-4","13:00","14:20","c-609","C-609","CS4063 BSE-7B","CS4063","Natural Language Processing","BSE-7B","Software Engineering"
"Tuesday","slot-1","08:30","09:50","d-301","D-301","MT1003 BAI-1C","MT1003","Calculus and Analytical Geometry","BAI-1C","Artificial Intelligence"
"Tuesday","slot-2","10:00","11:20","d-301","D-301","CS1002 BAI-1C","CS1002","Programming Fundamentals","BAI-1C","Artificial Intelligence"
"Tuesday","slot-3","11:30","12:25","d-301","D-301","SS1019 BAI-1A","SS1019","Understanding Sirat-Un-Nabi (PBUH)","BAI-1A","Artificial Intelligence"
"Tuesday","slot-4","12:30","02:15","d-301","D-301","SS1013 BAI-1C","SS1013","Ideology and Constitution of Pakistan","BAI-1C","Artificial Intelligence"
"Tuesday","slot-1","08:30","09:50","d-302","D-302","CS2001 BAI-3C","CS2001","Data Structures","BAI-3C","Artificial Intelligence"
"Tuesday","slot-2","10:00","11:20","d-302","D-302","EE2003 BAI-3C","EE2003","Computer Organization and Assembly Language","BAI-3C","Artificial Intelligence"
"Tuesday","slot-3","11:30","12:50","d-302","D-302","CS2005 BCY-5B","CS2005","Database Systems","BCY-5B","Cyber Security"
"Tuesday","slot-4","13:00","14:20","d-302","D-302","MT1004 BAI-3A","MT1004","Linear Algebra","BAI-3A","Artificial Intelligence"
"Tuesday","slot-2","10:00","11:20","d-303","D-303","DS2003 BDS-5A","DS2003","Advanced Statistics","BDS-5A","Data Science"
"Tuesday","slot-3","11:30","12:50","d-303","D-303","DS2003 BDS-5B","DS2003","Advanced Statistics","BDS-5B","Data Science"
"Tuesday","slot-4","02:00","05:00","d-303","D-303","CS6001 PCS-1A","CS6001","Advanced Topics in CS","PCS-1A","Computer Science"
"Tuesday","slot-1","08:30","09:50","d-304","D-304","AI3001 BAI-5B","AI3001","Knowledge Representation and Reasoning","BAI-5B","Artificial Intelligence"
"Tuesday","slot-2","10:00","11:20","d-304","D-304","AI3002 BAI-5B","AI3002","Machine Learning","BAI-5B","Artificial Intelligence"
"Tuesday","slot-3","11:30","12:50","d-304","D-304","CS3001 BAI-5B","CS3001","Computer Networks","BAI-5B","Artificial Intelligence"
"Tuesday","slot-4","13:00","14:20","d-304","D-304","AI2001 BAI-3C","AI2001","Programming for AI","BAI-3C","Artificial Intelligence"
"Tuesday","slot-2","10:00","11:20","d-305","D-305","AI3001 BAI-5C","AI3001","Knowledge Representation and Reasoning","BAI-5C","Artificial Intelligence"
"Tuesday","slot-3","11:30","12:50","d-305","D-305","AI3002 BAI-5C","AI3002","Machine Learning","BAI-5C","Artificial Intelligence"
"Tuesday","slot-1","08:30","09:50","d-306","D-306","SS2012 BAI-5A","SS2012","Technical and Business Writing","BAI-5A","Artificial Intelligence"
"Tuesday","slot-2","10:00","11:20","d-306","D-306","AI3002 BAI-5A","AI3002","Machine Learning","BAI-5A","Artificial Intelligence"
"Tuesday","slot-5","14:30","15:50","d-306","D-306","CS3001 BAI-5C","CS3001","Computer Networks","BAI-5C","Artificial Intelligence"
"Tuesday","slot-6","15:55","17:15","d-306","D-306","EE2003 BAI-5A","EE2003","Computer Organization and Assembly Language","BAI-5A","Artificial Intelligence"
"Tuesday","slot-1","08:30","09:50","d-311","D-311","MT1003 BDS-1A","MT1003","Calculus and Analytical Geometry","BDS-1A","Data Science"
"Tuesday","slot-2","10:00","11:20","d-311","D-311","CS1002 BDS-1A","CS1002","Programming Fundamentals","BDS-1A","Data Science"
"Tuesday","slot-3","11:30","12:50","d-311","D-311","DS3001 BDS-5A","DS3001","Data Analysis and Visualization","BDS-5A","Data Science"
"Tuesday","slot-4","01:00","02:45","d-311","D-311","SS1013 BDS-1A","SS1013","Ideology and Constitution of Pakistan","BDS-1A","Data Science"
"Tuesday","slot-2","10:00","11:20","d-312","D-312","MT1003 BDS-1B","MT1003","Calculus and Analytical Geometry","BDS-1B","Data Science"
"Tuesday","slot-3","11:30","12:50","d-312","D-312","CS1002 BDS-1B","CS1002","Programming Fundamentals","BDS-1B","Data Science"
"Tuesday","slot-1","08:30","09:50","d-313","D-313","EE2003 BDS-3A","EE2003","Computer Organization and Assembly Language","BDS-3A","Data Science"
"Tuesday","slot-2","10:00","11:20","d-313","D-313","DS2001 BDS-3A","DS2001","Introduction to Data Science","BDS-3A","Data Science"
"Tuesday","slot-4","13:00","14:20","d-313","D-313","EE2003 BDS-3B","EE2003","Computer Organization and Assembly Language","BDS-3B","Data Science"
"Tuesday","slot-5","03:00","03:55","d-313","D-313","SS1019 BDS-3B","SS1019","Understanding Sirat-Un-Nabi (PBUH)","BDS-3B","Data Science"
"Tuesday","slot-1","08:30","09:50","d-314","D-314","DS3004 BDS-5A","DS3004","Data Warehousing and Business Intellligence","BDS-5A","Data Science"
"Tuesday","slot-2","10:00","11:20","d-314","D-314","DS3004 BDS-5B","DS3004","Data Warehousing and Business Intellligence","BDS-5B","Data Science"
"Tuesday","slot-3","11:30","12:50","d-314","D-314","MT1004 BAI-3B","MT1004","Linear Algebra","BAI-3B","Artificial Intelligence"
"Tuesday","slot-4","13:00","14:20","d-314","D-314","CS2001 BDS-3A","CS2001","Data Structures","BDS-3A","Data Science"
"Tuesday","slot-1","08:30","09:50","d-315","D-315","AI4015 BDS-7A","AI4015","Agentic Artificial Intelligence","BDS-7A","Artificial Intelligence"
"Tuesday","slot-2","10:00","11:20","d-315","D-315","CS2001 BDS-3B","CS2001","Data Structures","BDS-3B","Data Science"
"Tuesday","slot-3","11:30","12:50","d-315","D-315","DS2001 BDS-3B","DS2001","Introduction to Data Science","BDS-3B","Data Science"
"Tuesday","slot-5","14:30","15:50","d-315","D-315","DS3001 BDS-5B","DS3001","Data Analysis and Visualization","BDS-5B","Data Science"
"Tuesday","slot-1","08:30","09:50","d-316","D-316","AI4012 BDS-7C","AI4012","Multiagent Systems and Game Theory","BDS-7C","Artificial Intelligence"
"Tuesday","slot-2","10:00","11:20","d-316","D-316","AI4012 BDS-7A","AI4012","Multiagent Systems and Game Theory","BDS-7A","Artificial Intelligence"
"Tuesday","slot-3","11:30","12:50","d-316","D-316","AI4012 BDS-7B","AI4012","Multiagent Systems and Game Theory","BDS-7B","Artificial Intelligence"
"Tuesday","slot-4","13:00","14:20","d-316","D-316","CS3001 BDS-7A","CS3001","Computer Networks","BDS-7A","Data Science"
"Tuesday","slot-5","14:30","15:50","d-316","D-316","MG3040 BDS-7C","MG3040","Methods in Business Research","BDS-7C","Data Science"
"Tuesday","slot-2","10:00","11:20","d-401","D-401","CS3001 BDS-7B","CS3001","Computer Networks","BDS-7B","Data Science"
"Tuesday","slot-1","08:30","09:50","d-402","D-402","SE4009 BSE-7A","SE4009","Process Mining and Simulation","BSE-7A","Software Engineering"
"Tuesday","slot-2","10:00","11:20","d-403","D-403","TUTORIAL A","TUTORIAL","Tutorial Batch 26","A","Computer Science"
"Tuesday","slot-3","11:30","12:50","d-403","D-403","TUTORIAL A","TUTORIAL","Tutorial Batch 26","A","Computer Science"
"Tuesday","slot-1","08:30","09:50","d-404","D-404","CS4001 BCS-7A","CS4001","Professional Practices in IT","BCS-7A","Computer Science"
"Tuesday","slot-2","10:00","11:20","d-404","D-404","CS3002 BCS-7A","CS3002","Information Security","BCS-7A","Computer Science"
"Tuesday","slot-3","11:30","12:50","d-404","D-404","CS4085 BCS-7A","CS4085","MLOps","BCS-7A","Computer Science"
"Tuesday","slot-4","13:00","14:20","d-404","D-404","MG4069 BCS-9A","MG4069","Digital Sustainability","BCS-9A","Sciences & Humanities"
"Tuesday","slot-6","15:55","17:15","d-404","D-404","MG4069 BCS-9B","MG4069","Digital Sustainability","BCS-9B","Sciences & Humanities"
"Tuesday","slot-1","08:30","09:50","d-405","D-405","CS3002 BCS-7B","CS3002","Information Security","BCS-7B","Computer Science"
"Tuesday","slot-2","10:00","11:20","d-405","D-405","CS4001 BCS-7B","CS4001","Professional Practices in IT","BCS-7B","Computer Science"
"Tuesday","slot-3","11:30","12:50","d-405","D-405","AI4009 BCS-7A","AI4009","Generative AI","BCS-7A","Artificial Intelligence"
"Tuesday","slot-4","13:00","14:20","d-405","D-405","AI4009 BCS-7B","AI4009","Generative AI","BCS-7B","Artificial Intelligence"
"Tuesday","slot-1","08:30","09:50","d-406","D-406","CS4001 BCS-7C","CS4001","Professional Practices in IT","BCS-7C","Computer Science"
"Tuesday","slot-2","10:00","11:20","d-406","D-406","CS3002 BCS-7C","CS3002","Information Security","BCS-7C","Computer Science"
"Tuesday","slot-3","11:30","12:50","d-406","D-406","AI4015 BCS-7A","AI4015","Agentic Artificial Intelligence","BCS-7A","Artificial Intelligence"
"Tuesday","slot-4","13:00","14:20","d-406","D-406","AI4015 BCS-7B","AI4015","Agentic Artificial Intelligence","BCS-7B","Artificial Intelligence"
"Tuesday","slot-5","14:30","15:50","d-406","D-406","RESERVED A","RESERVED","Reserved by FSA","A","Computer Science"
"Tuesday","slot-1","08:30","09:50","d-411","D-411","CS3002 BCS-7D","CS3002","Information Security","BCS-7D","Computer Science"
"Tuesday","slot-2","10:00","11:20","d-411","D-411","CS4001 BCS-7D","CS4001","Professional Practices in IT","BCS-7D","Computer Science"
"Tuesday","slot-3","11:30","12:50","d-411","D-411","CS4001 BCS-7H","CS4001","Professional Practices in IT","BCS-7H","Computer Science"
"Tuesday","slot-4","13:00","14:20","d-411","D-411","CS3006 BCS-7D","CS3006","Parallel and Distributed Computing","BCS-7D","Computer Science"
"Tuesday","slot-5","14:30","15:50","d-411","D-411","CS3006 BCS-7A","CS3006","Parallel and Distributed Computing","BCS-7A","Computer Science"
"Tuesday","slot-1","08:30","09:50","d-412","D-412","CS3014 BCS-7E","CS3014","Applied Human Computer Interaction","BCS-7E","Computer Science"
"Tuesday","slot-2","10:00","11:20","d-412","D-412","CS3014 BCS-7G","CS3014","Applied Human Computer Interaction","BCS-7G","Computer Science"
"Tuesday","slot-4","13:00","14:20","d-412","D-412","CS3014 BCS-7F","CS3014","Applied Human Computer Interaction","BCS-7F","Computer Science"
"Tuesday","slot-2","10:00","11:20","d-413","D-413","CS4085 BCS-7B","CS4085","MLOps","BCS-7B","Computer Science"
"Tuesday","slot-3","11:30","12:50","d-413","D-413","MG3040 BAI-7C","MG3040","Methods in Business Research","BAI-7C","Artificial Intelligence"
"Tuesday","slot-4","13:00","14:20","d-413","D-413","MT2002 BCS-9A","MT2002","Statistical Modelling","BCS-9A","Sciences & Humanities"
"Tuesday","slot-1","08:30","09:50","d-414","D-414","CS1002 BCY-1A","CS1002","Programming Fundamentals","BCY-1A","Cyber Security"
"Tuesday","slot-2","10:00","11:20","d-414","D-414","MT1003 BCY-1A","MT1003","Calculus and Analytical Geometry","BCY-1A","Cyber Security"
"Tuesday","slot-4","01:00","02:45","d-414","D-414","SS1013 BCY-1A","SS1013","Ideology and Constitution of Pakistan","BCY-1A","Cyber Security"
"Tuesday","slot-2","10:00","11:20","d-415","D-415","CS1002 BCY-1B","CS1002","Programming Fundamentals","BCY-1B","Cyber Security"
"Tuesday","slot-3","11:30","12:50","d-415","D-415","MT1003 BCY-1B","MT1003","Calculus and Analytical Geometry","BCY-1B","Cyber Security"
"Tuesday","slot-5","02:00","03:45","d-415","D-415","ARTSH CY-B","ARTSH","Arts & Humanities","CY-B","Computer Science"
"Tuesday","slot-3","11:30","12:50","d-416","D-416","NS1001 BCY-1C","NS1001","Applied Physics","BCY-1C","Cyber Security"
"Tuesday","slot-4","13:00","14:20","d-416","D-416","MT1004 BCY-3A","MT1004","Linear Algebra","BCY-3A","Cyber Security"
"Tuesday","slot-5","14:30","15:50","d-416","D-416","MT1004 BCY-3B","MT1004","Linear Algebra","BCY-3B","Cyber Security"
"Tuesday","slot-1","08:30","10:15","d-501","D-501","SS1015 BCY-3B","SS1015","Pakistan Studies","BCY-3B","Cyber Security"
"Tuesday","slot-2","10:30","12:15","d-501","D-501","SS1015 BCY-3A","SS1015","Pakistan Studies","BCY-3A","Cyber Security"
"Tuesday","slot-4","02:00","03:45","d-501","D-501","SS1012 BCY-1C","SS1012","Functional English","BCY-1C","Cyber Security"
"Tuesday","slot-1","08:30","09:50","d-502","D-502","CS2001 BCY-3C","CS2001","Data Structures","BCY-3C","Cyber Security"
"Tuesday","slot-2","10:00","11:20","d-502","D-502","CY2004 BCY-3C","CY2004","Cyber Security","BCY-3C","Cyber Security"
"Tuesday","slot-4","13:00","14:20","d-502","D-502","EE2003 BCY-3C","EE2003","Computer Organization and Assembly Language","BCY-3C","Cyber Security"
"Tuesday","slot-1","08:30","09:50","d-503","D-503","CS3002 BCY-5A","CS3002","Information Security","BCY-5A","Cyber Security"
"Tuesday","slot-2","10:00","11:20","d-503","D-503","CS2006 BCY-5A","CS2006","Operating Systems","BCY-5A","Cyber Security"
"Tuesday","slot-3","11:30","12:50","d-503","D-503","CS2005 BCY-5A","CS2005","Database Systems","BCY-5A","Cyber Security"
"Tuesday","slot-4","13:00","14:20","d-503","D-503","CS2005 BCY-5C","CS2005","Database Systems","BCY-5C","Cyber Security"
"Tuesday","slot-5","14:30","15:50","d-503","D-503","AI2002 BCY-5A","AI2002","Artificial Intelligence","BCY-5A","Artificial Intelligence"
"Tuesday","slot-2","10:00","11:20","d-504","D-504","CS3002 BCY-5B","CS3002","Information Security","BCY-5B","Cyber Security"
"Tuesday","slot-3","11:30","12:50","d-504","D-504","CS2005 BCY-5B","CS2005","Database Systems","BCY-5B","Cyber Security"
"Tuesday","slot-4","13:00","14:20","d-504","D-504","CS2006 BCY-5B","CS2006","Operating Systems","BCY-5B","Cyber Security"
"Tuesday","slot-6","15:55","17:15","d-504","D-504","AI2002 BCY-5B","AI2002","Artificial Intelligence","BCY-5B","Artificial Intelligence"
"Tuesday","slot-2","10:00","11:20","d-505","D-505","CY3003 BCY-7A","CY3003","Information Assurance","BCY-7A","Cyber Security"
"Tuesday","slot-3","11:30","12:50","d-505","D-505","CS4001 BCY-7A","CS4001","Professional Practices in IT","BCY-7A","Cyber Security"
"Tuesday","slot-6","15:55","17:15","d-505","D-505","CY3002 BCY-9A","CY3002","Vulnerability Assessment and Reverse Engg","BCY-9A","Cyber Security"
"Tuesday","slot-2","10:00","11:20","d-506","D-506","CS4001 BCY-7B","CS4001","Professional Practices in IT","BCY-7B","Cyber Security"
"Tuesday","slot-3","11:30","12:50","d-506","D-506","CY3003 BCY-7B","CY3003","Information Assurance","BCY-7B","Cyber Security"
"Tuesday","slot-3","11:30","12:50","c-110","C-110","CS3012 BCS-7A","CS3012","Fundamentals of Data Visualization","BCS-7A","Computer Science"
"Tuesday","lab-1","08:30","11:15","it-lab-1-d-210","IT Lab 1 (D-210)","PFLAB CY-C","PFLAB","PF Lab","CY-C","Computer Science"
"Tuesday","lab-2","11:30","14:15","it-lab-1-d-210","IT Lab 1 (D-210)","CL1002 BCS-1B","CL1002","Programming Fundamentals - Lab","BCS-1B","Computer Science"
"Tuesday","lab-3","14:30","17:15","it-lab-1-d-210","IT Lab 1 (D-210)","CL1002 BAI-1C","CL1002","Programming Fundamentals - Lab","BAI-1C","Artificial Intelligence"
"Tuesday","lab-1","08:30","11:15","it-lab-2-d-211","IT Lab 2 (D-211)","CL1000 BSE-1A","CL1000","Introduction to Information and Communication Technology","BSE-1A","Software Engineering"
"Tuesday","lab-2","11:30","14:15","it-lab-2-d-211","IT Lab 2 (D-211)","AL3002 BAI-5A","AL3002","Machine Learning - Lab","BAI-5A","Artificial Intelligence"
"Tuesday","lab-3","14:30","17:15","it-lab-2-d-211","IT Lab 2 (D-211)","CL1002 BSE-1A","CL1002","Programming Fundamentals - Lab","BSE-1A","Software Engineering"
"Tuesday","lab-1","08:30","11:15","it-lab-3-d-213","IT Lab 3 (D-213)","CL1000 BAI-1A","CL1000","Introduction to Information and Communication Technology","BAI-1A","Artificial Intelligence"
"Tuesday","lab-2","11:30","14:15","it-lab-3-d-213","IT Lab 3 (D-213)","EL2003 BCY-3B","EL2003","Computer Organization and Assembly Language - Lab","BCY-3B","Cyber Security"
"Tuesday","lab-3","14:30","17:15","it-lab-3-d-213","IT Lab 3 (D-213)","CL1000 BSE-1B","CL1000","Introduction to Information and Communication Technology","BSE-1B","Software Engineering"
"Tuesday","lab-1","08:30","11:15","it-lab-4-gpu-d-203","IT Lab 4-GPU (D-203)","AL2001 BAI-3A","AL2001","Programming for AI - Lab","BAI-3A","Artificial Intelligence"
"Tuesday","lab-2","11:30","14:15","it-lab-4-gpu-d-203","IT Lab 4-GPU (D-203)","PROJECT A","PROJECT","Project (AI/DS)","A","Computer Science"
"Tuesday","lab-3","14:30","17:15","it-lab-4-gpu-d-203","IT Lab 4-GPU (D-203)","AL2001 BAI-3B","AL2001","Programming for AI - Lab","BAI-3B","Artificial Intelligence"
"Tuesday","lab-1","08:30","11:15","margala-1-c-209","Margala 1 (C-209)","CL1002 BCS-1A","CL1002","Programming Fundamentals - Lab","BCS-1A","Computer Science"
"Tuesday","lab-2","11:30","14:15","margala-1-c-209","Margala 1 (C-209)","AL2002 BSE-5B","AL2002","Artificial Intelligence - Lab","BSE-5B","Artificial Intelligence"
"Tuesday","lab-3","14:30","17:15","margala-1-c-209","Margala 1 (C-209)","CL2001 BCS-3B","CL2001","Data Structures - Lab","BCS-3B","Computer Science"
"Tuesday","lab-1","08:30","11:15","margala-3-c-211","Margala 3 (C-211)","EL2003 BAI-3B","EL2003","Computer Organization and Assembly Language - Lab","BAI-3B","Artificial Intelligence"
"Tuesday","lab-2","11:30","14:15","margala-3-c-211","Margala 3 (C-211)","CL3001 BDS-7C","CL3001","Computer Networks - Lab","BDS-7C","Data Science"
"Tuesday","lab-3","14:30","17:15","margala-3-c-211","Margala 3 (C-211)","CL2001 BCY-3A","CL2001","Data Structures - Lab","BCY-3A","Cyber Security"
"Tuesday","lab-1","08:30","11:15","margala-4-c-212","Margala 4 (C-212","CL1000 BCS-1D","CL1000","Introduction to Information and Communication Technology","BCS-1D","Computer Science"
"Tuesday","lab-2","11:30","14:15","margala-4-c-212","Margala 4 (C-212","EL2003 BSE-3B","EL2003","Computer Organization and Assembly Language - Lab","BSE-3B","Software Engineering"
"Tuesday","lab-3","14:30","17:15","margala-4-c-212","Margala 4 (C-212","CL2001 BSE-3A","CL2001","Data Structures - Lab","BSE-3A","Software Engineering"
"Tuesday","lab-1","08:30","11:15","rawal-1-c-509","Rawal 1 (C-509)","CL1000 BCS-1C","CL1000","Introduction to Information and Communication Technology","BCS-1C","Computer Science"
"Tuesday","lab-2","11:30","14:15","rawal-1-c-509","Rawal 1 (C-509)","CL3001 BCS-5A","CL3001","Computer Networks - Lab","BCS-5A","Computer Science"
"Tuesday","lab-3","14:30","17:15","rawal-1-c-509","Rawal 1 (C-509)","CL1002 BSE-1F","CL1002","Programming Fundamentals - Lab","BSE-1F","Software Engineering"
"Tuesday","lab-1","08:30","11:15","c-rawal-4-c-512","C-Rawal 4 (C-512)","CL2001 BCS-3D","CL2001","Data Structures - Lab","BCS-3D","Computer Science"
"Tuesday","lab-2","11:30","14:15","c-rawal-4-c-512","C-Rawal 4 (C-512)","CL3001 BCS-5D","CL3001","Computer Networks - Lab","BCS-5D","Computer Science"
"Tuesday","lab-3","14:30","17:15","c-rawal-4-c-512","C-Rawal 4 (C-512)","EL2003 BAI-3A","EL2003","Computer Organization and Assembly Language - Lab","BAI-3A","Artificial Intelligence"
"Tuesday","lab-1","08:30","11:15","cyber-d-514","Cyber (D-514)","CL2005 BCY-5C","CL2005","Database Systems - Lab","BCY-5C","Cyber Security"
"Tuesday","lab-3","14:30","17:15","cyber-d-514","Cyber (D-514)","CY4048 BCY-9A","CY4048","Security Operations and Administration","BCY-9A","Cyber Security"
"Tuesday","lab-2","11:30","14:15","kybher-2","Kybher-2","SL1012 BCS-1A1","SL1012","Functional English - Lab","BCS-1A1","Software Engineering"
"Tuesday","lab-2","11:30","14:15","kybher-3","Kybher-3","SL1012 BCS-1A2","SL1012","Functional English - Lab","BCS-1A2","Software Engineering"
"Tuesday","lab-2","11:30","14:15","call-1-a-213","CALL-1 (A-213)","SL1012 BCS-1D1","SL1012","Functional English - Lab","BCS-1D1","Software Engineering"
"Tuesday","lab-2","11:30","14:15","call-2-a-214","CALL-2 (A-214)","SL1012 BCS-1D2","SL1012","Functional English - Lab","BCS-1D2","Software Engineering"
"Tuesday","lab-1","08:30","11:15","call-3-a-308","CALL-3 (A-308)","SL1012 BSE-1B1","SL1012","Functional English - Lab","BSE-1B1","Software Engineering"
"Tuesday","lab-2","11:30","14:15","call-3-a-308","CALL-3 (A-308)","SL1012 BCS-1C1","SL1012","Functional English - Lab","BCS-1C1","Software Engineering"
"Tuesday","lab-3","14:30","17:15","call-3-a-308","CALL-3 (A-308)","SL1012 BDS-1B1","SL1012","Functional English - Lab","BDS-1B1","Software Engineering"
"Tuesday","lab-1","08:30","11:15","mehran-2-a-306","Mehran-2 (A-306)","SL1012 BSE-1B2","SL1012","Functional English - Lab","BSE-1B2","Software Engineering"
"Tuesday","lab-2","11:30","14:15","mehran-2-a-306","Mehran-2 (A-306)","SL1012 BCS-1C2","SL1012","Functional English - Lab","BCS-1C2","Software Engineering"
"Tuesday","lab-3","14:30","17:15","mehran-2-a-306","Mehran-2 (A-306)","SL1012 BDS-1B2","SL1012","Functional English - Lab","BDS-1B2","Software Engineering"
"Tuesday","lab-1","08:30","11:15","b-digital","B-Digital","EL1005 BCS-3A","EL1005","Digital Logic Design - Lab","BCS-3A","Electrical Engineering"
"Tuesday","lab-2","11:30","14:15","b-digital","B-Digital","EL1005 BCS-3C","EL1005","Digital Logic Design - Lab","BCS-3C","Electrical Engineering"
"Tuesday","lab-3","14:30","17:15","b-digital","B-Digital","EL1005 BCS-3E","EL1005","Digital Logic Design - Lab","BCS-3E","Electrical Engineering"
"Tuesday","lab-4","17:20","20:05","b-digital","B-Digital"," A","",".","A","Computer Science"
"Wednesday","slot-1","08:30","09:50","c-301","C-301","CS1002 BCS-1A","CS1002","Programming Fundamentals","BCS-1A","Computer Science"
"Wednesday","slot-2","10:00","11:20","c-301","C-301","MT1003 BCS-1A","MT1003","Calculus and Analytical Geometry","BCS-1A","Sciences & Humanities"
"Wednesday","slot-4","01:00","02:45","c-301","C-301","SS1007 BCS-1A","SS1007","Islamic Studies/Ethics","BCS-1A","Sciences & Humanities"
"Wednesday","slot-8","18:45","20:05","d-301","D-301","CS6062 PCS-1A","CS6062","Vision-Based AI Agent","PCS-1A","Computer Science"
"Wednesday","slot-1","08:30","09:50","c-302","C-302","MT1003 BCS-1B","MT1003","Calculus and Analytical Geometry","BCS-1B","Sciences & Humanities"
"Wednesday","slot-2","10:00","11:20","c-302","C-302","CS1002 BCS-1B","CS1002","Programming Fundamentals","BCS-1B","Computer Science"
"Wednesday","slot-4","01:00","02:45","c-302","C-302","SS1013 BCS-1B","SS1013","Ideology and Constitution of Pakistan","BCS-1B","Sciences & Humanities"
"Wednesday","slot-7","17:20","18:40","d-302","D-302","CS5037 MCS-2A","CS5037","Data Visualization","MCS-2A","Computer Science"
"Wednesday","slot-8","18:45","20:05","d-302","D-302","CS5009 MCS-1A","CS5009","Advanced Operating Systems","MCS-1A","Computer Science"
"Wednesday","slot-1","08:30","09:50","c-303","C-303","MT1003 BCS-1C","MT1003","Calculus and Analytical Geometry","BCS-1C","Sciences & Humanities"
"Wednesday","slot-3","11:30","12:50","c-303","C-303","CS1002 BCS-1C","CS1002","Programming Fundamentals","BCS-1C","Computer Science"
"Wednesday","slot-4","01:00","02:45","c-303","C-303","SS1007 BCS-1C","SS1007","Islamic Studies/Ethics","BCS-1C","Sciences & Humanities"
"Wednesday","slot-7","17:20","18:40","d-303","D-303","CY5004 MCY-1A","CY5004","Secure System Design","MCY-1A","Cyber Security"
"Wednesday","slot-8","18:45","20:05","d-303","D-303","APPLIED A","APPLIED","Applied Info Sec (CY)","A","Computer Science"
"Wednesday","slot-1","08:30","09:50","c-304","C-304","CS1002 BCS-1D","CS1002","Programming Fundamentals","BCS-1D","Computer Science"
"Wednesday","slot-2","10:00","11:20","c-304","C-304","MT1003 BCS-1D","MT1003","Calculus and Analytical Geometry","BCS-1D","Sciences & Humanities"
"Wednesday","slot-3","11:30","12:25","c-304","C-304","SS1019 BCS-1H","SS1019","Understanding Sirat-Un-Nabi (PBUH)","BCS-1H","Sciences & Humanities"
"Wednesday","slot-5","02:50","03:45","c-304","C-304","SS1019 BCS-1E","SS1019","Understanding Sirat-Un-Nabi (PBUH)","BCS-1E","Sciences & Humanities"
"Wednesday","slot-1","08:30","10:15","c-305","C-305","SS1012 BCS-1E","SS1012","Functional English","BCS-1E","Sciences & Humanities"
"Wednesday","slot-2","10:30","11:25","c-305","C-305","SS1019 BCS-3F","SS1019","Understanding Sirat-Un-Nabi (PBUH)","BCS-3F","Sciences & Humanities"
"Wednesday","slot-3","11:30","12:50","c-305","C-305","MT1004 BCS-3F","MT1004","Linear Algebra","BCS-3F","Sciences & Humanities"
"Wednesday","slot-4","01:00","02:45","c-305","C-305","SS1012 BCS-1H","SS1012","Functional English","BCS-1H","Sciences & Humanities"
"Wednesday","slot-5","02:50","03:45","c-305","C-305","SS1019 BCS-1G","SS1019","Understanding Sirat-Un-Nabi (PBUH)","BCS-1G","Sciences & Humanities"
"Wednesday","slot-7","17:20","18:40","d-305","D-305","CS5031 MAI-3A","CS5031","Applied Computer Vision","MAI-3A","Artificial Intelligence"
"Wednesday","slot-8","18:45","20:05","d-305","D-305","CS5020 MAI-3A","CS5020","Agentic AI","MAI-3A","Artificial Intelligence"
"Wednesday","slot-1","08:30","09:50","c-307","C-307","CS2001 BCS-3A","CS2001","Data Structures","BCS-3A","Computer Science"
"Wednesday","slot-2","10:00","11:20","c-307","C-307","CS3004 BCS-3A","CS3004","Software Design and Analysis","BCS-3A","Computer Science"
"Wednesday","slot-3","11:30","12:50","c-307","C-307","MT1004 BCS-3B","MT1004","Linear Algebra","BCS-3B","Sciences & Humanities"
"Wednesday","slot-4","13:00","14:20","c-307","C-307","EE1005 BCS-3A","EE1005","Digital Logic Design","BCS-3A","Electrical Engineering"
"Wednesday","slot-7","17:20","18:40","d-306","D-306","CS5020 MDS-3A","CS5020","Agentic AI","MDS-3A","Data Science"
"Wednesday","slot-8","18:45","20:05","d-306","D-306","AI5004 MDS-3A","AI5004","Advanced Topics in Generative AI","MDS-3A","Artificial Intelligence"
"Wednesday","slot-2","10:00","11:20","c-308","C-308","CS2001 BCS-3B","CS2001","Data Structures","BCS-3B","Computer Science"
"Wednesday","slot-3","11:30","12:50","c-308","C-308","CS3004 BCS-3E","CS3004","Software Design and Analysis","BCS-3E","Computer Science"
"Wednesday","slot-4","13:00","14:20","c-308","C-308","CS3004 BCS-3B","CS3004","Software Design and Analysis","BCS-3B","Computer Science"
"Wednesday","slot-5","14:30","15:50","c-308","C-308","CS1004 BCS-3A","CS1004","Object Oriented Programming","BCS-3A","Computer Science"
"Wednesday","slot-6","15:55","17:15","c-308","C-308","CS1004 BCS-3B","CS1004","Object Oriented Programming","BCS-3B","Computer Science"
"Wednesday","slot-7","17:20","18:40","d-311","D-311","CS4002 MAI-1A","CS4002","Applied Programming","MAI-1A","Artificial Intelligence"
"Wednesday","slot-8","18:45","20:05","d-311","D-311","DS5002 MDS-1A","DS5002","Data Science Tools and Techniques","MDS-1A","Data Science"
"Wednesday","slot-1","08:30","09:50","c-309","C-309","CS3004 BCS-3C","CS3004","Software Design and Analysis","BCS-3C","Computer Science"
"Wednesday","slot-3","11:30","12:50","c-309","C-309","CS2001 BCS-3C","CS2001","Data Structures","BCS-3C","Computer Science"
"Wednesday","slot-4","13:00","14:20","c-309","C-309","MT1004 BCS-3C","MT1004","Linear Algebra","BCS-3C","Sciences & Humanities"
"Wednesday","slot-5","14:30","15:50","c-309","C-309","MT1003 BCS-3Z","MT1003","Calculus and Analytical Geometry","BCS-3Z","Sciences & Humanities"
"Wednesday","slot-6","15:55","17:15","c-309","C-309","CS1005 BCS-3A","CS1005","Discrete Structures","BCS-3A","Computer Science"
"Wednesday","slot-7","17:20","18:40","d-312","D-312","AI2003 MCI-1A","AI2003","Programming for AI","MCI-1A","Artificial Intelligence"
"Wednesday","slot-8","18:45","20:05","d-312","D-312","CS2015 MCI-1A","CS2015","Data Structures and Algorithms","MCI-1A","Computer Science"
"Wednesday","slot-1","08:30","09:50","c-310","C-310","CS2001 BCS-3D","CS2001","Data Structures","BCS-3D","Computer Science"
"Wednesday","slot-2","10:00","11:20","c-310","C-310","CS2001 BCS-3E","CS2001","Data Structures","BCS-3E","Computer Science"
"Wednesday","slot-3","11:30","12:50","c-310","C-310","MT1004 BCS-3D","MT1004","Linear Algebra","BCS-3D","Sciences & Humanities"
"Wednesday","slot-4","13:00","14:20","c-310","C-310","CS3004 BCS-3D","CS3004","Software Design and Analysis","BCS-3D","Computer Science"
"Wednesday","slot-5","14:30","15:50","c-310","C-310","EE1005 BCS-3E","EE1005","Digital Logic Design","BCS-3E","Electrical Engineering"
"Wednesday","slot-7","17:20","18:40","d-313","D-313","CS5146 MAAIHS-1A","CS5146","Programming for Digital Health Application","MAAIHS-1A","Computer Science"
"Wednesday","slot-8","18:45","20:05","d-313","D-313","CS5147 MAAIHS-1A","CS5147","Foundation of Health Information Systems","MAAIHS-1A","Computer Science"
"Wednesday","slot-4","13:00","14:20","c-311","C-311","MT1004 BCS-3G","MT1004","Linear Algebra","BCS-3G","Sciences & Humanities"
"Wednesday","slot-5","02:50","03:45","c-311","C-311","SS1019 BCS-3G","SS1019","Understanding Sirat-Un-Nabi (PBUH)","BCS-3G","Sciences & Humanities"
"Wednesday","slot-7","17:20","18:40","d-314","D-314","SE5032 MSE-2A","SE5032","Empirical Software Engineering","MSE-2A","Software Engineering"
"Wednesday","slot-8","18:45","20:05","d-314","D-314","SE5008 MSE-2A","SE5008","Engineering AI based Software","MSE-2A","Software Engineering"
"Wednesday","slot-1","08:30","09:50","c-401","C-401","SS1022 BCS-3J","SS1022","Understanding of Holy Quran I/Ethics I","BCS-3J","Sciences & Humanities"
"Wednesday","slot-1","08:30","09:50","c-401","C-401","SS1022 BCS-3J","SS1022","Understanding of Holy Quran II/Ethics II","BCS-3J","Sciences & Humanities"
"Wednesday","slot-1","09:30","11:20","c-401","C-401"," A","","","A","Computer Science"
"Wednesday","slot-3","11:30","12:50","c-401","C-401","CS3014 BCS-5D","CS3014","Applied Human Computer Interaction","BCS-5D","Computer Science"
"Wednesday","slot-4","13:00","14:20","c-401","C-401","EE1005 BCS-3H","EE1005","Digital Logic Design","BCS-3H","Electrical Engineering"
"Wednesday","slot-7","17:20","18:40","d-315","D-315","CS5001 MAI-1B","CS5001","Research Methodology","MAI-1B","Artificial Intelligence"
"Wednesday","slot-3","11:30","12:50","c-402","C-402","EE1005 BCS-3J","EE1005","Digital Logic Design","BCS-3J","Electrical Engineering"
"Wednesday","slot-4","13:00","14:20","c-402","C-402","CS3014 BCS-5B","CS3014","Applied Human Computer Interaction","BCS-5B","Computer Science"
"Wednesday","slot-5","14:30","15:50","c-402","C-402","SS1022 BCS-3H","SS1022","Understanding of Holy Quran I/Ethics I","BCS-3H","Sciences & Humanities"
"Wednesday","slot-5","14:30","15:50","c-402","C-402","SS1022 BCS-3H","SS1022","Understanding of Holy Quran II/Ethics II","BCS-3H","Sciences & Humanities"
"Wednesday","slot-5","02:30","04:20","c-402","C-402"," A","","","A","Computer Science"
"Wednesday","slot-1","08:30","09:50","c-403","C-403","EE3009 BCS-5A","EE3009","Computer Architecture","BCS-5A","Electrical Engineering"
"Wednesday","slot-3","11:30","12:50","c-403","C-403","CS3014 BCS-5A","CS3014","Applied Human Computer Interaction","BCS-5A","Computer Science"
"Wednesday","slot-4","13:00","14:20","c-403","C-403","CS3001 BCS-5A","CS3001","Computer Networks","BCS-5A","Computer Science"
"Wednesday","slot-5","14:30","15:50","c-403","C-403","EE2003 BCS-5A","EE2003","Computer Organization and Assembly Language","BCS-5A","Electrical Engineering"
"Wednesday","slot-6","15:55","17:15","c-403","C-403","EE2003 BCS-5B","EE2003","Computer Organization and Assembly Language","BCS-5B","Electrical Engineering"
"Wednesday","slot-2","10:00","11:20","c-404","C-404","EE3009 BCS-5B","EE3009","Computer Architecture","BCS-5B","Electrical Engineering"
"Wednesday","slot-3","11:30","12:50","c-404","C-404","EE3009 BCS-5C","EE3009","Computer Architecture","BCS-5C","Electrical Engineering"
"Wednesday","slot-4","13:00","14:20","c-404","C-404","CS3014 BCS-5C","CS3014","Applied Human Computer Interaction","BCS-5C","Computer Science"
"Wednesday","slot-6","04:00","05:50","c-404","C-404","UHQI PHD-A","UHQI","UHQ-I & II","PHD-A","Computer Science"
"Wednesday","slot-7","17:20","18:40","d-402","D-402","UHQI PHD-A","UHQI","UHQ-I & II","PHD-A","Computer Science"
"Wednesday","slot-2","10:00","11:20","c-405","C-405","CS3001 BCS-5C","CS3001","Computer Networks","BCS-5C","Computer Science"
"Wednesday","slot-4","13:00","14:20","c-405","C-405","EE3009 BCS-5D","EE3009","Computer Architecture","BCS-5D","Electrical Engineering"
"Wednesday","slot-5","14:30","15:50","c-405","C-405","CS3001 BCS-5B","CS3001","Computer Networks","BCS-5B","Computer Science"
"Wednesday","slot-6","15:55","17:15","c-405","C-405","CS6018 PCS-1A","CS6018","Recent Advances in Deep Learning","PCS-1A","Computer Science"
"Wednesday","slot-7","05:20","07:10","d-403","D-403","UHQI A","UHQI","UHQ-I & II (MS-CY Fall-2025 batch","A","Computer Science"
"Wednesday","slot-1","08:30","09:50","c-406","C-406","CS3001 BCS-5D","CS3001","Computer Networks","BCS-5D","Computer Science"
"Wednesday","slot-3","11:30","12:50","c-406","C-406","CS2009 BCS-5E","CS2009","Design and Analysis of Algorithms","BCS-5E","Computer Science"
"Wednesday","slot-4","13:00","14:20","c-406","C-406","SS2012 BCS-5E","SS2012","Technical and Business Writing","BCS-5E","Sciences & Humanities"
"Wednesday","slot-7","17:20","18:40","d-404","D-404","SE6002 PSE-1A","SE6002","Advanced Empirical Software Engineering","PSE-1A","Software Engineering"
"Wednesday","slot-8","18:45","20:05","d-404","D-404","CS6006 PCS-1A","CS6006","Cyber and Network Security","PCS-1A","Computer Science"
"Wednesday","slot-1","08:30","09:50","c-407","C-407","SS2012 BCS-5F","SS2012","Technical and Business Writing","BCS-5F","Sciences & Humanities"
"Wednesday","slot-2","10:00","11:20","c-407","C-407","CS2009 BCS-5F","CS2009","Design and Analysis of Algorithms","BCS-5F","Computer Science"
"Wednesday","slot-3","11:30","12:50","c-407","C-407","SS2012 BCS-5G","SS2012","Technical and Business Writing","BCS-5G","Sciences & Humanities"
"Wednesday","slot-4","13:00","14:20","c-407","C-407","CS2009 BCS-5G","CS2009","Design and Analysis of Algorithms","BCS-5G","Computer Science"
"Wednesday","slot-1","08:30","09:50","c-408","C-408","SS2012 BSE-5C","SS2012","Technical and Business Writing","BSE-5C","Software Engineering"
"Wednesday","slot-2","10:00","11:20","c-408","C-408","SE3002 BSE-5C","SE3002","Software Quality Engineering","BSE-5C","Software Engineering"
"Wednesday","slot-3","11:30","12:50","c-408","C-408","SE4001 BSE-9A","SE4001","Software Re-Engineering","BSE-9A","Software Engineering"
"Wednesday","slot-4","13:00","14:20","c-408","C-408","SE3005 BSE-5A","SE3005","Software Construction and Development","BSE-5A","Software Engineering"
"Wednesday","slot-1","08:30","09:50","c-409","C-409","CS1002 BSE-1A","CS1002","Programming Fundamentals","BSE-1A","Software Engineering"
"Wednesday","slot-2","10:00","11:20","c-409","C-409","NS1001 BSE-1A","NS1001","Applied Physics","BSE-1A","Software Engineering"
"Wednesday","slot-3","11:30","12:50","c-409","C-409","CS2009 BSE-5A","CS2009","Design and Analysis of Algorithms","BSE-5A","Software Engineering"
"Wednesday","slot-4","01:00","02:45","c-409","C-409","ARTSH SE-A","ARTSH","Arts & Humanities","SE-A","Computer Science"
"Wednesday","slot-1","08:30","09:50","c-601","C-601","NS1001 BSE-1B","NS1001","Applied Physics","BSE-1B","Software Engineering"
"Wednesday","slot-2","10:00","11:20","c-601","C-601","CS1002 BSE-1B","CS1002","Programming Fundamentals","BSE-1B","Software Engineering"
"Wednesday","slot-3","11:30","12:50","c-601","C-601","MT1003 BSE-1E","MT1003","Calculus and Analytical Geometry","BSE-1E","Software Engineering"
"Wednesday","slot-4","01:00","02:45","c-601","C-601","SS1012 BSE-1B","SS1012","Functional English","BSE-1B","Software Engineering"
"Wednesday","slot-1","09:30","11:15","c-602","C-602","SS1013 BSE-1C","SS1013","Ideology and Constitution of Pakistan","BSE-1C","Software Engineering"
"Wednesday","slot-3","11:30","12:50","c-602","C-602","MT1003 BSE-1C","MT1003","Calculus and Analytical Geometry","BSE-1C","Software Engineering"
"Wednesday","slot-4","13:00","14:20","c-602","C-602","MT1003 BSE-1D","MT1003","Calculus and Analytical Geometry","BSE-1D","Software Engineering"
"Wednesday","slot-5","03:00","04:45","c-602","C-602","ARTSH SE-D","ARTSH","Arts & Humanities","SE-D","Computer Science"
"Wednesday","slot-1","08:30","09:50","c-603","C-603","CS2001 BSE-3A","CS2001","Data Structures","BSE-3A","Software Engineering"
"Wednesday","slot-2","10:00","11:45","c-603","C-603","SS1015 BSE-3D","SS1015","Pakistan Studies","BSE-3D","Software Engineering"
"Wednesday","slot-4","01:00","02:45","c-603","C-603","SS1013 BSE-1E","SS1013","Ideology and Constitution of Pakistan","BSE-1E","Software Engineering"
"Wednesday","slot-1","08:30","09:50","c-604","C-604","NS1001 BSE-1E","NS1001","Applied Physics","BSE-1E","Software Engineering"
"Wednesday","slot-2","10:00","11:20","c-604","C-604","MT1004 BSE-3C","MT1004","Linear Algebra","BSE-3C","Software Engineering"
"Wednesday","slot-3","11:30","12:50","c-604","C-604","SE1001 BSE-3A","SE1001","Introduction to Software Engineering","BSE-3A","Software Engineering"
"Wednesday","slot-4","13:00","14:20","c-604","C-604","EE2003 BSE-3A","EE2003","Computer Organization and Assembly Language","BSE-3A","Software Engineering"
"Wednesday","slot-6","15:55","17:15","c-604","C-604","CS1004 BSE-3A","CS1004","Object Oriented Programming","BSE-3A","Software Engineering"
"Wednesday","slot-1","08:30","09:50","c-605","C-605","MT1004 BSE-3D","MT1004","Linear Algebra","BSE-3D","Software Engineering"
"Wednesday","slot-2","10:00","11:20","c-605","C-605","CS2001 BSE-3B","CS2001","Data Structures","BSE-3B","Software Engineering"
"Wednesday","slot-3","11:30","12:50","c-605","C-605","AI2002 BSE-5B","AI2002","Artificial Intelligence","BSE-5B","Artificial Intelligence"
"Wednesday","slot-4","13:00","14:20","c-605","C-605","CS2009 BSE-5B","CS2009","Design and Analysis of Algorithms","BSE-5B","Software Engineering"
"Wednesday","slot-5","14:30","15:50","c-605","C-605","EE2003 BSE-3B","EE2003","Computer Organization and Assembly Language","BSE-3B","Software Engineering"
"Wednesday","slot-1","09:00","09:55","c-607","C-607","SS1022 BSE-3C","SS1022","Understanding of Holy Quran II/Ethics II","BSE-3C","Software Engineering"
"Wednesday","slot-2","10:00","11:20","c-607","C-607","AI2002 BSE-5A","AI2002","Artificial Intelligence","BSE-5A","Artificial Intelligence"
"Wednesday","slot-3","11:30","12:50","c-607","C-607","CS3002 BSE-7A","CS3002","Information Security","BSE-7A","Software Engineering"
"Wednesday","slot-4","13:00","14:20","c-607","C-607","SE1001 BSE-3B","SE1001","Introduction to Software Engineering","BSE-3B","Software Engineering"
"Wednesday","slot-1","08:30","09:50","c-609","C-609","SE3005 BSE-5B","SE3005","Software Construction and Development","BSE-5B","Software Engineering"
"Wednesday","slot-2","10:00","11:20","c-609","C-609","CS3002 BSE-7B","CS3002","Information Security","BSE-7B","Software Engineering"
"Wednesday","slot-3","11:30","12:50","c-609","C-609","CS3006 BSE-7B","CS3006","Parallel and Distributed Computing","BSE-7B","Software Engineering"
"Wednesday","slot-4","13:00","14:20","c-609","C-609","CS4001 BSE-9A","CS4001","Professional Practices in IT","BSE-9A","Software Engineering"
"Wednesday","slot-1","08:30","09:50","d-301","D-301","CS1002 BSE-1F","CS1002","Programming Fundamentals","BSE-1F","Software Engineering"
"Wednesday","slot-2","10:00","11:20","d-301","D-301","MT1003 BAI-1A","MT1003","Calculus and Analytical Geometry","BAI-1A","Artificial Intelligence"
"Wednesday","slot-3","11:30","12:25","d-301","D-301","SS1019 BDS-1A","SS1019","Understanding Sirat-Un-Nabi (PBUH)","BDS-1A","Data Science"
"Wednesday","slot-4","01:00","02:45","d-301","D-301","SS1007 BAI-1A","SS1007","Islamic Studies/Ethics","BAI-1A","Artificial Intelligence"
"Wednesday","slot-1","08:30","09:50","d-302","D-302","CS4049 BCY-7A","CS4049","Blockchain and Cryptocurrency","BCY-7A","Cyber Security"
"Wednesday","slot-1","08:30","10:15","d-303","D-303","SS1012 BAI-1C","SS1012","Functional English","BAI-1C","Artificial Intelligence"
"Wednesday","slot-2","10:30","12:15","d-303","D-303","SS1012 BDS-1B","SS1012","Functional English","BDS-1B","Data Science"
"Wednesday","slot-3","12:30","01:25","d-303","D-303","SS1019 BDS-1B","SS1019","Understanding Sirat-Un-Nabi (PBUH)","BDS-1B","Data Science"
"Wednesday","slot-1","08:30","09:50","d-304","D-304","EE2003 BAI-3A","EE2003","Computer Organization and Assembly Language","BAI-3A","Artificial Intelligence"
"Wednesday","slot-2","10:00","11:20","d-304","D-304","CS2001 BAI-3A","CS2001","Data Structures","BAI-3A","Artificial Intelligence"
"Wednesday","slot-3","11:30","12:50","d-304","D-304","AI2001 BAI-3A","AI2001","Programming for AI","BAI-3A","Artificial Intelligence"
"Wednesday","slot-4","01:30","02:25","d-304","D-304","SS1022 BAI-3A","SS1022","Understanding of Holy Quran II/Ethics II","BAI-3A","Artificial Intelligence"
"Wednesday","slot-1","08:30","09:50","d-305","D-305","CS2001 BAI-3B","CS2001","Data Structures","BAI-3B","Artificial Intelligence"
"Wednesday","slot-2","10:00","10:55","d-305","D-305","SS1022 BAI-3B","SS1022","Understanding of Holy Quran II/Ethics II","BAI-3B","Artificial Intelligence"
"Wednesday","slot-1","08:30","09:50","d-306","D-306","MT1004 BAI-3C","MT1004","Linear Algebra","BAI-3C","Artificial Intelligence"
"Wednesday","slot-3","11:30","12:50","d-306","D-306","EE2003 BAI-3B","EE2003","Computer Organization and Assembly Language","BAI-3B","Artificial Intelligence"
"Wednesday","slot-4","13:00","14:20","d-306","D-306","AI2001 BAI-3B","AI2001","Programming for AI","BAI-3B","Artificial Intelligence"
"Wednesday","slot-1","08:30","10:15","d-311","D-311","IDESS101 BAI-1B","IDESS101","IdeSS1013 Ideology and Constitution of Pakistan","BAI-1B","Artificial Intelligence"
"Wednesday","slot-3","11:30","12:50","d-311","D-311","CS1002 BAI-1B","CS1002","Programming Fundamentals","BAI-1B","Artificial Intelligence"
"Wednesday","slot-4","13:00","14:20","d-311","D-311","MT1003 BAI-1B","MT1003","Calculus and Analytical Geometry","BAI-1B","Artificial Intelligence"
"Wednesday","slot-1","08:30","09:50","d-312","D-312","CS2009 BAI-5B","CS2009","Design and Analysis of Algorithms","BAI-5B","Artificial Intelligence"
"Wednesday","slot-2","10:00","11:20","d-312","D-312","SS2012 BAI-5B","SS2012","Technical and Business Writing","BAI-5B","Artificial Intelligence"
"Wednesday","slot-3","11:30","12:50","d-312","D-312","CS2009 BAI-5C","CS2009","Design and Analysis of Algorithms","BAI-5C","Artificial Intelligence"
"Wednesday","slot-4","13:00","14:20","d-312","D-312","SS2012 BAI-5C","SS2012","Technical and Business Writing","BAI-5C","Artificial Intelligence"
"Wednesday","slot-1","08:30","09:50","d-313","D-313","MT1003 BDS-1C","MT1003","Calculus and Analytical Geometry","BDS-1C","Data Science"
"Wednesday","slot-3","11:30","12:50","d-313","D-313","CS1002 BDS-1C","CS1002","Programming Fundamentals","BDS-1C","Data Science"
"Wednesday","slot-4","01:00","02:45","d-313","D-313","SS1012 BDS-1C","SS1012","Functional English","BDS-1C","Data Science"
"Wednesday","slot-1","08:30","09:50","d-314","D-314","MT1004 BDS-3A","MT1004","Linear Algebra","BDS-3A","Data Science"
"Wednesday","slot-2","10:00","11:20","d-314","D-314","MT1004 BDS-3B","MT1004","Linear Algebra","BDS-3B","Data Science"
"Wednesday","slot-3","11:30","12:50","d-314","D-314","CS2009 BAI-5A","CS2009","Design and Analysis of Algorithms","BAI-5A","Artificial Intelligence"
"Wednesday","slot-4","13:00","14:20","d-314","D-314","CS3001 BAI-5A","CS3001","Computer Networks","BAI-5A","Artificial Intelligence"
"Wednesday","slot-5","14:30","15:50","d-314","D-314","SS1022 BDS-3B","SS1022","Understanding of Holy Quran I/Ethics I","BDS-3B","Data Science"
"Wednesday","slot-5","14:30","15:50","d-314","D-314","SS1022 BDB-3B","SS1022","Understanding of Holy Quran II/Ethics II","BDB-3B","Sciences & Humanities"
"Wednesday","slot-5","03:10","05:00","d-314","D-314"," A","","","A","Computer Science"
"Wednesday","slot-1","08:30","09:50","d-315","D-315","AI3001 BAI-5A","AI3001","Knowledge Representation and Reasoning","BAI-5A","Artificial Intelligence"
"Wednesday","slot-2","10:00","11:20","d-315","D-315","SS2012 BDS-5A","SS2012","Technical and Business Writing","BDS-5A","Data Science"
"Wednesday","slot-3","11:30","12:50","d-315","D-315","CS2009 BDS-5A","CS2009","Design and Analysis of Algorithms","BDS-5A","Data Science"
"Wednesday","slot-4","13:00","14:20","d-315","D-315","CS3001 BDS-7C","CS3001","Computer Networks","BDS-7C","Data Science"
"Wednesday","slot-2","10:00","11:20","d-316","D-316","CS2009 BDS-5B","CS2009","Design and Analysis of Algorithms","BDS-5B","Data Science"
"Wednesday","slot-3","11:30","12:50","d-316","D-316","SS2012 BDS-5B","SS2012","Technical and Business Writing","BDS-5B","Data Science"
"Wednesday","slot-4","13:00","14:20","d-316","D-316","FCS A","FCS","FCS","A","Computer Science"
"Wednesday","slot-5","14:30","15:50","d-316","D-316","FCS A","FCS","FCS","A","Computer Science"
"Wednesday","slot-6","15:55","17:15","d-316","D-316","FCS A","FCS","FCS","A","Computer Science"
"Wednesday","slot-1","08:30","09:50","d-401","D-401","MG3040 BDS-7B","MG3040","Methods in Business Research","BDS-7B","Data Science"
"Wednesday","slot-2","10:00","11:20","d-401","D-401","CS4059 BDS-7B","CS4059","Fundamentals of Computer Vision","BDS-7B","Data Science"
"Wednesday","slot-3","11:30","12:50","d-401","D-401","CS4059 BDS-7A","CS4059","Fundamentals of Computer Vision","BDS-7A","Data Science"
"Wednesday","slot-4","13:00","14:20","d-401","D-401","MG3040 BDS-7A","MG3040","Methods in Business Research","BDS-7A","Data Science"
"Wednesday","slot-1","08:30","09:50","d-402","D-402","AI4015 BAI-7B","AI4015","Agentic Artificial Intelligence","BAI-7B","Artificial Intelligence"
"Wednesday","slot-2","10:00","11:20","d-402","D-402","MG3040 BAI-7B","MG3040","Methods in Business Research","BAI-7B","Artificial Intelligence"
"Wednesday","slot-3","11:30","12:50","d-402","D-402","AI4019 BDS-9A","AI4019","Edge Computing and Intelligent Systems","BDS-9A","Artificial Intelligence"
"Wednesday","slot-3","11:30","12:50","d-402","D-402","AI4019 BAI-9A","AI4019","Edge Computing and Intelligent Systems","BAI-9A","Artificial Intelligence"
"Wednesday","slot-4","13:00","14:20","d-402","D-402","AI4019 BAI-7A","AI4019","Edge Computing and Intelligent Systems","BAI-7A","Artificial Intelligence"
"Wednesday","slot-6","15:55","17:15","d-402","D-402","AI4013 BAI-7A","AI4013","AI Product Development","BAI-7A","Artificial Intelligence"
"Wednesday","slot-1","08:30","09:50","d-403","D-403","MG3040 BAI-7A","MG3040","Methods in Business Research","BAI-7A","Artificial Intelligence"
"Wednesday","slot-2","10:00","11:20","d-403","D-403","AI4015 BAI-7A","AI4015","Agentic Artificial Intelligence","BAI-7A","Artificial Intelligence"
"Wednesday","slot-3","11:30","12:50","d-403","D-403","CY4054 BAI-7A","CY4054","Blockchain Technologies and Applications","BAI-7A","Artificial Intelligence"
"Wednesday","slot-5","14:30","15:50","d-403","D-403","AI4012 BAI-7A","AI4012","Multiagent Systems and Game Theory","BAI-7A","Artificial Intelligence"
"Wednesday","slot-3","11:30","12:50","d-404","D-404","CS4049 BCY-7B","CS4049","Blockchain and Cryptocurrency","BCY-7B","Cyber Security"
"Wednesday","slot-4","13:00","14:20","d-404","D-404","CS4044 BCS-7A","CS4044","Fundamentals of Software Project Management","BCS-7A","Computer Science"
"Wednesday","slot-1","08:30","09:50","d-405","D-405","CS3014 BCS-7A","CS3014","Applied Human Computer Interaction","BCS-7A","Computer Science"
"Wednesday","slot-2","10:00","11:20","d-405","D-405","CS3014 BCS-7B","CS3014","Applied Human Computer Interaction","BCS-7B","Computer Science"
"Wednesday","slot-3","11:30","12:50","d-405","D-405","CS4001 Block-A","CS4001","Professional Practices in IT Seminar (Audi,","Block-A","Computer Science"
"Wednesday","slot-6","03:55","06:40","d-405","D-405","CS6003 PCS-1A","CS6003","Advanced Topics in NLP","PCS-1A","Computer Science"
"Wednesday","slot-1","08:30","09:50","d-406","D-406","CS3014 BCS-7C","CS3014","Applied Human Computer Interaction","BCS-7C","Computer Science"
"Wednesday","slot-2","10:00","11:20","d-406","D-406","CS3014 BCS-7D","CS3014","Applied Human Computer Interaction","BCS-7D","Computer Science"
"Wednesday","slot-4","13:00","14:20","d-406","D-406","AI4015 BCS-7C","AI4015","Agentic Artificial Intelligence","BCS-7C","Artificial Intelligence"
"Wednesday","slot-5","14:30","15:50","d-406","D-406","CS3006 BCS-7B","CS3006","Parallel and Distributed Computing","BCS-7B","Computer Science"
"Wednesday","slot-6","15:55","17:15","d-406","D-406","CS3006 BCS-7C","CS3006","Parallel and Distributed Computing","BCS-7C","Computer Science"
"Wednesday","slot-1","08:30","09:50","d-411","D-411","CS4001 BCS-7E","CS4001","Professional Practices in IT","BCS-7E","Computer Science"
"Wednesday","slot-2","10:00","11:20","d-411","D-411","CS3002 BCS-7E","CS3002","Information Security","BCS-7E","Computer Science"
"Wednesday","slot-4","13:00","14:20","d-411","D-411","CS4075 BCS-7A","CS4075","Cloud Computing","BCS-7A","Computer Science"
"Wednesday","slot-5","14:30","15:50","d-411","D-411","CS4075 BCS-7B","CS4075","Cloud Computing","BCS-7B","Computer Science"
"Wednesday","slot-1","08:30","09:50","d-412","D-412","CS3002 BCS-7F","CS3002","Information Security","BCS-7F","Computer Science"
"Wednesday","slot-2","10:00","11:20","d-412","D-412","CS4001 BCS-7F","CS4001","Professional Practices in IT","BCS-7F","Computer Science"
"Wednesday","slot-4","13:00","14:20","d-412","D-412","CS4045 BCS-7A","CS4045","Deep Learning for Perception","BCS-7A","Computer Science"
"Wednesday","slot-1","08:30","09:50","d-413","D-413","CS4001 BCS-7G","CS4001","Professional Practices in IT","BCS-7G","Computer Science"
"Wednesday","slot-2","10:00","11:20","d-413","D-413","CS3002 BCS-7G","CS3002","Information Security","BCS-7G","Computer Science"
"Wednesday","slot-4","13:00","14:20","d-413","D-413","CS4095 BCS-7A","CS4095","Embedded Control of Robotics","BCS-7A","Computer Science"
"Wednesday","slot-2","10:00","11:20","d-414","D-414","NS1001 BCY-1B","NS1001","Applied Physics","BCY-1B","Cyber Security"
"Wednesday","slot-4","01:00","02:45","d-414","D-414","ARTSH CY-C","ARTSH","Arts & Humanities","CY-C","Computer Science"
"Wednesday","slot-5","03:10","05:00","d-414","D-414","SS1013 BCY-1B","SS1013","Ideology and Constitution of Pakistan","BCY-1B","Cyber Security"
"Wednesday","slot-1","08:30","09:50","d-415","D-415","CS1002 BCY-1C","CS1002","Programming Fundamentals","BCY-1C","Cyber Security"
"Wednesday","slot-2","10:00","11:20","d-415","D-415","MT1003 BCY-1C","MT1003","Calculus and Analytical Geometry","BCY-1C","Cyber Security"
"Wednesday","slot-3","11:30","12:50","d-415","D-415","NS1001 BCY-1A","NS1001","Applied Physics","BCY-1A","Cyber Security"
"Wednesday","slot-4","13:00","14:20","d-415","D-415","EE2003 BCY-3B","EE2003","Computer Organization and Assembly Language","BCY-3B","Cyber Security"
"Wednesday","slot-5","02:30","04:15","d-415","D-415","SS1012 BCY-1A","SS1012","Functional English","BCY-1A","Cyber Security"
"Wednesday","slot-1","08:30","10:15","d-416","D-416","SS1012 BCY-1D","SS1012","Functional English","BCY-1D","Cyber Security"
"Wednesday","slot-3","11:30","12:50","d-416","D-416","MT1003 BCY-1D","MT1003","Calculus and Analytical Geometry","BCY-1D","Cyber Security"
"Wednesday","slot-4","13:00","14:20","d-416","D-416","NS1001 BCY-1D","NS1001","Applied Physics","BCY-1D","Cyber Security"
"Wednesday","slot-1","08:30","09:50","d-501","D-501","CS2001 BCY-3A","CS2001","Data Structures","BCY-3A","Cyber Security"
"Wednesday","slot-2","10:00","11:20","d-501","D-501","CS2001 BCY-3B","CS2001","Data Structures","BCY-3B","Cyber Security"
"Wednesday","slot-3","11:30","12:50","d-501","D-501","EE2003 BCY-3A","EE2003","Computer Organization and Assembly Language","BCY-3A","Cyber Security"
"Wednesday","slot-4","13:00","14:20","d-501","D-501","CY2004 BCY-3A","CY2004","Cyber Security","BCY-3A","Cyber Security"
"Wednesday","slot-2","10:00","11:20","d-502","D-502","MT1004 BCY-3C","MT1004","Linear Algebra","BCY-3C","Cyber Security"
"Wednesday","slot-3","11:30","01:15","d-502","D-502","SS1015 BCY-3C","SS1015","Pakistan Studies","BCY-3C","Cyber Security"
"Wednesday","slot-5","14:30","15:50","d-502","D-502","CY2004 BCY-3B","CY2004","Cyber Security","BCY-3B","Cyber Security"
"Wednesday","slot-1","08:30","09:50","d-503","D-503","AI2002 BCY-5C","AI2002","Artificial Intelligence","BCY-5C","Artificial Intelligence"
"Wednesday","slot-2","10:00","11:20","d-503","D-503","CS3002 BCY-5C","CS3002","Information Security","BCY-5C","Cyber Security"
"Wednesday","slot-3","11:30","12:50","d-503","D-503","CS4032 BCY-5B","CS4032","Web Programming","BCY-5B","Cyber Security"
"Wednesday","slot-4","13:00","14:20","d-503","D-503","CS4032 BCY-5C","CS4032","Web Programming","BCY-5C","Cyber Security"
"Wednesday","slot-5","14:30","15:50","d-503","D-503","CS2006 BCY-5C","CS2006","Operating Systems","BCY-5C","Cyber Security"
"Wednesday","slot-1","08:30","09:50","d-504","D-504","CS4049 BCY-7A","CS4049","Blockchain and Cryptocurrency","BCY-7A","Cyber Security"
"Wednesday","slot-2","10:00","11:20","d-504","D-504","CS4032 BCY-5A","CS4032","Web Programming","BCY-5A","Cyber Security"
"Wednesday","slot-3","11:30","12:50","d-504","D-504","CS4001 Block-A","CS4001","Professional Practices in IT Seminar (Audi,","Block-A","Computer Science"
"Wednesday","slot-2","10:00","11:20","d-505","D-505","CY4048 BCY-7A","CY4048","Security Operations and Administration","BCY-7A","Cyber Security"
"Wednesday","slot-4","13:00","14:20","d-505","D-505","CY4048 BCY-7B","CY4048","Security Operations and Administration","BCY-7B","Cyber Security"
"Wednesday","slot-2","10:00","11:20","d-506","D-506","CS4075 BCY-7B","CS4075","Cloud Computing","BCY-7B","Cyber Security"
"Wednesday","slot-4","13:00","14:20","d-506","D-506","CS4075 BCY-7A","CS4075","Cloud Computing","BCY-7A","Cyber Security"
"Wednesday","slot-4","13:00","14:20","c-110","C-110","CS4039 BCS-7A","CS4039","Software for Mobile Devices","BCS-7A","Computer Science"
"Wednesday","lab-1","08:30","11:15","it-lab-1-d-210","IT Lab 1 (D-210)","CL1002 BCY-1A","CL1002","Programming Fundamentals - Lab","BCY-1A","Cyber Security"
"Wednesday","lab-2","11:30","14:15","it-lab-1-d-210","IT Lab 1 (D-210)","CL1000 BCY-1B","CL1000","Introduction to Information and Communication Technology","BCY-1B","Cyber Security"
"Wednesday","lab-3","14:30","17:15","it-lab-1-d-210","IT Lab 1 (D-210)","CL1000 BDS-1B","CL1000","Introduction to Information and Communication Technology","BDS-1B","Data Science"
"Wednesday","lab-1","08:30","11:15","it-lab-2-d-211","IT Lab 2 (D-211)","CL1000 BCS-1F","CL1000","Introduction to Information and Communication Technology","BCS-1F","Computer Science"
"Wednesday","lab-2","11:30","14:15","it-lab-2-d-211","IT Lab 2 (D-211)","CL1000 BCS-1G","CL1000","Introduction to Information and Communication Technology","BCS-1G","Computer Science"
"Wednesday","lab-3","14:30","17:15","it-lab-2-d-211","IT Lab 2 (D-211)","DL3004 BDS-5A","DL3004","Data Warehousing and Business Intellligence - Lab","BDS-5A","Data Science"
"Wednesday","lab-1","08:30","11:15","it-lab-3-d-213","IT Lab 3 (D-213)","CL1002 BSE-1D","CL1002","Programming Fundamentals - Lab","BSE-1D","Software Engineering"
"Wednesday","lab-2","11:30","14:15","it-lab-3-d-213","IT Lab 3 (D-213)","CL1000 BAI-1C","CL1000","Introduction to Information and Communication Technology","BAI-1C","Artificial Intelligence"
"Wednesday","lab-3","14:30","17:15","it-lab-3-d-213","IT Lab 3 (D-213)","EL2003 BAI-3C","EL2003","Computer Organization and Assembly Language - Lab","BAI-3C","Artificial Intelligence"
"Wednesday","lab-1","08:30","11:15","it-lab-4-gpu-d-203","IT Lab 4-GPU (D-203)","PROJECT A","PROJECT","Project (AI/DS)","A","Computer Science"
"Wednesday","lab-2","11:30","14:15","it-lab-4-gpu-d-203","IT Lab 4-GPU (D-203)","DL2001 BDS-3B","DL2001","Introduction to Data Science - Lab","BDS-3B","Data Science"
"Wednesday","lab-3","14:30","17:15","it-lab-4-gpu-d-203","IT Lab 4-GPU (D-203)","PROJECT A","PROJECT","Project (AI/DS)","A","Computer Science"
"Wednesday","lab-1","08:30","11:15","margala-1-c-209","Margala 1 (C-209)","CL1002 BCS-1H","CL1002","Programming Fundamentals - Lab","BCS-1H","Computer Science"
"Wednesday","lab-2","11:30","14:15","margala-1-c-209","Margala 1 (C-209)","CL1002 BCS-1E","CL1002","Programming Fundamentals - Lab","BCS-1E","Computer Science"
"Wednesday","lab-3","14:30","17:15","margala-1-c-209","Margala 1 (C-209)","CL2001 BDS-3A","CL2001","Data Structures - Lab","BDS-3A","Data Science"
"Wednesday","lab-1","08:30","11:15","margala-3-c-211","Margala 3 (C-211)","CL1002 BDS-1A","CL1002","Programming Fundamentals - Lab","BDS-1A","Data Science"
"Wednesday","lab-2","11:30","14:15","margala-3-c-211","Margala 3 (C-211)","EL2003 BDS-3A","EL2003","Computer Organization and Assembly Language - Lab","BDS-3A","Data Science"
"Wednesday","lab-3","14:30","17:15","margala-3-c-211","Margala 3 (C-211)","CL2001 BCY-3C","CL2001","Data Structures - Lab","BCY-3C","Cyber Security"
"Wednesday","lab-1","08:30","11:15","margala-4-c-212","Margala 4 (C-212","CL2001 BCS-3G","CL2001","Data Structures - Lab","BCS-3G","Computer Science"
"Wednesday","lab-2","11:30","14:15","margala-4-c-212","Margala 4 (C-212","EL2003 BSE-3C","EL2003","Computer Organization and Assembly Language - Lab","BSE-3C","Software Engineering"
"Wednesday","lab-3","14:30","17:15","margala-4-c-212","Margala 4 (C-212","CL2001 BSE-3D","CL2001","Data Structures - Lab","BSE-3D","Software Engineering"
"Wednesday","lab-1","08:30","11:15","rawal-1-c-509","Rawal 1 (C-509)","CL3001 BCS-5G","CL3001","Computer Networks - Lab","BCS-5G","Computer Science"
"Wednesday","lab-2","11:30","14:15","rawal-1-c-509","Rawal 1 (C-509)","CL3001 BDS-7B","CL3001","Computer Networks - Lab","BDS-7B","Data Science"
"Wednesday","lab-3","14:30","17:15","rawal-1-c-509","Rawal 1 (C-509)","DL3001 BDS-5B","DL3001","Data Analysis and Visualization - Lab","BDS-5B","Data Science"
"Wednesday","lab-1","08:30","11:15","c-rawal-4-c-512","C-Rawal 4 (C-512)","CL3001 BAI-5C","CL3001","Computer Networks - Lab","BAI-5C","Artificial Intelligence"
"Wednesday","lab-2","11:30","14:15","c-rawal-4-c-512","C-Rawal 4 (C-512)","AL3002 BAI-5B","AL3002","Machine Learning - Lab","BAI-5B","Artificial Intelligence"
"Wednesday","lab-3","14:30","17:15","c-rawal-4-c-512","C-Rawal 4 (C-512)","CL2001 BCS-3F","CL2001","Data Structures - Lab","BCS-3F","Computer Science"
"Wednesday","lab-1","08:30","11:15","cyber-d-514","Cyber (D-514)","CL2005 BCY-5B","CL2005","Database Systems - Lab","BCY-5B","Cyber Security"
"Wednesday","lab-2","11:30","14:15","cyber-d-514","Cyber (D-514)","AL2002 BCY-5A","AL2002","Artificial Intelligence - Lab","BCY-5A","Artificial Intelligence"
"Wednesday","lab-3","14:30","17:15","cyber-d-514","Cyber (D-514)","CL2006 BCY-5B","CL2006","Operating Systems - Lab","BCY-5B","Cyber Security"
"Wednesday","lab-1","08:30","11:15","call-1-a-213","CALL-1 (A-213)","SL1012 BCS-1G1","SL1012","Functional English - Lab","BCS-1G1","Software Engineering"
"Wednesday","lab-3","14:30","17:15","call-1-a-213","CALL-1 (A-213)","SL1012 BDS-1A1","SL1012","Functional English - Lab","BDS-1A1","Software Engineering"
"Wednesday","lab-1","08:30","11:15","call-2-a-214","CALL-2 (A-214)","SL1012 BCS-1G2","SL1012","Functional English - Lab","BCS-1G2","Software Engineering"
"Wednesday","lab-3","14:30","17:15","call-2-a-214","CALL-2 (A-214)","SL1012 BDS-1A2","SL1012","Functional English - Lab","BDS-1A2","Software Engineering"
"Wednesday","lab-2","11:30","14:15","call-3-a-308","CALL-3 (A-308)","SL1012 BCS-1F1","SL1012","Functional English - Lab","BCS-1F1","Software Engineering"
"Wednesday","lab-3","14:30","17:15","call-3-a-308","CALL-3 (A-308)","SL1012 BSE-1C1","SL1012","Functional English - Lab","BSE-1C1","Software Engineering"
"Wednesday","lab-2","11:30","14:15","mehran-2-a-306","Mehran-2 (A-306)","SL1012 BCS-1F2","SL1012","Functional English - Lab","BCS-1F2","Software Engineering"
"Wednesday","lab-3","14:30","17:15","mehran-2-a-306","Mehran-2 (A-306)","SL1012 BSE-1C2","SL1012","Functional English - Lab","BSE-1C2","Software Engineering"
"Wednesday","lab-1","08:30","11:15","b-digital","B-Digital","EL1005 BCS-3H","EL1005","Digital Logic Design - Lab","BCS-3H","Electrical Engineering"
"Wednesday","lab-3","14:30","17:15","b-digital","B-Digital","EL1005 BCS-3J","EL1005","Digital Logic Design - Lab","BCS-3J","Electrical Engineering"
"Wednesday","lab-4","17:20","20:05","b-digital","B-Digital"," A","",".","A","Computer Science"
"Thursday","slot-1","08:30","09:50","c-301","C-301","CS1002 BCS-1F","CS1002","Programming Fundamentals","BCS-1F","Computer Science"
"Thursday","slot-2","10:00","11:20","c-301","C-301","MT1003 BCS-1F","MT1003","Calculus and Analytical Geometry","BCS-1F","Sciences & Humanities"
"Thursday","slot-3","11:30","12:25","c-301","C-301","SS1019 BCS-1A","SS1019","Understanding Sirat-Un-Nabi (PBUH)","BCS-1A","Sciences & Humanities"
"Thursday","slot-4","01:00","02:45","c-301","C-301","SS1007 BCS-1F","SS1007","Islamic Studies/Ethics","BCS-1F","Sciences & Humanities"
"Thursday","slot-5","02:50","03:45","c-301","C-301","SS1019 BCS-1D","SS1019","Understanding Sirat-Un-Nabi (PBUH)","BCS-1D","Sciences & Humanities"
"Thursday","slot-8","18:45","20:05","d-301","D-301","CY5002 MCY-2A","CY5002","Machine Learning for Cyber Security","MCY-2A","Cyber Security"
"Thursday","slot-1","08:30","09:50","c-302","C-302","MT1003 BCS-1G","MT1003","Calculus and Analytical Geometry","BCS-1G","Sciences & Humanities"
"Thursday","slot-2","10:00","11:20","c-302","C-302","CS1002 BCS-1G","CS1002","Programming Fundamentals","BCS-1G","Computer Science"
"Thursday","slot-4","01:00","02:45","c-302","C-302","SS1013 BCS-1G","SS1013","Ideology and Constitution of Pakistan","BCS-1G","Sciences & Humanities"
"Thursday","slot-1","08:30","10:15","c-303","C-303","SS1007 BCS-1H","SS1007","Islamic Studies/Ethics","BCS-1H","Sciences & Humanities"
"Thursday","slot-3","11:30","12:50","c-303","C-303","CS1002 BCS-1H","CS1002","Programming Fundamentals","BCS-1H","Computer Science"
"Thursday","slot-4","13:00","14:20","c-303","C-303","MT1003 BCS-1H","MT1003","Calculus and Analytical Geometry","BCS-1H","Sciences & Humanities"
"Thursday","slot-1","08:30","10:15","c-304","C-304","SS1013 BCS-1E","SS1013","Ideology and Constitution of Pakistan","BCS-1E","Sciences & Humanities"
"Thursday","slot-3","11:30","12:50","c-304","C-304","MT1003 BCS-1E","MT1003","Calculus and Analytical Geometry","BCS-1E","Sciences & Humanities"
"Thursday","slot-4","13:00","14:20","c-304","C-304","CS1002 BCS-1E","CS1002","Programming Fundamentals","BCS-1E","Computer Science"
"Thursday","slot-1","08:30","10:15","c-305","C-305","SS1012 BCS-1D","SS1012","Functional English","BCS-1D","Sciences & Humanities"
"Thursday","slot-2","10:30","11:25","c-305","C-305","SS1019 BCS-3E","SS1019","Understanding Sirat-Un-Nabi (PBUH)","BCS-3E","Sciences & Humanities"
"Thursday","slot-3","11:30","12:50","c-305","C-305","MT1004 BCS-3E","MT1004","Linear Algebra","BCS-3E","Sciences & Humanities"
"Thursday","slot-4","01:00","02:45","c-305","C-305","SS1012 BCS-1A","SS1012","Functional English","BCS-1A","Sciences & Humanities"
"Thursday","slot-7","17:20","18:40","d-305","D-305","CS5005 MCS-1A","CS5005","Advanced Analysis of Algorithms","MCS-1A","Computer Science"
"Thursday","slot-1","08:30","09:50","c-307","C-307","CS3004 BCS-3F","CS3004","Software Design and Analysis","BCS-3F","Computer Science"
"Thursday","slot-2","10:00","11:20","c-307","C-307","CS2006 BCY-5A","CS2006","Operating Systems","BCY-5A","Cyber Security"
"Thursday","slot-3","11:30","12:50","c-307","C-307","CS2001 BCS-3F","CS2001","Data Structures","BCS-3F","Computer Science"
"Thursday","slot-4","13:00","14:20","c-307","C-307","CS2006 BDS-5A","CS2006","Operating Systems","BDS-5A","Data Science"
"Thursday","slot-7","17:20","18:40","d-306","D-306","DS5007 MDS-1A","DS5007","Natural Language Processing","MDS-1A","Data Science"
"Thursday","slot-8","18:45","20:05","d-306","D-306","DS5003 MDS-1A","DS5003","Statistical and Mathematical Methods for DS","MDS-1A","Data Science"
"Thursday","slot-1","08:30","09:50","c-308","C-308","CS2001 BCS-3J","CS2001","Data Structures","BCS-3J","Computer Science"
"Thursday","slot-2","10:00","11:45","c-308","C-308","SS1012 BCS-1C","SS1012","Functional English","BCS-1C","Sciences & Humanities"
"Thursday","slot-3","11:55","12:50","c-308","C-308","SS1019 BCS-1C","SS1019","Understanding Sirat-Un-Nabi (PBUH)","BCS-1C","Sciences & Humanities"
"Thursday","slot-4","13:00","14:20","c-308","C-308","EE1005 BCS-3F","EE1005","Digital Logic Design","BCS-3F","Electrical Engineering"
"Thursday","slot-5","14:30","15:50","c-308","C-308","CS1004 BCS-3C","CS1004","Object Oriented Programming","BCS-3C","Computer Science"
"Thursday","slot-6","15:55","17:15","c-308","C-308","CS1004 BCS-3D","CS1004","Object Oriented Programming","BCS-3D","Computer Science"
"Thursday","slot-1","08:30","09:50","c-309","C-309","EE1005 BCS-3G","EE1005","Digital Logic Design","BCS-3G","Electrical Engineering"
"Thursday","slot-2","10:00","11:20","c-309","C-309","CS2001 BCS-3G","CS2001","Data Structures","BCS-3G","Computer Science"
"Thursday","slot-4","13:00","14:20","c-309","C-309","CS3004 BCS-3G","CS3004","Software Design and Analysis","BCS-3G","Computer Science"
"Thursday","slot-6","15:55","17:15","c-309","C-309","CS1005 BCS-3B","CS1005","Discrete Structures","BCS-3B","Computer Science"
"Thursday","slot-1","08:30","09:50","c-310","C-310","CS3004 BCS-3H","CS3004","Software Design and Analysis","BCS-3H","Computer Science"
"Thursday","slot-2","10:00","11:20","c-310","C-310","EE1005 BCS-3C","EE1005","Digital Logic Design","BCS-3C","Electrical Engineering"
"Thursday","slot-3","11:30","12:50","c-310","C-310","CS2001 BCS-3H","CS2001","Data Structures","BCS-3H","Computer Science"
"Thursday","slot-4","13:00","14:20","c-310","C-310","MT1004 BCS-3H","MT1004","Linear Algebra","BCS-3H","Sciences & Humanities"
"Thursday","slot-5","14:30","15:50","c-310","C-310","SS1022 BCS-3B","SS1022","Understanding of Holy Quran I/Ethics I","BCS-3B","Sciences & Humanities"
"Thursday","slot-5","14:30","15:50","c-310","C-310","SS1022 BCS-3B","SS1022","Understanding of Holy Quran II/Ethics II","BCS-3B","Sciences & Humanities"
"Thursday","slot-5","02:30","04:20","c-310","C-310"," A","","","A","Computer Science"
"Thursday","slot-7","17:20","18:40","d-313","D-313","CS5001 MDS-1A","CS5001","Research Methodology","MDS-1A","Data Science"
"Thursday","slot-8","18:45","20:05","d-313","D-313","CS5001 MAI-1A","CS5001","Research Methodology","MAI-1A","Artificial Intelligence"
"Thursday","slot-1","08:30","09:25","c-311","C-311","SS1019 BCS-3C","SS1019","Understanding Sirat-Un-Nabi (PBUH)","BCS-3C","Sciences & Humanities"
"Thursday","slot-3","11:30","12:50","c-311","C-311","MT1004 BCS-3J","MT1004","Linear Algebra","BCS-3J","Sciences & Humanities"
"Thursday","slot-4","13:00","14:20","c-311","C-311","CS3004 BCS-3J","CS3004","Software Design and Analysis","BCS-3J","Computer Science"
"Thursday","slot-7","17:20","18:40","d-314","D-314","SE5002 MSE-1A","SE5002","Advanced Quality Assurance","MSE-1A","Software Engineering"
"Thursday","slot-8","18:45","20:05","d-314","D-314","SE5003 MSE-1A","SE5003","Advanced Software Architecture","MSE-1A","Software Engineering"
"Thursday","slot-1","08:30","09:50","c-401","C-401","SE4009 BSE-7A","SE4009","Process Mining and Simulation","BSE-7A","Software Engineering"
"Thursday","slot-2","10:00","11:20","c-401","C-401","SE4033 BSE-7A","SE4033","Formal Methods in Software Engineering","BSE-7A","Software Engineering"
"Thursday","slot-4","13:00","14:20","c-401","C-401","MT1004 BCS-3A","MT1004","Linear Algebra","BCS-3A","Sciences & Humanities"
"Thursday","slot-5","02:30","03:25","c-401","C-401","SS1019 BCS-3A","SS1019","Understanding Sirat-Un-Nabi (PBUH)","BCS-3A","Sciences & Humanities"
"Thursday","slot-1","08:30","09:50","c-402","C-402","SS2012 BCS-5B","SS2012","Technical and Business Writing","BCS-5B","Sciences & Humanities"
"Thursday","slot-2","10:00","11:20","c-402","C-402","CS2009 BCS-5B","CS2009","Design and Analysis of Algorithms","BCS-5B","Computer Science"
"Thursday","slot-3","11:30","12:50","c-402","C-402","EE1005 BCS-3B","EE1005","Digital Logic Design","BCS-3B","Electrical Engineering"
"Thursday","slot-4","13:00","14:20","c-402","C-402","EE1005 BCS-3D","EE1005","Digital Logic Design","BCS-3D","Electrical Engineering"
"Thursday","slot-5","14:30","15:50","c-402","C-402","CS6031 PCS-1A","CS6031","Information Retrieval and Text Mining","PCS-1A","Computer Science"
"Thursday","slot-7","17:20","18:40","d-316","D-316","SE6001 PSE-1A","SE6001","Advanced Topics in Requirements Engineering","PSE-1A","Software Engineering"
"Thursday","slot-1","08:30","09:50","c-403","C-403","CS3001 BCS-5F","CS3001","Computer Networks","BCS-5F","Computer Science"
"Thursday","slot-2","10:00","11:20","c-403","C-403","EE3009 BCS-5F","EE3009","Computer Architecture","BCS-5F","Electrical Engineering"
"Thursday","slot-3","11:30","12:50","c-403","C-403","CS2009 BCS-5C","CS2009","Design and Analysis of Algorithms","BCS-5C","Computer Science"
"Thursday","slot-4","13:00","14:20","c-403","C-403","SS2012 BCS-5C","SS2012","Technical and Business Writing","BCS-5C","Sciences & Humanities"
"Thursday","slot-1","08:30","09:50","c-404","C-404","EE3009 BCS-5E","EE3009","Computer Architecture","BCS-5E","Electrical Engineering"
"Thursday","slot-2","10:00","11:20","c-404","C-404","CS3001 BCS-5G","CS3001","Computer Networks","BCS-5G","Computer Science"
"Thursday","slot-3","11:30","12:50","c-404","C-404","CS3001 BCS-5E","CS3001","Computer Networks","BCS-5E","Computer Science"
"Thursday","slot-4","13:00","14:20","c-404","C-404","CS3014 BCS-5E","CS3014","Applied Human Computer Interaction","BCS-5E","Computer Science"
"Thursday","slot-1","08:30","09:50","c-405","C-405","CS2009 BCS-5A","CS2009","Design and Analysis of Algorithms","BCS-5A","Computer Science"
"Thursday","slot-2","10:00","11:20","c-405","C-405","SS2012 BCS-5A","SS2012","Technical and Business Writing","BCS-5A","Sciences & Humanities"
"Thursday","slot-3","11:30","12:50","c-405","C-405","CS3014 BCS-5G","CS3014","Applied Human Computer Interaction","BCS-5G","Computer Science"
"Thursday","slot-4","13:00","14:20","c-405","C-405","EE3009 BCS-5G","EE3009","Computer Architecture","BCS-5G","Electrical Engineering"
"Thursday","slot-1","08:30","09:50","c-406","C-406","SS2012 BCS-5D","SS2012","Technical and Business Writing","BCS-5D","Sciences & Humanities"
"Thursday","slot-2","10:00","11:20","c-406","C-406","CS2009 BCS-5D","CS2009","Design and Analysis of Algorithms","BCS-5D","Computer Science"
"Thursday","slot-1","08:30","09:25","c-407","C-407","SS1022 BSE-3A","SS1022","Understanding of Holy Quran II/Ethics II","BSE-3A","Software Engineering"
"Thursday","slot-2","10:00","11:20","c-407","C-407","CS2007 BSE-9A","CS2007","Human Computer Interaction","BSE-9A","Software Engineering"
"Thursday","slot-4","13:00","14:20","c-407","C-407","CS3014 BCS-5F","CS3014","Applied Human Computer Interaction","BCS-5F","Computer Science"
"Thursday","slot-1","08:30","09:50","c-408","C-408","CS2009 BSE-5C","CS2009","Design and Analysis of Algorithms","BSE-5C","Software Engineering"
"Thursday","slot-2","10:00","11:20","c-408","C-408","AI2002 BSE-5C","AI2002","Artificial Intelligence","BSE-5C","Artificial Intelligence"
"Thursday","slot-3","11:30","12:50","c-408","C-408","CS4039 BSE-7A","CS4039","Software for Mobile Devices","BSE-7A","Software Engineering"
"Thursday","slot-4","13:00","14:20","c-408","C-408","CS4039 BSE-7B","CS4039","Software for Mobile Devices","BSE-7B","Software Engineering"
"Thursday","slot-6","15:55","17:15","c-408","C-408","CS4046 BSE-7A","CS4046","Game Design and Development","BSE-7A","Software Engineering"
"Thursday","slot-1","08:30","10:15","c-409","C-409","SS1013 BSE-1A","SS1013","Ideology and Constitution of Pakistan","BSE-1A","Software Engineering"
"Thursday","slot-4","13:00","14:20","c-409","C-409","MT1003 BSE-1B","MT1003","Calculus and Analytical Geometry","BSE-1B","Software Engineering"
"Thursday","slot-5","02:30","04:15","c-409","C-409","SS1013 BSE-1B","SS1013","Ideology and Constitution of Pakistan","BSE-1B","Software Engineering"
"Thursday","slot-1","08:30","09:50","c-601","C-601","CS1002 BSE-1C","CS1002","Programming Fundamentals","BSE-1C","Software Engineering"
"Thursday","slot-2","10:00","11:20","c-601","C-601","NS1001 BSE-1C","NS1001","Applied Physics","BSE-1C","Software Engineering"
"Thursday","slot-3","11:30","12:50","c-601","C-601","CS1002 BSE-1D","CS1002","Programming Fundamentals","BSE-1D","Software Engineering"
"Thursday","slot-4","01:00","02:45","c-601","C-601","ARTSH D-402","ARTSH","Arts & Humanities (SE-C)","D-402","Computer Science"
"Thursday","slot-1","08:30","09:50","c-602","C-602","NS1001 BSE-1D","NS1001","Applied Physics","BSE-1D","Software Engineering"
"Thursday","slot-2","10:00","11:20","c-602","C-602","MT1004 BSE-3A","MT1004","Linear Algebra","BSE-3A","Software Engineering"
"Thursday","slot-3","11:30","01:15","c-602","C-602","SS1015 BSE-3B","SS1015","Pakistan Studies","BSE-3B","Software Engineering"
"Thursday","slot-4","01:20","03:05","c-602","C-602","SS1012 BSE-1D","SS1012","Functional English","BSE-1D","Software Engineering"
"Thursday","slot-1","08:30","10:15","c-603","C-603","ARTSH SE-E","ARTSH","Arts & Humanities","SE-E","Computer Science"
"Thursday","slot-2","10:30","12:15","c-603","C-603","SS1012 BSE-1E","SS1012","Functional English","BSE-1E","Software Engineering"
"Thursday","slot-4","13:00","14:20","c-603","C-603","CS1002 BSE-1E","CS1002","Programming Fundamentals","BSE-1E","Software Engineering"
"Thursday","slot-5","14:30","15:50","c-603","C-603","CS2001 BSE-3D","CS2001","Data Structures","BSE-3D","Software Engineering"
"Thursday","slot-1","08:30","09:50","c-604","C-604","MT1004 BSE-3B","MT1004","Linear Algebra","BSE-3B","Software Engineering"
"Thursday","slot-2","10:00","11:20","c-604","C-604","EE2003 BSE-3D","EE2003","Computer Organization and Assembly Language","BSE-3D","Software Engineering"
"Thursday","slot-3","11:30","12:50","c-604","C-604","SE1001 BSE-3D","SE1001","Introduction to Software Engineering","BSE-3D","Software Engineering"
"Thursday","slot-4","13:00","14:20","c-604","C-604","CS2001 BSE-3C","CS2001","Data Structures","BSE-3C","Software Engineering"
"Thursday","slot-5","14:30","15:50","c-604","C-604","CS3006 BSE-7A","CS3006","Parallel and Distributed Computing","BSE-7A","Software Engineering"
"Thursday","slot-1","08:30","09:50","c-605","C-605","EE2003 BSE-3C","EE2003","Computer Organization and Assembly Language","BSE-3C","Software Engineering"
"Thursday","slot-2","10:00","11:20","c-605","C-605","SE1001 BSE-3C","SE1001","Introduction to Software Engineering","BSE-3C","Software Engineering"
"Thursday","slot-3","11:30","12:50","c-605","C-605","MT1003 BSE-1A","MT1003","Calculus and Analytical Geometry","BSE-1A","Software Engineering"
"Thursday","slot-4","13:00","14:20","c-605","C-605","SE3005 BSE-5C","SE3005","Software Construction and Development","BSE-5C","Software Engineering"
"Thursday","slot-1","08:30","09:50","c-607","C-607","SS2012 BSE-5A","SS2012","Technical and Business Writing","BSE-5A","Software Engineering"
"Thursday","slot-2","10:00","11:20","c-607","C-607","SE3002 BSE-5A","SE3002","Software Quality Engineering","BSE-5A","Software Engineering"
"Thursday","slot-3","11:30","12:50","c-607","C-607","AI4009 BSE-7A","AI4009","Generative AI","BSE-7A","Artificial Intelligence"
"Thursday","slot-4","13:00","14:20","c-607","C-607","AI4009 BSE-7B","AI4009","Generative AI","BSE-7B","Artificial Intelligence"
"Thursday","slot-5","14:30","15:50","c-607","C-607","MG4057 BSE-9A","MG4057","AI-Led Transformation","BSE-9A","Software Engineering"
"Thursday","slot-1","08:30","09:50","c-609","C-609","SE3002 BSE-5B","SE3002","Software Quality Engineering","BSE-5B","Software Engineering"
"Thursday","slot-2","10:00","11:20","c-609","C-609","SS2012 BSE-5B","SS2012","Technical and Business Writing","BSE-5B","Software Engineering"
"Thursday","slot-3","11:30","12:50","c-609","C-609","CS4063 BSE-7A","CS4063","Natural Language Processing","BSE-7A","Software Engineering"
"Thursday","slot-4","13:00","14:20","c-609","C-609","CS4063 BSE-7B","CS4063","Natural Language Processing","BSE-7B","Software Engineering"
"Thursday","slot-5","03:00","03:55","c-609","C-609","SS1019 BAI-1B","SS1019","Understanding Sirat-Un-Nabi (PBUH)","BAI-1B","Artificial Intelligence"
"Thursday","slot-1","08:30","09:50","d-301","D-301","MT1003 BAI-1C","MT1003","Calculus and Analytical Geometry","BAI-1C","Artificial Intelligence"
"Thursday","slot-2","10:00","11:20","d-301","D-301","CS1002 BAI-1C","CS1002","Programming Fundamentals","BAI-1C","Artificial Intelligence"
"Thursday","slot-3","11:30","12:50","d-301","D-301","CS1002 BAI-1A","CS1002","Programming Fundamentals","BAI-1A","Artificial Intelligence"
"Thursday","slot-4","01:00","02:45","d-301","D-301","SS1007 BAI-1C","SS1007","Islamic Studies/Ethics","BAI-1C","Artificial Intelligence"
"Thursday","slot-1","08:30","10:15","d-302","D-302","SS1012 BAI-1B","SS1012","Functional English","BAI-1B","Artificial Intelligence"
"Thursday","slot-3","11:30","12:50","d-302","D-302","CS2005 BCY-5B","CS2005","Database Systems","BCY-5B","Cyber Security"
"Thursday","slot-4","01:00","02:45","d-302","D-302","SS1012 BAI-1A","SS1012","Functional English","BAI-1A","Artificial Intelligence"
"Thursday","slot-2","10:00","11:20","d-303","D-303","DS2003 BDS-5A","DS2003","Advanced Statistics","BDS-5A","Data Science"
"Thursday","slot-3","11:30","12:50","d-303","D-303","DS2003 BDS-5B","DS2003","Advanced Statistics","BDS-5B","Data Science"
"Thursday","slot-5","02:30","04:15","d-303","D-303","SS1015 BAI-3A","SS1015","Pakistan Studies","BAI-3A","Artificial Intelligence"
"Thursday","slot-1","08:30","09:50","d-304","D-304","CS2001 BAI-3C","CS2001","Data Structures","BAI-3C","Artificial Intelligence"
"Thursday","slot-2","10:00","11:20","d-304","D-304","EE2003 BAI-3C","EE2003","Computer Organization and Assembly Language","BAI-3C","Artificial Intelligence"
"Thursday","slot-3","12:00","12:55","d-304","D-304","SS1022 BAI-3C","SS1022","Understanding of Holy Quran II/Ethics II","BAI-3C","Artificial Intelligence"
"Thursday","slot-4","13:00","14:20","d-304","D-304","AI2001 BAI-3C","AI2001","Programming for AI","BAI-3C","Artificial Intelligence"
"Thursday","slot-1","08:30","09:50","d-305","D-305","AI3001 BAI-5B","AI3001","Knowledge Representation and Reasoning","BAI-5B","Artificial Intelligence"
"Thursday","slot-2","10:00","11:20","d-305","D-305","AI3002 BAI-5B","AI3002","Machine Learning","BAI-5B","Artificial Intelligence"
"Thursday","slot-3","11:30","12:50","d-305","D-305","CS3001 BAI-5B","CS3001","Computer Networks","BAI-5B","Artificial Intelligence"
"Thursday","slot-2","10:00","11:20","d-306","D-306","AI3001 BAI-5C","AI3001","Knowledge Representation and Reasoning","BAI-5C","Artificial Intelligence"
"Thursday","slot-3","11:30","12:50","d-306","D-306","AI3002 BAI-5C","AI3002","Machine Learning","BAI-5C","Artificial Intelligence"
"Thursday","slot-4","13:00","14:20","d-306","D-306","CS1002 BDS-1C","CS1002","Programming Fundamentals","BDS-1C","Data Science"
"Thursday","slot-5","14:30","15:50","d-306","D-306","CS3001 BAI-5C","CS3001","Computer Networks","BAI-5C","Artificial Intelligence"
"Thursday","slot-6","15:55","17:15","d-306","D-306","EE2003 BAI-5A","EE2003","Computer Organization and Assembly Language","BAI-5A","Artificial Intelligence"
"Thursday","slot-1","08:30","09:50","d-311","D-311","SS2012 BAI-5A","SS2012","Technical and Business Writing","BAI-5A","Artificial Intelligence"
"Thursday","slot-2","10:00","11:20","d-311","D-311","AI3002 BAI-5A","AI3002","Machine Learning","BAI-5A","Artificial Intelligence"
"Thursday","slot-3","11:30","12:50","d-311","D-311","MT1004 BAI-3B","MT1004","Linear Algebra","BAI-3B","Artificial Intelligence"
"Thursday","slot-4","13:00","14:20","d-311","D-311","MT1004 BAI-3A","MT1004","Linear Algebra","BAI-3A","Artificial Intelligence"
"Thursday","slot-1","08:30","09:50","d-312","D-312","MT1003 BDS-1A","MT1003","Calculus and Analytical Geometry","BDS-1A","Data Science"
"Thursday","slot-2","10:00","11:20","d-312","D-312","CS1002 BDS-1A","CS1002","Programming Fundamentals","BDS-1A","Data Science"
"Thursday","slot-3","11:30","12:50","d-312","D-312","DS2001 BDS-3B","DS2001","Introduction to Data Science","BDS-3B","Data Science"
"Thursday","slot-4","01:00","02:45","d-312","D-312","SS1007 BDS-1A","SS1007","Islamic Studies/Ethics","BDS-1A","Data Science"
"Thursday","slot-1","08:30","09:50","d-313","D-313","AI4015 BDS-7A","AI4015","Agentic Artificial Intelligence","BDS-7A","Artificial Intelligence"
"Thursday","slot-2","10:00","11:20","d-313","D-313","MT1003 BDS-1B","MT1003","Calculus and Analytical Geometry","BDS-1B","Data Science"
"Thursday","slot-3","11:30","12:50","d-313","D-313","CS1002 BDS-1B","CS1002","Programming Fundamentals","BDS-1B","Data Science"
"Thursday","slot-4","02:00","03:45","d-313","D-313","SS1013 BDS-1B","SS1013","Ideology and Constitution of Pakistan","BDS-1B","Data Science"
"Thursday","slot-1","08:30","09:50","d-314","D-314","EE2003 BDS-3A","EE2003","Computer Organization and Assembly Language","BDS-3A","Data Science"
"Thursday","slot-2","10:00","11:20","d-314","D-314","DS2001 BDS-3A","DS2001","Introduction to Data Science","BDS-3A","Data Science"
"Thursday","slot-3","11:30","12:50","d-314","D-314","MG3040 BAI-7C","MG3040","Methods in Business Research","BAI-7C","Artificial Intelligence"
"Thursday","slot-4","13:00","14:20","d-314","D-314","CS2001 BDS-3A","CS2001","Data Structures","BDS-3A","Data Science"
"Thursday","slot-5","03:00","03:55","d-314","D-314","SS1019 BDS-3A","SS1019","Understanding Sirat-Un-Nabi (PBUH)","BDS-3A","Data Science"
"Thursday","slot-1","08:30","09:50","d-315","D-315","DS3004 BDS-5A","DS3004","Data Warehousing and Business Intellligence","BDS-5A","Data Science"
"Thursday","slot-2","10:00","11:20","d-315","D-315","DS3004 BDS-5B","DS3004","Data Warehousing and Business Intellligence","BDS-5B","Data Science"
"Thursday","slot-4","13:00","14:20","d-315","D-315","EE2003 BDS-3B","EE2003","Computer Organization and Assembly Language","BDS-3B","Data Science"
"Thursday","slot-1","08:30","09:50","d-316","D-316","AI4012 BDS-7C","AI4012","Multiagent Systems and Game Theory","BDS-7C","Artificial Intelligence"
"Thursday","slot-2","10:00","11:20","d-316","D-316","AI4012 BDS-7A","AI4012","Multiagent Systems and Game Theory","BDS-7A","Artificial Intelligence"
"Thursday","slot-3","11:30","12:50","d-316","D-316","AI4012 BDS-7B","AI4012","Multiagent Systems and Game Theory","BDS-7B","Artificial Intelligence"
"Thursday","slot-4","13:00","14:20","d-316","D-316","CS3001 BDS-7A","CS3001","Computer Networks","BDS-7A","Data Science"
"Thursday","slot-5","14:30","15:50","d-316","D-316","DS3001 BDS-5B","DS3001","Data Analysis and Visualization","BDS-5B","Data Science"
"Thursday","slot-2","10:00","11:20","d-401","D-401","CS3001 BDS-7B","CS3001","Computer Networks","BDS-7B","Data Science"
"Thursday","slot-3","11:30","12:50","d-401","D-401","DS3001 BDS-5A","DS3001","Data Analysis and Visualization","BDS-5A","Data Science"
"Thursday","slot-5","14:30","15:50","d-401","D-401","MG3040 BDS-7C","MG3040","Methods in Business Research","BDS-7C","Data Science"
"Thursday","slot-1","08:30","10:15","d-402","D-402","SS1015 BAI-3B","SS1015","Pakistan Studies","BAI-3B","Artificial Intelligence"
"Thursday","slot-1","08:30","10:15","d-403","D-403","SS1013 BDS-1C","SS1013","Ideology and Constitution of Pakistan","BDS-1C","Data Science"
"Thursday","slot-2","10:30","11:25","d-403","D-403","SS1019 BDS-1C","SS1019","Understanding Sirat-Un-Nabi (PBUH)","BDS-1C","Data Science"
"Thursday","slot-4","13:00","14:20","d-403","D-403","MT2002 BCS-9A","MT2002","Statistical Modelling","BCS-9A","Sciences & Humanities"
"Thursday","slot-1","08:30","09:50","d-404","D-404","CS4001 BCS-7A","CS4001","Professional Practices in IT","BCS-7A","Computer Science"
"Thursday","slot-2","10:00","11:20","d-404","D-404","CS3002 BCS-7A","CS3002","Information Security","BCS-7A","Computer Science"
"Thursday","slot-3","11:30","12:50","d-404","D-404","CS4085 BCS-7A","CS4085","MLOps","BCS-7A","Computer Science"
"Thursday","slot-4","13:00","14:20","d-404","D-404","MG4069 BCS-9A","MG4069","Digital Sustainability","BCS-9A","Sciences & Humanities"
"Thursday","slot-6","15:55","17:15","d-404","D-404","MG4069 BCS-9B","MG4069","Digital Sustainability","BCS-9B","Sciences & Humanities"
"Thursday","slot-1","08:30","09:50","d-405","D-405","CS3002 BCS-7B","CS3002","Information Security","BCS-7B","Computer Science"
"Thursday","slot-2","10:00","11:20","d-405","D-405","CS4001 BCS-7B","CS4001","Professional Practices in IT","BCS-7B","Computer Science"
"Thursday","slot-3","11:30","12:50","d-405","D-405","AI4009 BCS-7A","AI4009","Generative AI","BCS-7A","Artificial Intelligence"
"Thursday","slot-4","13:00","14:20","d-405","D-405","AI4009 BCS-7B","AI4009","Generative AI","BCS-7B","Artificial Intelligence"
"Thursday","slot-1","08:30","09:50","d-406","D-406","CS4001 BCS-7C","CS4001","Professional Practices in IT","BCS-7C","Computer Science"
"Thursday","slot-2","10:00","11:20","d-406","D-406","CS3002 BCS-7C","CS3002","Information Security","BCS-7C","Computer Science"
"Thursday","slot-3","11:30","12:50","d-406","D-406","AI4015 BCS-7","AI4015","Agentic Artificial Intelligence","BCS-7","Artificial Intelligence"
"Thursday","slot-4","13:00","14:20","d-406","D-406","AI4015 BCS-7","AI4015","Agentic Artificial Intelligence","BCS-7","Artificial Intelligence"
"Thursday","slot-1","08:30","09:50","d-411","D-411","CS3002 BCS-7D","CS3002","Information Security","BCS-7D","Computer Science"
"Thursday","slot-2","10:00","11:20","d-411","D-411","CS4001 BCS-7D","CS4001","Professional Practices in IT","BCS-7D","Computer Science"
"Thursday","slot-3","11:30","12:50","d-411","D-411","CS4001 BCS-7H","CS4001","Professional Practices in IT","BCS-7H","Computer Science"
"Thursday","slot-4","13:00","14:20","d-411","D-411","CS3006 BCS-7D","CS3006","Parallel and Distributed Computing","BCS-7D","Computer Science"
"Thursday","slot-5","14:30","15:50","d-411","D-411","CS3006 BCS-7A","CS3006","Parallel and Distributed Computing","BCS-7A","Computer Science"
"Thursday","slot-1","08:30","09:50","d-412","D-412","CS3014 BCS-7E","CS3014","Applied Human Computer Interaction","BCS-7E","Computer Science"
"Thursday","slot-2","10:00","11:20","d-412","D-412","CS4085 BCS-7B","CS4085","MLOps","BCS-7B","Computer Science"
"Thursday","slot-4","13:00","14:20","d-412","D-412","CS3014 BCS-7F","CS3014","Applied Human Computer Interaction","BCS-7F","Computer Science"
"Thursday","slot-2","10:00","11:20","d-413","D-413","CS3014 BCS-7G","CS3014","Applied Human Computer Interaction","BCS-7G","Computer Science"
"Thursday","slot-1","08:30","09:50","d-414","D-414","CS1002 BCY-1A","CS1002","Programming Fundamentals","BCY-1A","Cyber Security"
"Thursday","slot-2","10:00","11:20","d-414","D-414","MT1003 BCY-1A","MT1003","Calculus and Analytical Geometry","BCY-1A","Cyber Security"
"Thursday","slot-4","01:00","02:45","d-414","D-414","ARTSH CY-A","ARTSH","Arts & Humanities","CY-A","Computer Science"
"Thursday","slot-2","10:00","11:20","d-415","D-415","CS1002 BCY-1B","CS1002","Programming Fundamentals","BCY-1B","Cyber Security"
"Thursday","slot-3","11:30","12:50","d-415","D-415","MT1003 BCY-1B","MT1003","Calculus and Analytical Geometry","BCY-1B","Cyber Security"
"Thursday","slot-4","02:00","03:45","d-415","D-415","SS1012 BCY-1B","SS1012","Functional English","BCY-1B","Cyber Security"
"Thursday","slot-1","08:30","10:15","d-416","D-416","ARTSH CY-D","ARTSH","Arts & Humanities","CY-D","Computer Science"
"Thursday","slot-3","11:30","12:50","d-416","D-416","CS1002 BCY-1D","CS1002","Programming Fundamentals","BCY-1D","Cyber Security"
"Thursday","slot-4","13:00","14:20","d-416","D-416","MT1004 BCY-3B","MT1004","Linear Algebra","BCY-3B","Cyber Security"
"Thursday","slot-5","14:30","15:50","d-416","D-416","MT1004 BCY-3A","MT1004","Linear Algebra","BCY-3A","Cyber Security"
"Thursday","slot-1","09:30","10:25","d-501","D-501","SS1022 BCY-3A","SS1022","Understanding of Holy Quran II/Ethics II","BCY-3A","Cyber Security"
"Thursday","slot-2","10:30","11:25","d-501","D-501","SS1022 BCY-3B","SS1022","Understanding of Holy Quran II/Ethics II","BCY-3B","Cyber Security"
"Thursday","slot-3","11:30","12:50","d-501","D-501","NS1001 BCY-1C","NS1001","Applied Physics","BCY-1C","Cyber Security"
"Thursday","slot-4","02:00","03:45","d-501","D-501","SS1013 BCY-1D","SS1013","Ideology and Constitution of Pakistan","BCY-1D","Cyber Security"
"Thursday","slot-1","08:30","09:50","d-502","D-502","CS2001 BCY-3C","CS2001","Data Structures","BCY-3C","Cyber Security"
"Thursday","slot-2","10:00","11:20","d-502","D-502","CY2004 BCY-3C","CY2004","Cyber Security","BCY-3C","Cyber Security"
"Thursday","slot-4","13:00","14:20","d-502","D-502","EE2003 BCY-3C","EE2003","Computer Organization and Assembly Language","BCY-3C","Cyber Security"
"Thursday","slot-1","08:30","09:50","d-503","D-503","CS3002 BCY-5A","CS3002","Information Security","BCY-5A","Cyber Security"
"Thursday","slot-2","10:00","11:20","d-503","D-503","CS2001 BDS-3B","CS2001","Data Structures","BDS-3B","Data Science"
"Thursday","slot-3","11:30","12:50","d-503","D-503","CS2005 BCY-5A","CS2005","Database Systems","BCY-5A","Cyber Security"
"Thursday","slot-4","13:00","14:20","d-503","D-503","CS2005 BCY-5C","CS2005","Database Systems","BCY-5C","Cyber Security"
"Thursday","slot-5","14:30","15:50","d-503","D-503","AI2002 BCY-5A","AI2002","Artificial Intelligence","BCY-5A","Artificial Intelligence"
"Thursday","slot-2","10:00","11:20","d-504","D-504","CS3002 BCY-5B","CS3002","Information Security","BCY-5B","Cyber Security"
"Thursday","slot-4","13:00","14:20","d-504","D-504","CS2006 BCY-5B","CS2006","Operating Systems","BCY-5B","Cyber Security"
"Thursday","slot-6","15:55","17:15","d-504","D-504","AI2002 BCY-5B","AI2002","Artificial Intelligence","BCY-5B","Artificial Intelligence"
"Thursday","slot-2","10:00","11:20","d-505","D-505","CY3003 BCY-7A","CY3003","Information Assurance","BCY-7A","Cyber Security"
"Thursday","slot-3","11:30","12:50","d-505","D-505","CS4001 BCY-7A","CS4001","Professional Practices in IT","BCY-7A","Cyber Security"
"Thursday","slot-6","15:55","17:15","d-505","D-505","CY3002 BCY-9A","CY3002","Vulnerability Assessment and Reverse Engg","BCY-9A","Cyber Security"
"Thursday","slot-2","10:00","11:20","d-506","D-506","CS4001 BCY-7B","CS4001","Professional Practices in IT","BCY-7B","Cyber Security"
"Thursday","slot-3","11:30","12:50","d-506","D-506","CY3003 BCY-7B","CY3003","Information Assurance","BCY-7B","Cyber Security"
"Thursday","slot-1","08:30","09:50","c-110","C-110","EESEMIN A","EESEMIN","EE Seminar","A","Electrical Engineering"
"Thursday","slot-2","10:00","11:20","c-110","C-110","EESEMIN A","EESEMIN","EE Seminar","A","Electrical Engineering"
"Thursday","slot-3","11:30","12:50","c-110","C-110","CS3012 BCS-7A","CS3012","Fundamentals of Data Visualization","BCS-7A","Computer Science"
"Thursday","lab-1","08:30","11:15","it-lab-1-d-210","IT Lab 1 (D-210)","CL1002 BSE-1B","CL1002","Programming Fundamentals - Lab","BSE-1B","Software Engineering"
"Thursday","lab-2","11:30","14:15","it-lab-1-d-210","IT Lab 1 (D-210)","CL1002 BCS-1D","CL1002","Programming Fundamentals - Lab","BCS-1D","Computer Science"
"Thursday","lab-3","14:30","17:15","it-lab-1-d-210","IT Lab 1 (D-210)","CL1002 BCS-1C","CL1002","Programming Fundamentals - Lab","BCS-1C","Computer Science"
"Thursday","lab-1","08:30","11:15","it-lab-2-d-211","IT Lab 2 (D-211)","CL1000 BCS-1A","CL1000","Introduction to Information and Communication Technology","BCS-1A","Computer Science"
"Thursday","lab-2","11:30","14:15","it-lab-2-d-211","IT Lab 2 (D-211)","CL1000 BCS-1B","CL1000","Introduction to Information and Communication Technology","BCS-1B","Computer Science"
"Thursday","lab-3","14:30","17:15","it-lab-2-d-211","IT Lab 2 (D-211)","CL2001 BCS-3E","CL2001","Data Structures - Lab","BCS-3E","Computer Science"
"Thursday","lab-1","08:30","11:15","it-lab-3-d-213","IT Lab 3 (D-213)","CL1000 BCY-1C","CL1000","Introduction to Information and Communication Technology","BCY-1C","Cyber Security"
"Thursday","lab-2","11:30","14:15","it-lab-3-d-213","IT Lab 3 (D-213)","CL1000 BAI-1B","CL1000","Introduction to Information and Communication Technology","BAI-1B","Artificial Intelligence"
"Thursday","lab-3","14:30","17:15","it-lab-3-d-213","IT Lab 3 (D-213)","CL2001 BAI-3B","CL2001","Data Structures - Lab","BAI-3B","Artificial Intelligence"
"Thursday","lab-1","08:30","11:15","it-lab-4-gpu-d-203","IT Lab 4-GPU (D-203)","PROJECT A","PROJECT","Project (AI/DS)","A","Computer Science"
"Thursday","lab-2","11:30","14:15","it-lab-4-gpu-d-203","IT Lab 4-GPU (D-203)","PROJECT A","PROJECT","Project (AI/DS)","A","Computer Science"
"Thursday","lab-3","14:30","17:15","it-lab-4-gpu-d-203","IT Lab 4-GPU (D-203)","PROJECT A","PROJECT","Project (AI/DS)","A","Computer Science"
"Thursday","lab-2","11:30","14:15","margala-1-c-209","Margala 1 (C-209)","CL2001 BCS-3C","CL2001","Data Structures - Lab","BCS-3C","Computer Science"
"Thursday","lab-3","14:30","17:15","margala-1-c-209","Margala 1 (C-209)","CL1004 BCS-3B","CL1004","Object Oriented Programming - Lab","BCS-3B","Computer Science"
"Thursday","lab-1","08:30","11:15","margala-3-c-211","Margala 3 (C-211)","CL2001 BCS-3A","CL2001","Data Structures - Lab","BCS-3A","Computer Science"
"Thursday","lab-2","11:30","14:15","margala-3-c-211","Margala 3 (C-211)","AL2002 BSE-5A","AL2002","Artificial Intelligence - Lab","BSE-5A","Artificial Intelligence"
"Thursday","lab-3","14:30","17:15","margala-3-c-211","Margala 3 (C-211)","CL2001 BCY-3B","CL2001","Data Structures - Lab","BCY-3B","Cyber Security"
"Thursday","lab-1","08:30","11:15","margala-4-c-212","Margala 4 (C-212","CL2001 BAI-3A","CL2001","Data Structures - Lab","BAI-3A","Artificial Intelligence"
"Thursday","lab-2","11:30","14:15","margala-4-c-212","Margala 4 (C-212","EL2003 BSE-3A","EL2003","Computer Organization and Assembly Language - Lab","BSE-3A","Software Engineering"
"Thursday","lab-3","14:30","17:15","margala-4-c-212","Margala 4 (C-212","CL2001 BSE-3B","CL2001","Data Structures - Lab","BSE-3B","Software Engineering"
"Thursday","lab-1","08:30","11:15","rawal-1-c-509","Rawal 1 (C-509)","AL2002 BCY-5C","AL2002","Artificial Intelligence - Lab","BCY-5C","Artificial Intelligence"
"Thursday","lab-2","11:30","14:15","rawal-1-c-509","Rawal 1 (C-509)","CL3001 BAI-5A","CL3001","Computer Networks - Lab","BAI-5A","Artificial Intelligence"
"Thursday","lab-3","14:30","17:15","rawal-1-c-509","Rawal 1 (C-509)","CL1004 BSE-3A","CL1004","Object Oriented Programming - Lab","BSE-3A","Software Engineering"
"Thursday","lab-1","08:30","11:15","c-rawal-4-c-512","C-Rawal 4 (C-512)","CL3001 BCS-5C","CL3001","Computer Networks - Lab","BCS-5C","Computer Science"
"Thursday","lab-2","11:30","14:15","c-rawal-4-c-512","C-Rawal 4 (C-512)","CL3001 BCS-5B","CL3001","Computer Networks - Lab","BCS-5B","Computer Science"
"Thursday","lab-3","14:30","17:15","c-rawal-4-c-512","C-Rawal 4 (C-512)","CL2006 BCY-5C","CL2006","Operating Systems - Lab","BCY-5C","Cyber Security"
"Thursday","lab-1","08:30","11:15","cyber-d-514","Cyber (D-514)","PROJECT A","PROJECT","Project (CY)","A","Computer Science"
"Thursday","lab-2","11:30","14:15","cyber-d-514","Cyber (D-514)","EL2003 BCY-3A","EL2003","Computer Organization and Assembly Language - Lab","BCY-3A","Cyber Security"
"Thursday","lab-3","14:30","17:15","cyber-d-514","Cyber (D-514)","CY4048 BCY-9A","CY4048","Security Operations and Administration","BCY-9A","Cyber Security"
"Thursday","lab-1","08:30","11:15","call-1-a-213","CALL-1 (A-213)","SL1012 BCS-1B1","SL1012","Functional English - Lab","BCS-1B1","Software Engineering"
"Thursday","lab-3","14:30","17:15","call-1-a-213","CALL-1 (A-213)","SL1012 BSE-1A1","SL1012","Functional English - Lab","BSE-1A1","Software Engineering"
"Thursday","lab-1","08:30","11:15","call-2-a-214","CALL-2 (A-214)","SL1012 BCS-1B2","SL1012","Functional English - Lab","BCS-1B2","Software Engineering"
"Thursday","lab-3","14:30","17:15","call-2-a-214","CALL-2 (A-214)","SL1012 BCY-1C2","SL1012","Functional English - Lab","BCY-1C2","Software Engineering"
"Thursday","lab-1","08:30","11:15","call-3-a-308","CALL-3 (A-308)","SL1012 BAI-1A1","SL1012","Functional English - Lab","BAI-1A1","Artificial Intelligence"
"Thursday","lab-3","14:30","17:15","call-3-a-308","CALL-3 (A-308)","SL1012 BCY-1C1","SL1012","Functional English - Lab","BCY-1C1","Software Engineering"
"Thursday","lab-1","08:30","11:15","mehran-2-a-306","Mehran-2 (A-306)","SL1012 BAI-1A2","SL1012","Functional English - Lab","BAI-1A2","Artificial Intelligence"
"Thursday","lab-3","14:30","17:15","mehran-2-a-306","Mehran-2 (A-306)","SL1012 BSE-1A2","SL1012","Functional English - Lab","BSE-1A2","Software Engineering"
"Thursday","lab-1","08:30","11:15","b-digital","B-Digital","EL1005 BCS-3B","EL1005","Digital Logic Design - Lab","BCS-3B","Electrical Engineering"
"Thursday","lab-3","14:30","17:15","b-digital","B-Digital","EL1005 BCS-3D","EL1005","Digital Logic Design - Lab","BCS-3D","Electrical Engineering"
"Thursday","lab-4","17:20","20:05","b-digital","B-Digital"," A","",".","A","Computer Science"
"Friday","slot-1","08:30","09:50","c-301","C-301","MT1003 BSE-1E","MT1003","Calculus and Analytical Geometry","BSE-1E","Software Engineering"
"Friday","slot-2","10:00","11:20","c-301","C-301","NS1001 BCY-1D","NS1001","Applied Physics","BCY-1D","Cyber Security"
"Friday","slot-3","11:30","12:50","c-301","C-301","MT1003 BCY-1D","MT1003","Calculus and Analytical Geometry","BCY-1D","Cyber Security"
"Friday","slot-4","13:00","14:20","c-301","C-301","BREAK ALL","BREAK","Friday Prayer & Lunch Break","ALL","Computer Science"
"Friday","slot-5","02:00","03:45","c-301","C-301","SS1013 BCY-1C","SS1013","Ideology and Constitution of Pakistan","BCY-1C","Cyber Security"
"Friday","slot-7","17:20","18:40","d-301","D-301","CS5001 MCS-1A","CS5001","Research Methodology","MCS-1A","Computer Science"
"Friday","slot-1","08:30","09:50","c-302","C-302","NS1001 BCY-1B","NS1001","Applied Physics","BCY-1B","Cyber Security"
"Friday","slot-3","11:30","12:50","c-302","C-302","NS1001 BCY-1A","NS1001","Applied Physics","BCY-1A","Cyber Security"
"Friday","slot-5","14:30","15:50","c-302","C-302","NS1001 BSE-1E","NS1001","Applied Physics","BSE-1E","Software Engineering"
"Friday","slot-1","08:30","09:50","c-303","C-303","CS1002 BCY-1C","CS1002","Programming Fundamentals","BCY-1C","Cyber Security"
"Friday","slot-2","10:00","11:20","c-303","C-303","MT1003 BCY-1C","MT1003","Calculus and Analytical Geometry","BCY-1C","Cyber Security"
"Friday","slot-3","11:30","12:50","c-303","C-303","CS4032 BCY-5B","CS4032","Web Programming","BCY-5B","Cyber Security"
"Friday","slot-5","02:00","04:45","c-303","C-303","CS6016 PCS-1A","CS6016","Research Topics in Cloud Computing","PCS-1A","Computer Science"
"Friday","slot-7","17:20","18:40","d-303","D-303","CS5001 MCY-1A","CS5001","Research Methodology","MCY-1A","Cyber Security"
"Friday","slot-1","08:30","09:50","c-304","C-304","MT1003 BDS-1C","MT1003","Calculus and Analytical Geometry","BDS-1C","Data Science"
"Friday","slot-2","10:00","11:45","c-304","C-304","SS1007 BDS-1C","SS1007","Islamic Studies/Ethics","BDS-1C","Data Science"
"Friday","slot-5","02:00","04:45","c-304","C-304","CS6055 PCS-1A","CS6055","Research Topics in Generative AI","PCS-1A","Computer Science"
"Friday","slot-7","05:20","07:10","d-304","D-304","UHQI fall-2025","UHQI","UHQ-I & II (MS-CY, MS CS and MS SE)  Sp-2026 &","fall-2025","Computer Science"
"Friday","slot-1","08:30","09:50","c-305","C-305","CS1004 BAI-3A","CS1004","Object Oriented Programming","BAI-3A","Artificial Intelligence"
"Friday","slot-1","08:30","09:50","c-307","C-307","CS4032 BCY-5A","CS4032","Web Programming","BCY-5A","Cyber Security"
"Friday","slot-5","14:30","15:50","c-307","C-307","CS4002 MCS-1A","CS4002","Applied Programming","MCS-1A","Computer Science"
"Friday","slot-5","14:30","15:50","c-307","C-307","CS4002 MCY-1A","CS4002","Applied Programming","MCY-1A","Cyber Security"
"Friday","slot-5","14:30","15:50","c-307","C-307","CS4002 MSE-1A","CS4002","Applied Programming","MSE-1A","Software Engineering"
"Friday","slot-1","09:00","12:00","c-308","C-308","CS6060 PCS-1A","CS6060","Software Process Mining and Intelligence","PCS-1A","Computer Science"
"Friday","slot-2","10:00","11:20","c-309","C-309","CS1002 BAI-1B","CS1002","Programming Fundamentals","BAI-1B","Artificial Intelligence"
"Friday","slot-3","11:30","12:50","c-309","C-309","MT1003 BAI-1B","MT1003","Calculus and Analytical Geometry","BAI-1B","Artificial Intelligence"
"Friday","slot-5","02:30","04:15","c-309","C-309","SS1007 BAI-1B","SS1007","Islamic Studies/Ethics","BAI-1B","Artificial Intelligence"
"Friday","slot-3","12:00","12:55","c-310","C-310","SS1018 BCY-5A","SS1018","Understanding Holy Quran","BCY-5A","Cyber Security"
"Friday","slot-1","09:00","12:00","c-311","C-311","CS6002 PCS-1A","CS6002","Advanced Readings","PCS-1A","Computer Science"
"Friday","slot-1","08:30","09:50","c-401","C-401","FYP ALL","FYP","Final Year Project / Thesis Evaluations","ALL","Computer Science"
"Friday","slot-2","10:00","11:20","c-401","C-401","FYP ALL","FYP","Final Year Project / Thesis Evaluations","ALL","Computer Science"
"Friday","slot-3","11:30","12:50","c-401","C-401","FYP ALL","FYP","Final Year Project / Thesis Evaluations","ALL","Computer Science"
"Friday","slot-5","14:30","15:50","c-401","C-401","FYP ALL","FYP","Final Year Project / Thesis Evaluations","ALL","Computer Science"
"Friday","slot-6","15:55","17:15","c-401","C-401","FYP ALL","FYP","Final Year Project / Thesis Evaluations","ALL","Computer Science"
"Friday","slot-1","08:30","09:50","c-402","C-402","FYP ALL","FYP","Final Year Project / Thesis Evaluations","ALL","Computer Science"
"Friday","slot-2","10:00","11:20","c-402","C-402","FYP ALL","FYP","Final Year Project / Thesis Evaluations","ALL","Computer Science"
"Friday","slot-3","11:30","12:50","c-402","C-402","PFCSA D-301","PFCSA","PF (CS-A) Tutorial","D-301","Computer Science"
"Friday","slot-5","14:30","15:50","c-402","C-402","FYP ALL","FYP","Final Year Project / Thesis Evaluations","ALL","Computer Science"
"Friday","slot-6","15:55","17:15","c-402","C-402","FYP ALL","FYP","Final Year Project / Thesis Evaluations","ALL","Computer Science"
"Friday","slot-1","08:30","09:50","c-403","C-403","FYP ALL","FYP","Final Year Project / Thesis Evaluations","ALL","Computer Science"
"Friday","slot-2","10:00","11:20","c-403","C-403","FYP ALL","FYP","Final Year Project / Thesis Evaluations","ALL","Computer Science"
"Friday","slot-3","11:30","12:50","c-403","C-403","PFCSB D-302","PFCSB","PF (CS-B) Tutorial","D-302","Computer Science"
"Friday","slot-5","14:30","15:50","c-403","C-403","FYP ALL","FYP","Final Year Project / Thesis Evaluations","ALL","Computer Science"
"Friday","slot-6","15:55","17:15","c-403","C-403","FYP ALL","FYP","Final Year Project / Thesis Evaluations","ALL","Computer Science"
"Friday","slot-1","08:30","09:50","c-404","C-404","FYP ALL","FYP","Final Year Project / Thesis Evaluations","ALL","Computer Science"
"Friday","slot-2","10:00","11:20","c-404","C-404","FYP ALL","FYP","Final Year Project / Thesis Evaluations","ALL","Computer Science"
"Friday","slot-3","11:30","12:50","c-404","C-404","PFCSC D-303","PFCSC","PF (CS-C) Tutorial","D-303","Computer Science"
"Friday","slot-5","14:30","15:50","c-404","C-404","FYP ALL","FYP","Final Year Project / Thesis Evaluations","ALL","Computer Science"
"Friday","slot-6","15:55","17:15","c-404","C-404","FYP ALL","FYP","Final Year Project / Thesis Evaluations","ALL","Computer Science"
"Friday","slot-1","08:30","09:50","c-405","C-405","FYP ALL","FYP","Final Year Project / Thesis Evaluations","ALL","Computer Science"
"Friday","slot-2","10:00","11:20","c-405","C-405","FYP ALL","FYP","Final Year Project / Thesis Evaluations","ALL","Computer Science"
"Friday","slot-3","11:30","12:50","c-405","C-405","PFCSD D-304","PFCSD","PF (CS-D) Tutorial","D-304","Computer Science"
"Friday","slot-5","14:30","15:50","c-405","C-405","FYP ALL","FYP","Final Year Project / Thesis Evaluations","ALL","Computer Science"
"Friday","slot-6","15:55","17:15","c-405","C-405","FYP ALL","FYP","Final Year Project / Thesis Evaluations","ALL","Computer Science"
"Friday","slot-1","08:30","09:50","c-406","C-406","FYP ALL","FYP","Final Year Project / Thesis Evaluations","ALL","Computer Science"
"Friday","slot-2","10:00","11:20","c-406","C-406","FYP ALL","FYP","Final Year Project / Thesis Evaluations","ALL","Computer Science"
"Friday","slot-3","11:30","12:50","c-406","C-406","PFCSE D-305","PFCSE","PF (CS-E) Tutorial","D-305","Computer Science"
"Friday","slot-5","14:30","15:50","c-406","C-406","FYP ALL","FYP","Final Year Project / Thesis Evaluations","ALL","Computer Science"
"Friday","slot-6","15:55","17:15","c-406","C-406","FYP ALL","FYP","Final Year Project / Thesis Evaluations","ALL","Computer Science"
"Friday","slot-1","08:30","09:50","c-407","C-407","FYP ALL","FYP","Final Year Project / Thesis Evaluations","ALL","Computer Science"
"Friday","slot-2","10:00","11:20","c-407","C-407","FYP ALL","FYP","Final Year Project / Thesis Evaluations","ALL","Computer Science"
"Friday","slot-3","11:30","12:50","c-407","C-407","PFCSF D-306","PFCSF","PF (CS-F) Tutorial","D-306","Computer Science"
"Friday","slot-5","14:30","15:50","c-407","C-407","FYP ALL","FYP","Final Year Project / Thesis Evaluations","ALL","Computer Science"
"Friday","slot-6","15:55","17:15","c-407","C-407","FYP ALL","FYP","Final Year Project / Thesis Evaluations","ALL","Computer Science"
"Friday","slot-1","08:30","09:50","c-408","C-408","FYP ALL","FYP","Final Year Project / Thesis Evaluations","ALL","Computer Science"
"Friday","slot-2","10:00","11:20","c-408","C-408","FYP ALL","FYP","Final Year Project / Thesis Evaluations","ALL","Computer Science"
"Friday","slot-3","11:30","12:50","c-408","C-408","PFCSG D-315","PFCSG","PF (CS-G) Tutorial","D-315","Computer Science"
"Friday","slot-5","14:30","15:50","c-408","C-408","FYP ALL","FYP","Final Year Project / Thesis Evaluations","ALL","Computer Science"
"Friday","slot-6","15:55","17:15","c-408","C-408","FYP ALL","FYP","Final Year Project / Thesis Evaluations","ALL","Computer Science"
"Friday","slot-1","08:30","09:50","c-409","C-409","FYP ALL","FYP","Final Year Project / Thesis Evaluations","ALL","Computer Science"
"Friday","slot-2","10:00","11:20","c-409","C-409","FYP ALL","FYP","Final Year Project / Thesis Evaluations","ALL","Computer Science"
"Friday","slot-3","11:30","12:50","c-409","C-409","PFCSH D-316","PFCSH","PF (CS-H) Tutorial","D-316","Computer Science"
"Friday","slot-5","14:30","15:50","c-409","C-409","FYP ALL","FYP","Final Year Project / Thesis Evaluations","ALL","Computer Science"
"Friday","slot-6","15:55","17:15","c-409","C-409","FYP ALL","FYP","Final Year Project / Thesis Evaluations","ALL","Computer Science"
"Friday","slot-1","08:30","09:50","d-401","D-401","FYP ALL","FYP","Final Year Project / Thesis Evaluations","ALL","Computer Science"
"Friday","slot-2","10:00","11:20","d-401","D-401","FYP ALL","FYP","Final Year Project / Thesis Evaluations","ALL","Computer Science"
"Friday","slot-3","11:30","12:50","d-401","D-401","FYP ALL","FYP","Final Year Project / Thesis Evaluations","ALL","Computer Science"
"Friday","slot-5","14:30","15:50","d-401","D-401","FYP ALL","FYP","Final Year Project / Thesis Evaluations","ALL","Computer Science"
"Friday","slot-6","15:55","17:15","d-401","D-401","FYP ALL","FYP","Final Year Project / Thesis Evaluations","ALL","Computer Science"
"Friday","slot-1","08:30","09:50","d-402","D-402","FYP ALL","FYP","Final Year Project / Thesis Evaluations","ALL","Computer Science"
"Friday","slot-2","10:00","11:20","d-402","D-402","FYP ALL","FYP","Final Year Project / Thesis Evaluations","ALL","Computer Science"
"Friday","slot-3","11:30","12:50","d-402","D-402","FYP ALL","FYP","Final Year Project / Thesis Evaluations","ALL","Computer Science"
"Friday","slot-5","14:30","15:50","d-402","D-402","FYP ALL","FYP","Final Year Project / Thesis Evaluations","ALL","Computer Science"
"Friday","slot-6","15:55","17:15","d-402","D-402","FYP ALL","FYP","Final Year Project / Thesis Evaluations","ALL","Computer Science"
"Friday","slot-1","08:30","09:50","d-403","D-403","FYP ALL","FYP","Final Year Project / Thesis Evaluations","ALL","Computer Science"
"Friday","slot-2","10:00","11:20","d-403","D-403","FYP ALL","FYP","Final Year Project / Thesis Evaluations","ALL","Computer Science"
"Friday","slot-3","11:30","12:50","d-403","D-403","FYP ALL","FYP","Final Year Project / Thesis Evaluations","ALL","Computer Science"
"Friday","slot-5","14:30","15:50","d-403","D-403","FYP ALL","FYP","Final Year Project / Thesis Evaluations","ALL","Computer Science"
"Friday","slot-6","15:55","17:15","d-403","D-403","FYP ALL","FYP","Final Year Project / Thesis Evaluations","ALL","Computer Science"
"Friday","slot-1","08:30","09:50","d-404","D-404","FYP ALL","FYP","Final Year Project / Thesis Evaluations","ALL","Computer Science"
"Friday","slot-2","10:00","11:20","d-404","D-404","FYP ALL","FYP","Final Year Project / Thesis Evaluations","ALL","Computer Science"
"Friday","slot-3","11:30","12:50","d-404","D-404","FYP ALL","FYP","Final Year Project / Thesis Evaluations","ALL","Computer Science"
"Friday","slot-5","14:30","15:50","d-404","D-404","FYP ALL","FYP","Final Year Project / Thesis Evaluations","ALL","Computer Science"
"Friday","slot-6","15:55","17:15","d-404","D-404","FYP ALL","FYP","Final Year Project / Thesis Evaluations","ALL","Computer Science"
"Friday","slot-1","08:30","09:50","d-405","D-405","FYP ALL","FYP","Final Year Project / Thesis Evaluations","ALL","Computer Science"
"Friday","slot-2","10:00","11:20","d-405","D-405","FYP ALL","FYP","Final Year Project / Thesis Evaluations","ALL","Computer Science"
"Friday","slot-3","11:30","12:50","d-405","D-405","FYP ALL","FYP","Final Year Project / Thesis Evaluations","ALL","Computer Science"
"Friday","slot-5","14:30","15:50","d-405","D-405","FYP ALL","FYP","Final Year Project / Thesis Evaluations","ALL","Computer Science"
"Friday","slot-6","15:55","17:15","d-405","D-405","FYP ALL","FYP","Final Year Project / Thesis Evaluations","ALL","Computer Science"
"Friday","slot-1","08:30","09:50","d-406","D-406","FYP ALL","FYP","Final Year Project / Thesis Evaluations","ALL","Computer Science"
"Friday","slot-2","10:00","11:20","d-406","D-406","FYP ALL","FYP","Final Year Project / Thesis Evaluations","ALL","Computer Science"
"Friday","slot-3","11:30","12:50","d-406","D-406","FYP ALL","FYP","Final Year Project / Thesis Evaluations","ALL","Computer Science"
"Friday","slot-5","14:30","15:50","d-406","D-406","FYP ALL","FYP","Final Year Project / Thesis Evaluations","ALL","Computer Science"
"Friday","slot-6","15:55","17:15","d-406","D-406","FYP ALL","FYP","Final Year Project / Thesis Evaluations","ALL","Computer Science"
"Friday","slot-1","08:30","09:50","d-411","D-411","FYP ALL","FYP","Final Year Project / Thesis Evaluations","ALL","Computer Science"
"Friday","slot-2","10:00","11:20","d-411","D-411","FYP ALL","FYP","Final Year Project / Thesis Evaluations","ALL","Computer Science"
"Friday","slot-3","11:30","12:50","d-411","D-411","FYP ALL","FYP","Final Year Project / Thesis Evaluations","ALL","Computer Science"
"Friday","slot-5","14:30","15:50","d-411","D-411","FYP ALL","FYP","Final Year Project / Thesis Evaluations","ALL","Computer Science"
"Friday","slot-6","15:55","17:15","d-411","D-411","FYP ALL","FYP","Final Year Project / Thesis Evaluations","ALL","Computer Science"
"Friday","slot-1","08:30","09:50","d-412","D-412","FYP ALL","FYP","Final Year Project / Thesis Evaluations","ALL","Computer Science"
"Friday","slot-2","10:00","11:20","d-412","D-412","FYP ALL","FYP","Final Year Project / Thesis Evaluations","ALL","Computer Science"
"Friday","slot-3","11:30","12:50","d-412","D-412","FYP ALL","FYP","Final Year Project / Thesis Evaluations","ALL","Computer Science"
"Friday","slot-5","14:30","15:50","d-412","D-412","FYP ALL","FYP","Final Year Project / Thesis Evaluations","ALL","Computer Science"
"Friday","slot-6","15:55","17:15","d-412","D-412","FYP ALL","FYP","Final Year Project / Thesis Evaluations","ALL","Computer Science"
"Friday","slot-1","08:30","09:50","d-413","D-413","FYP ALL","FYP","Final Year Project / Thesis Evaluations","ALL","Computer Science"
"Friday","slot-2","10:00","11:20","d-413","D-413","FYP ALL","FYP","Final Year Project / Thesis Evaluations","ALL","Computer Science"
"Friday","slot-3","11:30","12:50","d-413","D-413","FYP ALL","FYP","Final Year Project / Thesis Evaluations","ALL","Computer Science"
"Friday","slot-5","14:30","15:50","d-413","D-413","FYP ALL","FYP","Final Year Project / Thesis Evaluations","ALL","Computer Science"
"Friday","slot-6","15:55","17:15","d-413","D-413","FYP ALL","FYP","Final Year Project / Thesis Evaluations","ALL","Computer Science"
"Friday","slot-1","08:30","09:50","d-414","D-414","FYP ALL","FYP","Final Year Project / Thesis Evaluations","ALL","Computer Science"
"Friday","slot-2","10:00","11:20","d-414","D-414","FYP ALL","FYP","Final Year Project / Thesis Evaluations","ALL","Computer Science"
"Friday","slot-3","11:30","12:50","d-414","D-414","FYP ALL","FYP","Final Year Project / Thesis Evaluations","ALL","Computer Science"
"Friday","slot-5","14:30","15:50","d-414","D-414","FYP ALL","FYP","Final Year Project / Thesis Evaluations","ALL","Computer Science"
"Friday","slot-6","15:55","17:15","d-414","D-414","FYP ALL","FYP","Final Year Project / Thesis Evaluations","ALL","Computer Science"
"Friday","slot-1","08:30","09:50","d-415","D-415","FYP ALL","FYP","Final Year Project / Thesis Evaluations","ALL","Computer Science"
"Friday","slot-2","10:00","11:20","d-415","D-415","FYP ALL","FYP","Final Year Project / Thesis Evaluations","ALL","Computer Science"
"Friday","slot-3","11:30","12:50","d-415","D-415","FYP ALL","FYP","Final Year Project / Thesis Evaluations","ALL","Computer Science"
"Friday","slot-5","14:30","15:50","d-415","D-415","FYP ALL","FYP","Final Year Project / Thesis Evaluations","ALL","Computer Science"
"Friday","slot-6","15:55","17:15","d-415","D-415","FYP ALL","FYP","Final Year Project / Thesis Evaluations","ALL","Computer Science"
"Friday","slot-1","08:30","09:50","d-416","D-416","FYP ALL","FYP","Final Year Project / Thesis Evaluations","ALL","Computer Science"
"Friday","slot-2","10:00","11:20","d-416","D-416","FYP ALL","FYP","Final Year Project / Thesis Evaluations","ALL","Computer Science"
"Friday","slot-3","11:30","12:50","d-416","D-416","FYP ALL","FYP","Final Year Project / Thesis Evaluations","ALL","Computer Science"
"Friday","slot-5","14:30","15:50","d-416","D-416","FYP ALL","FYP","Final Year Project / Thesis Evaluations","ALL","Computer Science"
"Friday","slot-6","15:55","17:15","d-416","D-416","FYP ALL","FYP","Final Year Project / Thesis Evaluations","ALL","Computer Science"
"Friday","lab-1","10:00","12:45","it-lab-1-d-210","IT Lab 1 (D-210)","CL1002 BCY-1B","CL1002","Programming Fundamentals - Lab","BCY-1B","Cyber Security"
"Friday","lab-3","14:30","17:15","it-lab-1-d-210","IT Lab 1 (D-210)","CL1002 BDS-1C","CL1002","Programming Fundamentals - Lab","BDS-1C","Data Science"
"Friday","lab-1","10:00","12:45","it-lab-2-d-211","IT Lab 2 (D-211)","CL1000 BSE-1E","CL1000","Introduction to Information and Communication Technology","BSE-1E","Software Engineering"
"Friday","lab-1","08:30","11:15","it-lab-3-d-213","IT Lab 3 (D-213)","CL1000 BCY-1A","CL1000","Introduction to Information and Communication Technology","BCY-1A","Cyber Security"
"Friday","lab-3","14:30","17:15","it-lab-3-d-213","IT Lab 3 (D-213)","CL1002 BCY-1D","CL1002","Programming Fundamentals - Lab","BCY-1D","Cyber Security"
"Friday","lab-3","14:30","17:15","it-lab-4-gpu-d-203","IT Lab 4-GPU (D-203)","PROJECT A","PROJECT","Project (AI/DS)","A","Computer Science"
"Friday","lab-1","08:30","11:15","margala-1-c-209","Margala 1 (C-209)","AL2002 BCY-5B","AL2002","Artificial Intelligence - Lab","BCY-5B","Artificial Intelligence"
"Friday","lab-3","14:30","17:15","margala-1-c-209","Margala 1 (C-209)","CL1004 BCS-3A","CL1004","Object Oriented Programming - Lab","BCS-3A","Computer Science"
"Friday","lab-1","08:30","11:15","margala-3-c-211","Margala 3 (C-211)","SL3001 BSE-9A","SL3001","Software Construction and Development - Lab","BSE-9A","Software Engineering"
"Friday","lab-3","14:30","17:15","margala-3-c-211","Margala 3 (C-211)","YL3002 BCY-9A","YL3002","Vulnerability Assessment and Reverse Engg - Lab","BCY-9A","Cyber Security"
"Friday","lab-1","08:30","11:15","margala-4-c-212","Margala 4 (C-212","CL2006 BDS-5A","CL2006","Operating Systems - Lab","BDS-5A","Data Science"
"Friday","lab-3","14:30","17:15","margala-4-c-212","Margala 4 (C-212","COALLAB A","COALLAB","COAL Lab (AI/DS, 24) in Rawal-1 For Today (September 04, 2026)","A","Computer Science"
"Friday","lab-1","08:30","11:15","rawal-1-c-509","Rawal 1 (C-509)","EL2003 BCS-5A","EL2003","Computer Organization and Assembly Language - Lab","BCS-5A","Electrical Engineering"
"Friday","lab-3","14:30","17:15","rawal-1-c-509","Rawal 1 (C-509)","EL2003 BAI-5A","EL2003","Computer Organization and Assembly Language - Lab BCS-5B and EL2003 Computer Organization and Assembly Language - Lab","BAI-5A","Artificial Intelligence"
"Friday","lab-1","10:00","12:45","c-rawal-4-c-512","C-Rawal 4 (C-512)","CL1004 BAI-3A","CL1004","Object Oriented Programming - Lab","BAI-3A","Artificial Intelligence"
"Friday","lab-3","14:30","17:15","c-rawal-4-c-512","C-Rawal 4 (C-512)","CL1004 BCS-3D","CL1004","Object Oriented Programming - Lab","BCS-3D","Computer Science"
"Friday","lab-1","08:30","11:15","cyber-d-514","Cyber (D-514)","CL2005 BCY-5A","CL2005","Database Systems - Lab","BCY-5A","Cyber Security"
"Friday","lab-3","14:30","17:15","cyber-d-514","Cyber (D-514)","CL2006 BCY-5A","CL2006","Operating Systems - Lab","BCY-5A","Cyber Security"
"Friday","lab-3","14:30","17:15","call-1-a-213","CALL-1 (A-213)","SL1012 BCY-1A1","SL1012","Functional English - Lab","BCY-1A1","Software Engineering"
"Friday","lab-3","14:30","17:15","call-2-a-214","CALL-2 (A-214)","SL1012 BCY-1A2","SL1012","Functional English - Lab","BCY-1A2","Software Engineering"
"Friday","lab-3","14:30","17:15","call-3-a-308","CALL-3 (A-308)","SL1012 BCY-1B1","SL1012","Functional English - Lab","BCY-1B1","Software Engineering"
"Friday","lab-3","14:30","17:15","mehran-2-a-306","Mehran-2 (A-306)","SL1012 BCY-1B2","SL1012","Functional English - Lab","BCY-1B2","Software Engineering"
"Friday","lab-3","14:30","17:15","b-digital","B-Digital"," A","",".","A","Computer Science"
"Saturday","slot-1","09:30","10:50","c-301","C-301","CS1002 BSE-1E","CS1002","Programming Fundamentals","BSE-1E","Software Engineering"
"Saturday","slot-3","11:30","12:50","c-301","C-301","CS1002 BCY-1D","CS1002","Programming Fundamentals","BCY-1D","Cyber Security"
"Saturday","lab-1","08:30","11:15","it-lab-1-d-210","IT Lab 1 (D-210)","CL1000 BDS-1C","CL1000","Introduction to Information and Communication Technology","BDS-1C","Data Science"
"Saturday","lab-3","14:30","17:15","it-lab-1-d-210","IT Lab 1 (D-210)","CL1000 BCY-1D","CL1000","Introduction to Information and Communication Technology","BCY-1D","Cyber Security"
"Saturday","lab-1","08:30","11:15","it-lab-2-d-211","IT Lab 2 (D-211)","CL1002 BAI-1B","CL1002","Programming Fundamentals - Lab","BAI-1B","Artificial Intelligence"
"Saturday","lab-2","11:30","14:15","margala-1-c-209","Margala 1 (C-209)","SL1012 BAI-1B2","SL1012","Functional English - Lab","BAI-1B2","Artificial Intelligence"
"Saturday","lab-1","08:30","11:15","margala-3-c-211","Margala 3 (C-211)","SL1012 BCY-1D1","SL1012","Functional English - Lab","BCY-1D1","Software Engineering"
"Saturday","lab-2","11:30","14:15","margala-3-c-211","Margala 3 (C-211)","SL1012 BSE-1E1","SL1012","Functional English - Lab","BSE-1E1","Software Engineering"
"Saturday","lab-3","14:30","17:15","margala-3-c-211","Margala 3 (C-211)","SL1012 BDS-1C1","SL1012","Functional English - Lab","BDS-1C1","Software Engineering"
"Saturday","lab-1","08:30","11:15","margala-4-c-212","Margala 4 (C-212","SL1012 BCY-1D2","SL1012","Functional English - Lab","BCY-1D2","Software Engineering"
"Saturday","lab-2","11:30","14:15","margala-4-c-212","Margala 4 (C-212","SL1012 BSE-1E2","SL1012","Functional English - Lab","BSE-1E2","Software Engineering"
"Saturday","lab-3","14:30","17:15","margala-4-c-212","Margala 4 (C-212","SL1012 BDS-1C2","SL1012","Functional English - Lab","BDS-1C2","Software Engineering"
"Saturday","lab-3","14:30","17:15","rawal-1-c-509","Rawal 1 (C-509)","CL1002 BSE-1E","CL1002","Programming Fundamentals - Lab","BSE-1E","Software Engineering"
"Saturday","lab-2","11:30","14:15","c-rawal-4-c-512","C-Rawal 4 (C-512)","SL1012 BAI-1B1","SL1012","Functional English - Lab","BAI-1B1","Artificial Intelligence"
